15:03:58 **** Build of configuration Debug for project first_ ****
make -j8 all 
arm-none-eabi-gcc "../Drivers/STM32F4xx_HAL_Driver/Src/stm32f4xx_hal.c" -mcpu=cortex-m4 -std=gnu11 -g3 -DDEBUG -DUSE_HAL_DRIVER -DSTM32F446xx -c -I../Core/Inc -I../Drivers/STM32F4xx_HAL_Driver/Inc -I../Drivers/STM32F4xx_HAL_Driver/Inc/Legacy -I../Drivers/CMSIS/Device/ST/STM32F4xx/Include -I../Drivers/CMSIS/Include -O0 -ffunction-sections -fdata-sections -Wall -fstack-usage -fcyclomatic-complexity -MMD -MP -MF"Drivers/STM32F4xx_HAL_Driver/Src/stm32f4xx_hal.d" -MT"Drivers/STM32F4xx_HAL_Driver/Src/stm32f4xx_hal.o" --specs=nano.specs -mfpu=fpv4-sp-d16 -mfloat-abi=hard -mthumb -o "Drivers/STM32F4xx_HAL_Driver/Src/stm32f4xx_hal.o"
arm-none-eabi-gcc "../Drivers/STM32F4xx_HAL_Driver/Src/stm32f4xx_hal_cortex.c" -mcpu=cortex-m4 -std=gnu11 -g3 -DDEBUG -DUSE_HAL_DRIVER -DSTM32F446xx -c -I../Core/Inc -I../Drivers/STM32F4xx_HAL_Driver/Inc -I../Drivers/STM32F4xx_HAL_Driver/Inc/Legacy -I../Drivers/CMSIS/Device/ST/STM32F4xx/Include -I../Drivers/CMSIS/Include -O0 -ffunction-sections -fdata-sections -Wall -fstack-usage -fcyclomatic-complexity -MMD -MP -MF"Drivers/STM32F4xx_HAL_Driver/Src/stm32f4xx_hal_cortex.d" -MT"Drivers/STM32F4xx_HAL_Driver/Src/stm32f4xx_hal_cortex.o" --specs=nano.specs -mfpu=fpv4-sp-d16 -mfloat-abi=hard -mthumb -o "Drivers/STM32F4xx_HAL_Driver/Src/stm32f4xx_hal_cortex.o"
arm-none-eabi-gcc "../Drivers/STM32F4xx_HAL_Driver/Src/stm32f4xx_hal_dma.c" -mcpu=cortex-m4 -std=gnu11 -g3 -DDEBUG -DUSE_HAL_DRIVER -DSTM32F446xx -c -I../Core/Inc -I../Drivers/STM32F4xx_HAL_Driver/Inc -I../Drivers/STM32F4xx_HAL_Driver/Inc/Legacy -I../Drivers/CMSIS/Device/ST/STM32F4xx/Include -I../Drivers/CMSIS/Include -O0 -ffunction-sections -fdata-sections -Wall -fstack-usage -fcyclomatic-complexity -MMD -MP -MF"Drivers/STM32F4xx_HAL_Driver/Src/stm32f4xx_hal_dma.d" -MT"Drivers/STM32F4xx_HAL_Driver/Src/stm32f4xx_hal_dma.o" --specs=nano.specs -mfpu=fpv4-sp-d16 -mfloat-abi=hard -mthumb -o "Drivers/STM32F4xx_HAL_Driver/Src/stm32f4xx_hal_dma.o"
arm-none-eabi-gcc "../Drivers/STM32F4xx_HAL_Driver/Src/stm32f4xx_hal_dma_ex.c" -mcpu=cortex-m4 -std=gnu11 -g3 -DDEBUG -DUSE_HAL_DRIVER -DSTM32F446xx -c -I../Core/Inc -I../Drivers/STM32F4xx_HAL_Driver/Inc -I../Drivers/STM32F4xx_HAL_Driver/Inc/Legacy -I../Drivers/CMSIS/Device/ST/STM32F4xx/Include -I../Drivers/CMSIS/Include -O0 -ffunction-sections -fdata-sections -Wall -fstack-usage -fcyclomatic-complexity -MMD -MP -MF"Drivers/STM32F4xx_HAL_Driver/Src/stm32f4xx_hal_dma_ex.d" -MT"Drivers/STM32F4xx_HAL_Driver/Src/stm32f4xx_hal_dma_ex.o" --specs=nano.specs -mfpu=fpv4-sp-d16 -mfloat-abi=hard -mthumb -o "Drivers/STM32F4xx_HAL_Driver/Src/stm32f4xx_hal_dma_ex.o"
arm-none-eabi-gcc "../Drivers/STM32F4xx_HAL_Driver/Src/stm32f4xx_hal_exti.c" -mcpu=cortex-m4 -std=gnu11 -g3 -DDEBUG -DUSE_HAL_DRIVER -DSTM32F446xx -c -I../Core/Inc -I../Drivers/STM32F4xx_HAL_Driver/Inc -I../Drivers/STM32F4xx_HAL_Driver/Inc/Legacy -I../Drivers/CMSIS/Device/ST/STM32F4xx/Include -I../Drivers/CMSIS/Include -O0 -ffunction-sections -fdata-sections -Wall -fstack-usage -fcyclomatic-complexity -MMD -MP -MF"Drivers/STM32F4xx_HAL_Driver/Src/stm32f4xx_hal_exti.d" -MT"Drivers/STM32F4xx_HAL_Driver/Src/stm32f4xx_hal_exti.o" --specs=nano.specs -mfpu=fpv4-sp-d16 -mfloat-abi=hard -mthumb -o "Drivers/STM32F4xx_HAL_Driver/Src/stm32f4xx_hal_exti.o"
arm-none-eabi-gcc "../Drivers/STM32F4xx_HAL_Driver/Src/stm32f4xx_hal_flash.c" -mcpu=cortex-m4 -std=gnu11 -g3 -DDEBUG -DUSE_HAL_DRIVER -DSTM32F446xx -c -I../Core/Inc -I../Drivers/STM32F4xx_HAL_Driver/Inc -I../Drivers/STM32F4xx_HAL_Driver/Inc/Legacy -I../Drivers/CMSIS/Device/ST/STM32F4xx/Include -I../Drivers/CMSIS/Include -O0 -ffunction-sections -fdata-sections -Wall -fstack-usage -fcyclomatic-complexity -MMD -MP -MF"Drivers/STM32F4xx_HAL_Driver/Src/stm32f4xx_hal_flash.d" -MT"Drivers/STM32F4xx_HAL_Driver/Src/stm32f4xx_hal_flash.o" --specs=nano.specs -mfpu=fpv4-sp-d16 -mfloat-abi=hard -mthumb -o "Drivers/STM32F4xx_HAL_Driver/Src/stm32f4xx_hal_flash.o"
arm-none-eabi-gcc "../Drivers/STM32F4xx_HAL_Driver/Src/stm32f4xx_hal_flash_ex.c" -mcpu=cortex-m4 -std=gnu11 -g3 -DDEBUG -DUSE_HAL_DRIVER -DSTM32F446xx -c -I../Core/Inc -I../Drivers/STM32F4xx_HAL_Driver/Inc -I../Drivers/STM32F4xx_HAL_Driver/Inc/Legacy -I../Drivers/CMSIS/Device/ST/STM32F4xx/Include -I../Drivers/CMSIS/Include -O0 -ffunction-sections -fdata-sections -Wall -fstack-usage -fcyclomatic-complexity -MMD -MP -MF"Drivers/STM32F4xx_HAL_Driver/Src/stm32f4xx_hal_flash_ex.d" -MT"Drivers/STM32F4xx_HAL_Driver/Src/stm32f4xx_hal_flash_ex.o" --specs=nano.specs -mfpu=fpv4-sp-d16 -mfloat-abi=hard -mthumb -o "Drivers/STM32F4xx_HAL_Driver/Src/stm32f4xx_hal_flash_ex.o"
arm-none-eabi-gcc "../Drivers/STM32F4xx_HAL_Driver/Src/stm32f4xx_hal_flash_ramfunc.c" -mcpu=cortex-m4 -std=gnu11 -g3 -DDEBUG -DUSE_HAL_DRIVER -DSTM32F446xx -c -I../Core/Inc -I../Drivers/STM32F4xx_HAL_Driver/Inc -I../Drivers/STM32F4xx_HAL_Driver/Inc/Legacy -I../Drivers/CMSIS/Device/ST/STM32F4xx/Include -I../Drivers/CMSIS/Include -O0 -ffunction-sections -fdata-sections -Wall -fstack-usage -fcyclomatic-complexity -MMD -MP -MF"Drivers/STM32F4xx_HAL_Driver/Src/stm32f4xx_hal_flash_ramfunc.d" -MT"Drivers/STM32F4xx_HAL_Driver/Src/stm32f4xx_hal_flash_ramfunc.o" --specs=nano.specs -mfpu=fpv4-sp-d16 -mfloat-abi=hard -mthumb -o "Drivers/STM32F4xx_HAL_Driver/Src/stm32f4xx_hal_flash_ramfunc.o"
arm-none-eabi-gcc "../Drivers/STM32F4xx_HAL_Driver/Src/stm32f4xx_hal_gpio.c" -mcpu=cortex-m4 -std=gnu11 -g3 -DDEBUG -DUSE_HAL_DRIVER -DSTM32F446xx -c -I../Core/Inc -I../Drivers/STM32F4xx_HAL_Driver/Inc -I../Drivers/STM32F4xx_HAL_Driver/Inc/Legacy -I../Drivers/CMSIS/Device/ST/STM32F4xx/Include -I../Drivers/CMSIS/Include -O0 -ffunction-sections -fdata-sections -Wall -fstack-usage -fcyclomatic-complexity -MMD -MP -MF"Drivers/STM32F4xx_HAL_Driver/Src/stm32f4xx_hal_gpio.d" -MT"Drivers/STM32F4xx_HAL_Driver/Src/stm32f4xx_hal_gpio.o" --specs=nano.specs -mfpu=fpv4-sp-d16 -mfloat-abi=hard -mthumb -o "Drivers/STM32F4xx_HAL_Driver/Src/stm32f4xx_hal_gpio.o"
arm-none-eabi-gcc "../Drivers/STM32F4xx_HAL_Driver/Src/stm32f4xx_hal_pwr.c" -mcpu=cortex-m4 -std=gnu11 -g3 -DDEBUG -DUSE_HAL_DRIVER -DSTM32F446xx -c -I../Core/Inc -I../Drivers/STM32F4xx_HAL_Driver/Inc -I../Drivers/STM32F4xx_HAL_Driver/Inc/Legacy -I../Drivers/CMSIS/Device/ST/STM32F4xx/Include -I../Drivers/CMSIS/Include -O0 -ffunction-sections -fdata-sections -Wall -fstack-usage -fcyclomatic-complexity -MMD -MP -MF"Drivers/STM32F4xx_HAL_Driver/Src/stm32f4xx_hal_pwr.d" -MT"Drivers/STM32F4xx_HAL_Driver/Src/stm32f4xx_hal_pwr.o" --specs=nano.specs -mfpu=fpv4-sp-d16 -mfloat-abi=hard -mthumb -o "Drivers/STM32F4xx_HAL_Driver/Src/stm32f4xx_hal_pwr.o"
arm-none-eabi-gcc "../Drivers/STM32F4xx_HAL_Driver/Src/stm32f4xx_hal_pwr_ex.c" -mcpu=cortex-m4 -std=gnu11 -g3 -DDEBUG -DUSE_HAL_DRIVER -DSTM32F446xx -c -I../Core/Inc -I../Drivers/STM32F4xx_HAL_Driver/Inc -I../Drivers/STM32F4xx_HAL_Driver/Inc/Legacy -I../Drivers/CMSIS/Device/ST/STM32F4xx/Include -I../Drivers/CMSIS/Include -O0 -ffunction-sections -fdata-sections -Wall -fstack-usage -fcyclomatic-complexity -MMD -MP -MF"Drivers/STM32F4xx_HAL_Driver/Src/stm32f4xx_hal_pwr_ex.d" -MT"Drivers/STM32F4xx_HAL_Driver/Src/stm32f4xx_hal_pwr_ex.o" --specs=nano.specs -mfpu=fpv4-sp-d16 -mfloat-abi=hard -mthumb -o "Drivers/STM32F4xx_HAL_Driver/Src/stm32f4xx_hal_pwr_ex.o"
arm-none-eabi-gcc "../Drivers/STM32F4xx_HAL_Driver/Src/stm32f4xx_hal_rcc.c" -mcpu=cortex-m4 -std=gnu11 -g3 -DDEBUG -DUSE_HAL_DRIVER -DSTM32F446xx -c -I../Core/Inc -I../Drivers/STM32F4xx_HAL_Driver/Inc -I../Drivers/STM32F4xx_HAL_Driver/Inc/Legacy -I../Drivers/CMSIS/Device/ST/STM32F4xx/Include -I../Drivers/CMSIS/Include -O0 -ffunction-sections -fdata-sections -Wall -fstack-usage -fcyclomatic-complexity -MMD -MP -MF"Drivers/STM32F4xx_HAL_Driver/Src/stm32f4xx_hal_rcc.d" -MT"Drivers/STM32F4xx_HAL_Driver/Src/stm32f4xx_hal_rcc.o" --specs=nano.specs -mfpu=fpv4-sp-d16 -mfloat-abi=hard -mthumb -o "Drivers/STM32F4xx_HAL_Driver/Src/stm32f4xx_hal_rcc.o"
arm-none-eabi-gcc "../Drivers/STM32F4xx_HAL_Driver/Src/stm32f4xx_hal_rcc_ex.c" -mcpu=cortex-m4 -std=gnu11 -g3 -DDEBUG -DUSE_HAL_DRIVER -DSTM32F446xx -c -I../Core/Inc -I../Drivers/STM32F4xx_HAL_Driver/Inc -I../Drivers/STM32F4xx_HAL_Driver/Inc/Legacy -I../Drivers/CMSIS/Device/ST/STM32F4xx/Include -I../Drivers/CMSIS/Include -O0 -ffunction-sections -fdata-sections -Wall -fstack-usage -fcyclomatic-complexity -MMD -MP -MF"Drivers/STM32F4xx_HAL_Driver/Src/stm32f4xx_hal_rcc_ex.d" -MT"Drivers/STM32F4xx_HAL_Driver/Src/stm32f4xx_hal_rcc_ex.o" --specs=nano.specs -mfpu=fpv4-sp-d16 -mfloat-abi=hard -mthumb -o "Drivers/STM32F4xx_HAL_Driver/Src/stm32f4xx_hal_rcc_ex.o"
arm-none-eabi-gcc "../Drivers/STM32F4xx_HAL_Driver/Src/stm32f4xx_hal_uart.c" -mcpu=cortex-m4 -std=gnu11 -g3 -DDEBUG -DUSE_HAL_DRIVER -DSTM32F446xx -c -I../Core/Inc -I../Drivers/STM32F4xx_HAL_Driver/Inc -I../Drivers/STM32F4xx_HAL_Driver/Inc/Legacy -I../Drivers/CMSIS/Device/ST/STM32F4xx/Include -I../Drivers/CMSIS/Include -O0 -ffunction-sections -fdata-sections -Wall -fstack-usage -fcyclomatic-complexity -MMD -MP -MF"Drivers/STM32F4xx_HAL_Driver/Src/stm32f4xx_hal_uart.d" -MT"Drivers/STM32F4xx_HAL_Driver/Src/stm32f4xx_hal_uart.o" --specs=nano.specs -mfpu=fpv4-sp-d16 -mfloat-abi=hard -mthumb -o "Drivers/STM32F4xx_HAL_Driver/Src/stm32f4xx_hal_uart.o"
arm-none-eabi-gcc -mcpu=cortex-m4 -g3 -DDEBUG -c -x assembler-with-cpp -MMD -MP -MF"Core/Startup/startup_stm32f446retx.d" -MT"Core/Startup/startup_stm32f446retx.o" --specs=nano.specs -mfpu=fpv4-sp-d16 -mfloat-abi=hard -mthumb -o "Core/Startup/startup_stm32f446retx.o" "../Core/Startup/startup_stm32f446retx.s"
arm-none-eabi-gcc "../Core/Src/main.c" -mcpu=cortex-m4 -std=gnu11 -g3 -DDEBUG -DUSE_HAL_DRIVER -DSTM32F446xx -c -I../Core/Inc -I../Drivers/STM32F4xx_HAL_Driver/Inc -I../Drivers/STM32F4xx_HAL_Driver/Inc/Legacy -I../Drivers/CMSIS/Device/ST/STM32F4xx/Include -I../Drivers/CMSIS/Include -O0 -ffunction-sections -fdata-sections -Wall -fstack-usage -fcyclomatic-complexity -MMD -MP -MF"Core/Src/main.d" -MT"Core/Src/main.o" --specs=nano.specs -mfpu=fpv4-sp-d16 -mfloat-abi=hard -mthumb -o "Core/Src/main.o"
arm-none-eabi-gcc "../Core/Src/stm32f4xx_hal_msp.c" -mcpu=cortex-m4 -std=gnu11 -g3 -DDEBUG -DUSE_HAL_DRIVER -DSTM32F446xx -c -I../Core/Inc -I../Drivers/STM32F4xx_HAL_Driver/Inc -I../Drivers/STM32F4xx_HAL_Driver/Inc/Legacy -I../Drivers/CMSIS/Device/ST/STM32F4xx/Include -I../Drivers/CMSIS/Include -O0 -ffunction-sections -fdata-sections -Wall -fstack-usage -fcyclomatic-complexity -MMD -MP -MF"Core/Src/stm32f4xx_hal_msp.d" -MT"Core/Src/stm32f4xx_hal_msp.o" --specs=nano.specs -mfpu=fpv4-sp-d16 -mfloat-abi=hard -mthumb -o "Core/Src/stm32f4xx_hal_msp.o"
arm-none-eabi-gcc "../Core/Src/stm32f4xx_it.c" -mcpu=cortex-m4 -std=gnu11 -g3 -DDEBUG -DUSE_HAL_DRIVER -DSTM32F446xx -c -I../Core/Inc -I../Drivers/STM32F4xx_HAL_Driver/Inc -I../Drivers/STM32F4xx_HAL_Driver/Inc/Legacy -I../Drivers/CMSIS/Device/ST/STM32F4xx/Include -I../Drivers/CMSIS/Include -O0 -ffunction-sections -fdata-sections -Wall -fstack-usage -fcyclomatic-complexity -MMD -MP -MF"Core/Src/stm32f4xx_it.d" -MT"Core/Src/stm32f4xx_it.o" --specs=nano.specs -mfpu=fpv4-sp-d16 -mfloat-abi=hard -mthumb -o "Core/Src/stm32f4xx_it.o"
arm-none-eabi-gcc "../Core/Src/syscalls.c" -mcpu=cortex-m4 -std=gnu11 -g3 -DDEBUG -DUSE_HAL_DRIVER -DSTM32F446xx -c -I../Core/Inc -I../Drivers/STM32F4xx_HAL_Driver/Inc -I../Drivers/STM32F4xx_HAL_Driver/Inc/Legacy -I../Drivers/CMSIS/Device/ST/STM32F4xx/Include -I../Drivers/CMSIS/Include -O0 -ffunction-sections -fdata-sections -Wall -fstack-usage -fcyclomatic-complexity -MMD -MP -MF"Core/Src/syscalls.d" -MT"Core/Src/syscalls.o" --specs=nano.specs -mfpu=fpv4-sp-d16 -mfloat-abi=hard -mthumb -o "Core/Src/syscalls.o"
arm-none-eabi-gcc "../Core/Src/sysmem.c" -mcpu=cortex-m4 -std=gnu11 -g3 -DDEBUG -DUSE_HAL_DRIVER -DSTM32F446xx -c -I../Core/Inc -I../Drivers/STM32F4xx_HAL_Driver/Inc -I../Drivers/STM32F4xx_HAL_Driver/Inc/Legacy -I../Drivers/CMSIS/Device/ST/STM32F4xx/Include -I../Drivers/CMSIS/Include -O0 -ffunction-sections -fdata-sections -Wall -fstack-usage -fcyclomatic-complexity -MMD -MP -MF"Core/Src/sysmem.d" -MT"Core/Src/sysmem.o" --specs=nano.specs -mfpu=fpv4-sp-d16 -mfloat-abi=hard -mthumb -o "Core/Src/sysmem.o"
arm-none-eabi-gcc "../Core/Src/system_stm32f4xx.c" -mcpu=cortex-m4 -std=gnu11 -g3 -DDEBUG -DUSE_HAL_DRIVER -DSTM32F446xx -c -I../Core/Inc -I../Drivers/STM32F4xx_HAL_Driver/Inc -I../Drivers/STM32F4xx_HAL_Driver/Inc/Legacy -I../Drivers/CMSIS/Device/ST/STM32F4xx/Include -I../Drivers/CMSIS/Include -O0 -ffunction-sections -fdata-sections -Wall -fstack-usage -fcyclomatic-complexity -MMD -MP -MF"Core/Src/system_stm32f4xx.d" -MT"Core/Src/system_stm32f4xx.o" --specs=nano.specs -mfpu=fpv4-sp-d16 -mfloat-abi=hard -mthumb -o "Core/Src/system_stm32f4xx.o"
arm-none-eabi-gcc -o "first_.elf" @"objects.list"   -mcpu=cortex-m4 -T"C:\Study\STM32\first_class\first_\STM32F446RETX_FLASH.ld" --specs=nosys.specs -Wl,-Map="first_.map" -Wl,--gc-sections -static --specs=nano.specs -mfpu=fpv4-sp-d16 -mfloat-abi=hard -mthumb -Wl,--start-group -lc -lm -Wl,--end-group
Finished building target: first_.elf
 
arm-none-eabi-size  first_.elf 
arm-none-eabi-objdump -h -S first_.elf  > "first_.list"
   text	   data	    bss	    dec	    hex	filename
   8468	     12	   1644	  10124	   278c	first_.elf
Finished building: default.size.stdout
 
Finished building: first_.list
 
15:13:09 **** Incremental Build of configuration Debug for project first_ ****
make -j8 all 
arm-none-eabi-size  first_.elf 
   text	   data	    bss	    dec	    hex	filename
   8468	     12	   1644	  10124	   278c	first_.elf
Finished building: default.size.stdout
 
15:19:54 **** Incremental Build of configuration Debug for project first_ ****
make -j8 all 
arm-none-eabi-gcc "../Core/Src/main.c" -mcpu=cortex-m4 -std=gnu11 -g3 -DDEBUG -DUSE_HAL_DRIVER -DSTM32F446xx -c -I../Core/Inc -I../Drivers/STM32F4xx_HAL_Driver/Inc -I../Drivers/STM32F4xx_HAL_Driver/Inc/Legacy -I../Drivers/CMSIS/Device/ST/STM32F4xx/Include -I../Drivers/CMSIS/Include -O0 -ffunction-sections -fdata-sections -Wall -fstack-usage -fcyclomatic-complexity -MMD -MP -MF"Core/Src/main.d" -MT"Core/Src/main.o" --specs=nano.specs -mfpu=fpv4-sp-d16 -mfloat-abi=hard -mthumb -o "Core/Src/main.o"
arm-none-eabi-gcc -o "first_.elf" @"objects.list"   -mcpu=cortex-m4 -T"C:\Study\STM32\first_class\first_\STM32F446RETX_FLASH.ld" --specs=nosys.specs -Wl,-Map="first_.map" -Wl,--gc-sections -static --specs=nano.specs -mfpu=fpv4-sp-d16 -mfloat-abi=hard -mthumb -Wl,--start-group -lc -lm -Wl,--end-group
Finished building target: first_.elf
 
arm-none-eabi-size  first_.elf 
arm-none-eabi-objdump -h -S first_.elf  > "first_.list"
   text	   data	    bss	    dec	    hex	filename
   8544	     12	   1644	  10200	   27d8	first_.elf
Finished building: default.size.stdout
 
Finished building: first_.list
 
15:52:58 **** Incremental Build of configuration Debug for project first_ ****
make -j8 all 
arm-none-eabi-gcc "../Core/Src/main.c" -mcpu=cortex-m4 -std=gnu11 -g3 -DDEBUG -DUSE_HAL_DRIVER -DSTM32F446xx -c -I../Core/Inc -I../Drivers/STM32F4xx_HAL_Driver/Inc -I../Drivers/STM32F4xx_HAL_Driver/Inc/Legacy -I../Drivers/CMSIS/Device/ST/STM32F4xx/Include -I../Drivers/CMSIS/Include -O0 -ffunction-sections -fdata-sections -Wall -fstack-usage -fcyclomatic-complexity -MMD -MP -MF"Core/Src/main.d" -MT"Core/Src/main.o" --specs=nano.specs -mfpu=fpv4-sp-d16 -mfloat-abi=hard -mthumb -o "Core/Src/main.o"
arm-none-eabi-gcc "../Core/Src/stm32f4xx_hal_msp.c" -mcpu=cortex-m4 -std=gnu11 -g3 -DDEBUG -DUSE_HAL_DRIVER -DSTM32F446xx -c -I../Core/Inc -I../Drivers/STM32F4xx_HAL_Driver/Inc -I../Drivers/STM32F4xx_HAL_Driver/Inc/Legacy -I../Drivers/CMSIS/Device/ST/STM32F4xx/Include -I../Drivers/CMSIS/Include -O0 -ffunction-sections -fdata-sections -Wall -fstack-usage -fcyclomatic-complexity -MMD -MP -MF"Core/Src/stm32f4xx_hal_msp.d" -MT"Core/Src/stm32f4xx_hal_msp.o" --specs=nano.specs -mfpu=fpv4-sp-d16 -mfloat-abi=hard -mthumb -o "Core/Src/stm32f4xx_hal_msp.o"
arm-none-eabi-gcc "../Core/Src/stm32f4xx_it.c" -mcpu=cortex-m4 -std=gnu11 -g3 -DDEBUG -DUSE_HAL_DRIVER -DSTM32F446xx -c -I../Core/Inc -I../Drivers/STM32F4xx_HAL_Driver/Inc -I../Drivers/STM32F4xx_HAL_Driver/Inc/Legacy -I../Drivers/CMSIS/Device/ST/STM32F4xx/Include -I../Drivers/CMSIS/Include -O0 -ffunction-sections -fdata-sections -Wall -fstack-usage -fcyclomatic-complexity -MMD -MP -MF"Core/Src/stm32f4xx_it.d" -MT"Core/Src/stm32f4xx_it.o" --specs=nano.specs -mfpu=fpv4-sp-d16 -mfloat-abi=hard -mthumb -o "Core/Src/stm32f4xx_it.o"
../Core/Src/main.c: In function 'main':
../Core/Src/main.c:104:11: warning: implicit declaration of function 'Hal_Delay'; did you mean 'HAL_Delay'? [-Wimplicit-function-declaration]
  104 |           Hal_Delay(100);
      |           ^~~~~~~~~
      |           HAL_Delay
arm-none-eabi-gcc -o "first_.elf" @"objects.list"   -mcpu=cortex-m4 -T"C:\Study\STM32\first_class\first_\STM32F446RETX_FLASH.ld" --specs=nosys.specs -Wl,-Map="first_.map" -Wl,--gc-sections -static --specs=nano.specs -mfpu=fpv4-sp-d16 -mfloat-abi=hard -mthumb -Wl,--start-group -lc -lm -Wl,--end-group
C:/ST/STM32CubeIDE_1.19.0/STM32CubeIDE/plugins/com.st.stm32cube.ide.mcu.externaltools.gnu-tools-for-stm32.13.3.rel1.win32_1.0.0.202411081344/tools/bin/../lib/gcc/arm-none-eabi/13.3.1/../../../../arm-none-eabi/bin/ld.exe: ./Core/Src/main.o: in function `main':
C:/Study/STM32/first_class/first_/Debug/../Core/Src/main.c:104:(.text.main+0x34): undefined reference to `Hal_Delay'
collect2.exe: error: ld returned 1 exit status
make: *** [makefile:64: first_.elf] Error 1
"make -j8 all" terminated with exit code 2. Build might be incomplete.
15:53:47 **** Incremental Build of configuration Debug for project first_ ****
make -j8 all 
arm-none-eabi-gcc "../Core/Src/main.c" -mcpu=cortex-m4 -std=gnu11 -g3 -DDEBUG -DUSE_HAL_DRIVER -DSTM32F446xx -c -I../Core/Inc -I../Drivers/STM32F4xx_HAL_Driver/Inc -I../Drivers/STM32F4xx_HAL_Driver/Inc/Legacy -I../Drivers/CMSIS/Device/ST/STM32F4xx/Include -I../Drivers/CMSIS/Include -O0 -ffunction-sections -fdata-sections -Wall -fstack-usage -fcyclomatic-complexity -MMD -MP -MF"Core/Src/main.d" -MT"Core/Src/main.o" --specs=nano.specs -mfpu=fpv4-sp-d16 -mfloat-abi=hard -mthumb -o "Core/Src/main.o"
arm-none-eabi-gcc -o "first_.elf" @"objects.list"   -mcpu=cortex-m4 -T"C:\Study\STM32\first_class\first_\STM32F446RETX_FLASH.ld" --specs=nosys.specs -Wl,-Map="first_.map" -Wl,--gc-sections -static --specs=nano.specs -mfpu=fpv4-sp-d16 -mfloat-abi=hard -mthumb -Wl,--start-group -lc -lm -Wl,--end-group
Finished building target: first_.elf
 
arm-none-eabi-size  first_.elf 
arm-none-eabi-objdump -h -S first_.elf  > "first_.list"
   text	   data	    bss	    dec	    hex	filename
   8624	     12	   1644	  10280	   2828	first_.elf
Finished building: default.size.stdout
 
Finished building: first_.list
 
15:54:26 **** Incremental Build of configuration Debug for project first_ ****
make -j8 all 
arm-none-eabi-gcc "../Core/Src/main.c" -mcpu=cortex-m4 -std=gnu11 -g3 -DDEBUG -DUSE_HAL_DRIVER -DSTM32F446xx -c -I../Core/Inc -I../Drivers/STM32F4xx_HAL_Driver/Inc -I../Drivers/STM32F4xx_HAL_Driver/Inc/Legacy -I../Drivers/CMSIS/Device/ST/STM32F4xx/Include -I../Drivers/CMSIS/Include -O0 -ffunction-sections -fdata-sections -Wall -fstack-usage -fcyclomatic-complexity -MMD -MP -MF"Core/Src/main.d" -MT"Core/Src/main.o" --specs=nano.specs -mfpu=fpv4-sp-d16 -mfloat-abi=hard -mthumb -o "Core/Src/main.o"
arm-none-eabi-gcc -o "first_.elf" @"objects.list"   -mcpu=cortex-m4 -T"C:\Study\STM32\first_class\first_\STM32F446RETX_FLASH.ld" --specs=nosys.specs -Wl,-Map="first_.map" -Wl,--gc-sections -static --specs=nano.specs -mfpu=fpv4-sp-d16 -mfloat-abi=hard -mthumb -Wl,--start-group -lc -lm -Wl,--end-group
Finished building target: first_.elf
 
arm-none-eabi-size  first_.elf 
arm-none-eabi-objdump -h -S first_.elf  > "first_.list"
   text	   data	    bss	    dec	    hex	filename
   8624	     12	   1644	  10280	   2828	first_.elf
Finished building: default.size.stdout
 
Finished building: first_.list
 
16:03:36 **** Incremental Build of configuration Debug for project first_ ****
make -j8 all 
arm-none-eabi-gcc "../Core/Src/main.c" -mcpu=cortex-m4 -std=gnu11 -g3 -DDEBUG -DUSE_HAL_DRIVER -DSTM32F446xx -c -I../Core/Inc -I../Drivers/STM32F4xx_HAL_Driver/Inc -I../Drivers/STM32F4xx_HAL_Driver/Inc/Legacy -I../Drivers/CMSIS/Device/ST/STM32F4xx/Include -I../Drivers/CMSIS/Include -O0 -ffunction-sections -fdata-sections -Wall -fstack-usage -fcyclomatic-complexity -MMD -MP -MF"Core/Src/main.d" -MT"Core/Src/main.o" --specs=nano.specs -mfpu=fpv4-sp-d16 -mfloat-abi=hard -mthumb -o "Core/Src/main.o"
arm-none-eabi-gcc "../Core/Src/stm32f4xx_hal_msp.c" -mcpu=cortex-m4 -std=gnu11 -g3 -DDEBUG -DUSE_HAL_DRIVER -DSTM32F446xx -c -I../Core/Inc -I../Drivers/STM32F4xx_HAL_Driver/Inc -I../Drivers/STM32F4xx_HAL_Driver/Inc/Legacy -I../Drivers/CMSIS/Device/ST/STM32F4xx/Include -I../Drivers/CMSIS/Include -O0 -ffunction-sections -fdata-sections -Wall -fstack-usage -fcyclomatic-complexity -MMD -MP -MF"Core/Src/stm32f4xx_hal_msp.d" -MT"Core/Src/stm32f4xx_hal_msp.o" --specs=nano.specs -mfpu=fpv4-sp-d16 -mfloat-abi=hard -mthumb -o "Core/Src/stm32f4xx_hal_msp.o"
arm-none-eabi-gcc "../Core/Src/stm32f4xx_it.c" -mcpu=cortex-m4 -std=gnu11 -g3 -DDEBUG -DUSE_HAL_DRIVER -DSTM32F446xx -c -I../Core/Inc -I../Drivers/STM32F4xx_HAL_Driver/Inc -I../Drivers/STM32F4xx_HAL_Driver/Inc/Legacy -I../Drivers/CMSIS/Device/ST/STM32F4xx/Include -I../Drivers/CMSIS/Include -O0 -ffunction-sections -fdata-sections -Wall -fstack-usage -fcyclomatic-complexity -MMD -MP -MF"Core/Src/stm32f4xx_it.d" -MT"Core/Src/stm32f4xx_it.o" --specs=nano.specs -mfpu=fpv4-sp-d16 -mfloat-abi=hard -mthumb -o "Core/Src/stm32f4xx_it.o"
arm-none-eabi-gcc -o "first_.elf" @"objects.list"   -mcpu=cortex-m4 -T"C:\Study\STM32\first_class\first_\STM32F446RETX_FLASH.ld" --specs=nosys.specs -Wl,-Map="first_.map" -Wl,--gc-sections -static --specs=nano.specs -mfpu=fpv4-sp-d16 -mfloat-abi=hard -mthumb -Wl,--start-group -lc -lm -Wl,--end-group
Finished building target: first_.elf
 
arm-none-eabi-size  first_.elf 
arm-none-eabi-objdump -h -S first_.elf  > "first_.list"
   text	   data	    bss	    dec	    hex	filename
   8708	     12	   1644	  10364	   287c	first_.elf
Finished building: default.size.stdout
 
Finished building: first_.list
 
16:11:17 **** Incremental Build of configuration Debug for project first_ ****
make -j8 all 
arm-none-eabi-gcc "../Core/Src/main.c" -mcpu=cortex-m4 -std=gnu11 -g3 -DDEBUG -DUSE_HAL_DRIVER -DSTM32F446xx -c -I../Core/Inc -I../Drivers/STM32F4xx_HAL_Driver/Inc -I../Drivers/STM32F4xx_HAL_Driver/Inc/Legacy -I../Drivers/CMSIS/Device/ST/STM32F4xx/Include -I../Drivers/CMSIS/Include -O0 -ffunction-sections -fdata-sections -Wall -fstack-usage -fcyclomatic-complexity -MMD -MP -MF"Core/Src/main.d" -MT"Core/Src/main.o" --specs=nano.specs -mfpu=fpv4-sp-d16 -mfloat-abi=hard -mthumb -o "Core/Src/main.o"
arm-none-eabi-gcc "../Core/Src/stm32f4xx_hal_msp.c" -mcpu=cortex-m4 -std=gnu11 -g3 -DDEBUG -DUSE_HAL_DRIVER -DSTM32F446xx -c -I../Core/Inc -I../Drivers/STM32F4xx_HAL_Driver/Inc -I../Drivers/STM32F4xx_HAL_Driver/Inc/Legacy -I../Drivers/CMSIS/Device/ST/STM32F4xx/Include -I../Drivers/CMSIS/Include -O0 -ffunction-sections -fdata-sections -Wall -fstack-usage -fcyclomatic-complexity -MMD -MP -MF"Core/Src/stm32f4xx_hal_msp.d" -MT"Core/Src/stm32f4xx_hal_msp.o" --specs=nano.specs -mfpu=fpv4-sp-d16 -mfloat-abi=hard -mthumb -o "Core/Src/stm32f4xx_hal_msp.o"
arm-none-eabi-gcc "../Core/Src/stm32f4xx_it.c" -mcpu=cortex-m4 -std=gnu11 -g3 -DDEBUG -DUSE_HAL_DRIVER -DSTM32F446xx -c -I../Core/Inc -I../Drivers/STM32F4xx_HAL_Driver/Inc -I../Drivers/STM32F4xx_HAL_Driver/Inc/Legacy -I../Drivers/CMSIS/Device/ST/STM32F4xx/Include -I../Drivers/CMSIS/Include -O0 -ffunction-sections -fdata-sections -Wall -fstack-usage -fcyclomatic-complexity -MMD -MP -MF"Core/Src/stm32f4xx_it.d" -MT"Core/Src/stm32f4xx_it.o" --specs=nano.specs -mfpu=fpv4-sp-d16 -mfloat-abi=hard -mthumb -o "Core/Src/stm32f4xx_it.o"
arm-none-eabi-gcc -o "first_.elf" @"objects.list"   -mcpu=cortex-m4 -T"C:\Study\STM32\first_class\first_\STM32F446RETX_FLASH.ld" --specs=nosys.specs -Wl,-Map="first_.map" -Wl,--gc-sections -static --specs=nano.specs -mfpu=fpv4-sp-d16 -mfloat-abi=hard -mthumb -Wl,--start-group -lc -lm -Wl,--end-group
Finished building target: first_.elf
 
arm-none-eabi-size  first_.elf 
arm-none-eabi-objdump -h -S first_.elf  > "first_.list"
   text	   data	    bss	    dec	    hex	filename
   8640	     12	   1644	  10296	   2838	first_.elf
Finished building: default.size.stdout
 
Finished building: first_.list
 
16:13:50 **** Incremental Build of configuration Debug for project first_ ****
make -j8 all 
arm-none-eabi-gcc "../Core/Src/main.c" -mcpu=cortex-m4 -std=gnu11 -g3 -DDEBUG -DUSE_HAL_DRIVER -DSTM32F446xx -c -I../Core/Inc -I../Drivers/STM32F4xx_HAL_Driver/Inc -I../Drivers/STM32F4xx_HAL_Driver/Inc/Legacy -I../Drivers/CMSIS/Device/ST/STM32F4xx/Include -I../Drivers/CMSIS/Include -O0 -ffunction-sections -fdata-sections -Wall -fstack-usage -fcyclomatic-complexity -MMD -MP -MF"Core/Src/main.d" -MT"Core/Src/main.o" --specs=nano.specs -mfpu=fpv4-sp-d16 -mfloat-abi=hard -mthumb -o "Core/Src/main.o"
arm-none-eabi-gcc "../Core/Src/stm32f4xx_hal_msp.c" -mcpu=cortex-m4 -std=gnu11 -g3 -DDEBUG -DUSE_HAL_DRIVER -DSTM32F446xx -c -I../Core/Inc -I../Drivers/STM32F4xx_HAL_Driver/Inc -I../Drivers/STM32F4xx_HAL_Driver/Inc/Legacy -I../Drivers/CMSIS/Device/ST/STM32F4xx/Include -I../Drivers/CMSIS/Include -O0 -ffunction-sections -fdata-sections -Wall -fstack-usage -fcyclomatic-complexity -MMD -MP -MF"Core/Src/stm32f4xx_hal_msp.d" -MT"Core/Src/stm32f4xx_hal_msp.o" --specs=nano.specs -mfpu=fpv4-sp-d16 -mfloat-abi=hard -mthumb -o "Core/Src/stm32f4xx_hal_msp.o"
arm-none-eabi-gcc "../Core/Src/stm32f4xx_it.c" -mcpu=cortex-m4 -std=gnu11 -g3 -DDEBUG -DUSE_HAL_DRIVER -DSTM32F446xx -c -I../Core/Inc -I../Drivers/STM32F4xx_HAL_Driver/Inc -I../Drivers/STM32F4xx_HAL_Driver/Inc/Legacy -I../Drivers/CMSIS/Device/ST/STM32F4xx/Include -I../Drivers/CMSIS/Include -O0 -ffunction-sections -fdata-sections -Wall -fstack-usage -fcyclomatic-complexity -MMD -MP -MF"Core/Src/stm32f4xx_it.d" -MT"Core/Src/stm32f4xx_it.o" --specs=nano.specs -mfpu=fpv4-sp-d16 -mfloat-abi=hard -mthumb -o "Core/Src/stm32f4xx_it.o"
arm-none-eabi-gcc -o "first_.elf" @"objects.list"   -mcpu=cortex-m4 -T"C:\Study\STM32\first_class\first_\STM32F446RETX_FLASH.ld" --specs=nosys.specs -Wl,-Map="first_.map" -Wl,--gc-sections -static --specs=nano.specs -mfpu=fpv4-sp-d16 -mfloat-abi=hard -mthumb -Wl,--start-group -lc -lm -Wl,--end-group
Finished building target: first_.elf
 
arm-none-eabi-size  first_.elf 
arm-none-eabi-objdump -h -S first_.elf  > "first_.list"
   text	   data	    bss	    dec	    hex	filename
   8600	     12	   1644	  10256	   2810	first_.elf
Finished building: default.size.stdout
 
Finished building: first_.list
 
16:16:51 **** Incremental Build of configuration Debug for project first_ ****
make -j8 all 
arm-none-eabi-gcc "../Core/Src/main.c" -mcpu=cortex-m4 -std=gnu11 -g3 -DDEBUG -DUSE_HAL_DRIVER -DSTM32F446xx -c -I../Core/Inc -I../Drivers/STM32F4xx_HAL_Driver/Inc -I../Drivers/STM32F4xx_HAL_Driver/Inc/Legacy -I../Drivers/CMSIS/Device/ST/STM32F4xx/Include -I../Drivers/CMSIS/Include -O0 -ffunction-sections -fdata-sections -Wall -fstack-usage -fcyclomatic-complexity -MMD -MP -MF"Core/Src/main.d" -MT"Core/Src/main.o" --specs=nano.specs -mfpu=fpv4-sp-d16 -mfloat-abi=hard -mthumb -o "Core/Src/main.o"
arm-none-eabi-gcc "../Core/Src/stm32f4xx_hal_msp.c" -mcpu=cortex-m4 -std=gnu11 -g3 -DDEBUG -DUSE_HAL_DRIVER -DSTM32F446xx -c -I../Core/Inc -I../Drivers/STM32F4xx_HAL_Driver/Inc -I../Drivers/STM32F4xx_HAL_Driver/Inc/Legacy -I../Drivers/CMSIS/Device/ST/STM32F4xx/Include -I../Drivers/CMSIS/Include -O0 -ffunction-sections -fdata-sections -Wall -fstack-usage -fcyclomatic-complexity -MMD -MP -MF"Core/Src/stm32f4xx_hal_msp.d" -MT"Core/Src/stm32f4xx_hal_msp.o" --specs=nano.specs -mfpu=fpv4-sp-d16 -mfloat-abi=hard -mthumb -o "Core/Src/stm32f4xx_hal_msp.o"
arm-none-eabi-gcc "../Core/Src/stm32f4xx_it.c" -mcpu=cortex-m4 -std=gnu11 -g3 -DDEBUG -DUSE_HAL_DRIVER -DSTM32F446xx -c -I../Core/Inc -I../Drivers/STM32F4xx_HAL_Driver/Inc -I../Drivers/STM32F4xx_HAL_Driver/Inc/Legacy -I../Drivers/CMSIS/Device/ST/STM32F4xx/Include -I../Drivers/CMSIS/Include -O0 -ffunction-sections -fdata-sections -Wall -fstack-usage -fcyclomatic-complexity -MMD -MP -MF"Core/Src/stm32f4xx_it.d" -MT"Core/Src/stm32f4xx_it.o" --specs=nano.specs -mfpu=fpv4-sp-d16 -mfloat-abi=hard -mthumb -o "Core/Src/stm32f4xx_it.o"
arm-none-eabi-gcc -o "first_.elf" @"objects.list"   -mcpu=cortex-m4 -T"C:\Study\STM32\first_class\first_\STM32F446RETX_FLASH.ld" --specs=nosys.specs -Wl,-Map="first_.map" -Wl,--gc-sections -static --specs=nano.specs -mfpu=fpv4-sp-d16 -mfloat-abi=hard -mthumb -Wl,--start-group -lc -lm -Wl,--end-group
Finished building target: first_.elf
 
arm-none-eabi-size  first_.elf 
arm-none-eabi-objdump -h -S first_.elf  > "first_.list"
   text	   data	    bss	    dec	    hex	filename
   8640	     12	   1644	  10296	   2838	first_.elf
Finished building: default.size.stdout
 
Finished building: first_.list
 
16:35:37 **** Incremental Build of configuration Debug for project first_ ****
make -j8 all 
arm-none-eabi-size  first_.elf 
   text	   data	    bss	    dec	    hex	filename
   8640	     12	   1644	  10296	   2838	first_.elf
Finished building: default.size.stdout
 
13:56:39 **** Build of configuration Debug for project Hello_GPIO ****
make -j8 all 
arm-none-eabi-gcc "../Drivers/STM32F4xx_HAL_Driver/Src/stm32f4xx_hal.c" -mcpu=cortex-m4 -std=gnu11 -g3 -DDEBUG -DUSE_HAL_DRIVER -DSTM32F446xx -c -I../Core/Inc -I../Drivers/STM32F4xx_HAL_Driver/Inc -I../Drivers/STM32F4xx_HAL_Driver/Inc/Legacy -I../Drivers/CMSIS/Device/ST/STM32F4xx/Include -I../Drivers/CMSIS/Include -O0 -ffunction-sections -fdata-sections -Wall -fstack-usage -fcyclomatic-complexity -MMD -MP -MF"Drivers/STM32F4xx_HAL_Driver/Src/stm32f4xx_hal.d" -MT"Drivers/STM32F4xx_HAL_Driver/Src/stm32f4xx_hal.o" --specs=nano.specs -mfpu=fpv4-sp-d16 -mfloat-abi=hard -mthumb -o "Drivers/STM32F4xx_HAL_Driver/Src/stm32f4xx_hal.o"
arm-none-eabi-gcc "../Drivers/STM32F4xx_HAL_Driver/Src/stm32f4xx_hal_cortex.c" -mcpu=cortex-m4 -std=gnu11 -g3 -DDEBUG -DUSE_HAL_DRIVER -DSTM32F446xx -c -I../Core/Inc -I../Drivers/STM32F4xx_HAL_Driver/Inc -I../Drivers/STM32F4xx_HAL_Driver/Inc/Legacy -I../Drivers/CMSIS/Device/ST/STM32F4xx/Include -I../Drivers/CMSIS/Include -O0 -ffunction-sections -fdata-sections -Wall -fstack-usage -fcyclomatic-complexity -MMD -MP -MF"Drivers/STM32F4xx_HAL_Driver/Src/stm32f4xx_hal_cortex.d" -MT"Drivers/STM32F4xx_HAL_Driver/Src/stm32f4xx_hal_cortex.o" --specs=nano.specs -mfpu=fpv4-sp-d16 -mfloat-abi=hard -mthumb -o "Drivers/STM32F4xx_HAL_Driver/Src/stm32f4xx_hal_cortex.o"
arm-none-eabi-gcc "../Drivers/STM32F4xx_HAL_Driver/Src/stm32f4xx_hal_dma.c" -mcpu=cortex-m4 -std=gnu11 -g3 -DDEBUG -DUSE_HAL_DRIVER -DSTM32F446xx -c -I../Core/Inc -I../Drivers/STM32F4xx_HAL_Driver/Inc -I../Drivers/STM32F4xx_HAL_Driver/Inc/Legacy -I../Drivers/CMSIS/Device/ST/STM32F4xx/Include -I../Drivers/CMSIS/Include -O0 -ffunction-sections -fdata-sections -Wall -fstack-usage -fcyclomatic-complexity -MMD -MP -MF"Drivers/STM32F4xx_HAL_Driver/Src/stm32f4xx_hal_dma.d" -MT"Drivers/STM32F4xx_HAL_Driver/Src/stm32f4xx_hal_dma.o" --specs=nano.specs -mfpu=fpv4-sp-d16 -mfloat-abi=hard -mthumb -o "Drivers/STM32F4xx_HAL_Driver/Src/stm32f4xx_hal_dma.o"
arm-none-eabi-gcc "../Drivers/STM32F4xx_HAL_Driver/Src/stm32f4xx_hal_dma_ex.c" -mcpu=cortex-m4 -std=gnu11 -g3 -DDEBUG -DUSE_HAL_DRIVER -DSTM32F446xx -c -I../Core/Inc -I../Drivers/STM32F4xx_HAL_Driver/Inc -I../Drivers/STM32F4xx_HAL_Driver/Inc/Legacy -I../Drivers/CMSIS/Device/ST/STM32F4xx/Include -I../Drivers/CMSIS/Include -O0 -ffunction-sections -fdata-sections -Wall -fstack-usage -fcyclomatic-complexity -MMD -MP -MF"Drivers/STM32F4xx_HAL_Driver/Src/stm32f4xx_hal_dma_ex.d" -MT"Drivers/STM32F4xx_HAL_Driver/Src/stm32f4xx_hal_dma_ex.o" --specs=nano.specs -mfpu=fpv4-sp-d16 -mfloat-abi=hard -mthumb -o "Drivers/STM32F4xx_HAL_Driver/Src/stm32f4xx_hal_dma_ex.o"
arm-none-eabi-gcc "../Drivers/STM32F4xx_HAL_Driver/Src/stm32f4xx_hal_exti.c" -mcpu=cortex-m4 -std=gnu11 -g3 -DDEBUG -DUSE_HAL_DRIVER -DSTM32F446xx -c -I../Core/Inc -I../Drivers/STM32F4xx_HAL_Driver/Inc -I../Drivers/STM32F4xx_HAL_Driver/Inc/Legacy -I../Drivers/CMSIS/Device/ST/STM32F4xx/Include -I../Drivers/CMSIS/Include -O0 -ffunction-sections -fdata-sections -Wall -fstack-usage -fcyclomatic-complexity -MMD -MP -MF"Drivers/STM32F4xx_HAL_Driver/Src/stm32f4xx_hal_exti.d" -MT"Drivers/STM32F4xx_HAL_Driver/Src/stm32f4xx_hal_exti.o" --specs=nano.specs -mfpu=fpv4-sp-d16 -mfloat-abi=hard -mthumb -o "Drivers/STM32F4xx_HAL_Driver/Src/stm32f4xx_hal_exti.o"
arm-none-eabi-gcc "../Drivers/STM32F4xx_HAL_Driver/Src/stm32f4xx_hal_flash.c" -mcpu=cortex-m4 -std=gnu11 -g3 -DDEBUG -DUSE_HAL_DRIVER -DSTM32F446xx -c -I../Core/Inc -I../Drivers/STM32F4xx_HAL_Driver/Inc -I../Drivers/STM32F4xx_HAL_Driver/Inc/Legacy -I../Drivers/CMSIS/Device/ST/STM32F4xx/Include -I../Drivers/CMSIS/Include -O0 -ffunction-sections -fdata-sections -Wall -fstack-usage -fcyclomatic-complexity -MMD -MP -MF"Drivers/STM32F4xx_HAL_Driver/Src/stm32f4xx_hal_flash.d" -MT"Drivers/STM32F4xx_HAL_Driver/Src/stm32f4xx_hal_flash.o" --specs=nano.specs -mfpu=fpv4-sp-d16 -mfloat-abi=hard -mthumb -o "Drivers/STM32F4xx_HAL_Driver/Src/stm32f4xx_hal_flash.o"
arm-none-eabi-gcc "../Drivers/STM32F4xx_HAL_Driver/Src/stm32f4xx_hal_flash_ex.c" -mcpu=cortex-m4 -std=gnu11 -g3 -DDEBUG -DUSE_HAL_DRIVER -DSTM32F446xx -c -I../Core/Inc -I../Drivers/STM32F4xx_HAL_Driver/Inc -I../Drivers/STM32F4xx_HAL_Driver/Inc/Legacy -I../Drivers/CMSIS/Device/ST/STM32F4xx/Include -I../Drivers/CMSIS/Include -O0 -ffunction-sections -fdata-sections -Wall -fstack-usage -fcyclomatic-complexity -MMD -MP -MF"Drivers/STM32F4xx_HAL_Driver/Src/stm32f4xx_hal_flash_ex.d" -MT"Drivers/STM32F4xx_HAL_Driver/Src/stm32f4xx_hal_flash_ex.o" --specs=nano.specs -mfpu=fpv4-sp-d16 -mfloat-abi=hard -mthumb -o "Drivers/STM32F4xx_HAL_Driver/Src/stm32f4xx_hal_flash_ex.o"
arm-none-eabi-gcc "../Drivers/STM32F4xx_HAL_Driver/Src/stm32f4xx_hal_flash_ramfunc.c" -mcpu=cortex-m4 -std=gnu11 -g3 -DDEBUG -DUSE_HAL_DRIVER -DSTM32F446xx -c -I../Core/Inc -I../Drivers/STM32F4xx_HAL_Driver/Inc -I../Drivers/STM32F4xx_HAL_Driver/Inc/Legacy -I../Drivers/CMSIS/Device/ST/STM32F4xx/Include -I../Drivers/CMSIS/Include -O0 -ffunction-sections -fdata-sections -Wall -fstack-usage -fcyclomatic-complexity -MMD -MP -MF"Drivers/STM32F4xx_HAL_Driver/Src/stm32f4xx_hal_flash_ramfunc.d" -MT"Drivers/STM32F4xx_HAL_Driver/Src/stm32f4xx_hal_flash_ramfunc.o" --specs=nano.specs -mfpu=fpv4-sp-d16 -mfloat-abi=hard -mthumb -o "Drivers/STM32F4xx_HAL_Driver/Src/stm32f4xx_hal_flash_ramfunc.o"
arm-none-eabi-gcc "../Drivers/STM32F4xx_HAL_Driver/Src/stm32f4xx_hal_gpio.c" -mcpu=cortex-m4 -std=gnu11 -g3 -DDEBUG -DUSE_HAL_DRIVER -DSTM32F446xx -c -I../Core/Inc -I../Drivers/STM32F4xx_HAL_Driver/Inc -I../Drivers/STM32F4xx_HAL_Driver/Inc/Legacy -I../Drivers/CMSIS/Device/ST/STM32F4xx/Include -I../Drivers/CMSIS/Include -O0 -ffunction-sections -fdata-sections -Wall -fstack-usage -fcyclomatic-complexity -MMD -MP -MF"Drivers/STM32F4xx_HAL_Driver/Src/stm32f4xx_hal_gpio.d" -MT"Drivers/STM32F4xx_HAL_Driver/Src/stm32f4xx_hal_gpio.o" --specs=nano.specs -mfpu=fpv4-sp-d16 -mfloat-abi=hard -mthumb -o "Drivers/STM32F4xx_HAL_Driver/Src/stm32f4xx_hal_gpio.o"
arm-none-eabi-gcc "../Drivers/STM32F4xx_HAL_Driver/Src/stm32f4xx_hal_pwr.c" -mcpu=cortex-m4 -std=gnu11 -g3 -DDEBUG -DUSE_HAL_DRIVER -DSTM32F446xx -c -I../Core/Inc -I../Drivers/STM32F4xx_HAL_Driver/Inc -I../Drivers/STM32F4xx_HAL_Driver/Inc/Legacy -I../Drivers/CMSIS/Device/ST/STM32F4xx/Include -I../Drivers/CMSIS/Include -O0 -ffunction-sections -fdata-sections -Wall -fstack-usage -fcyclomatic-complexity -MMD -MP -MF"Drivers/STM32F4xx_HAL_Driver/Src/stm32f4xx_hal_pwr.d" -MT"Drivers/STM32F4xx_HAL_Driver/Src/stm32f4xx_hal_pwr.o" --specs=nano.specs -mfpu=fpv4-sp-d16 -mfloat-abi=hard -mthumb -o "Drivers/STM32F4xx_HAL_Driver/Src/stm32f4xx_hal_pwr.o"
arm-none-eabi-gcc "../Drivers/STM32F4xx_HAL_Driver/Src/stm32f4xx_hal_pwr_ex.c" -mcpu=cortex-m4 -std=gnu11 -g3 -DDEBUG -DUSE_HAL_DRIVER -DSTM32F446xx -c -I../Core/Inc -I../Drivers/STM32F4xx_HAL_Driver/Inc -I../Drivers/STM32F4xx_HAL_Driver/Inc/Legacy -I../Drivers/CMSIS/Device/ST/STM32F4xx/Include -I../Drivers/CMSIS/Include -O0 -ffunction-sections -fdata-sections -Wall -fstack-usage -fcyclomatic-complexity -MMD -MP -MF"Drivers/STM32F4xx_HAL_Driver/Src/stm32f4xx_hal_pwr_ex.d" -MT"Drivers/STM32F4xx_HAL_Driver/Src/stm32f4xx_hal_pwr_ex.o" --specs=nano.specs -mfpu=fpv4-sp-d16 -mfloat-abi=hard -mthumb -o "Drivers/STM32F4xx_HAL_Driver/Src/stm32f4xx_hal_pwr_ex.o"
arm-none-eabi-gcc "../Drivers/STM32F4xx_HAL_Driver/Src/stm32f4xx_hal_rcc.c" -mcpu=cortex-m4 -std=gnu11 -g3 -DDEBUG -DUSE_HAL_DRIVER -DSTM32F446xx -c -I../Core/Inc -I../Drivers/STM32F4xx_HAL_Driver/Inc -I../Drivers/STM32F4xx_HAL_Driver/Inc/Legacy -I../Drivers/CMSIS/Device/ST/STM32F4xx/Include -I../Drivers/CMSIS/Include -O0 -ffunction-sections -fdata-sections -Wall -fstack-usage -fcyclomatic-complexity -MMD -MP -MF"Drivers/STM32F4xx_HAL_Driver/Src/stm32f4xx_hal_rcc.d" -MT"Drivers/STM32F4xx_HAL_Driver/Src/stm32f4xx_hal_rcc.o" --specs=nano.specs -mfpu=fpv4-sp-d16 -mfloat-abi=hard -mthumb -o "Drivers/STM32F4xx_HAL_Driver/Src/stm32f4xx_hal_rcc.o"
arm-none-eabi-gcc "../Drivers/STM32F4xx_HAL_Driver/Src/stm32f4xx_hal_rcc_ex.c" -mcpu=cortex-m4 -std=gnu11 -g3 -DDEBUG -DUSE_HAL_DRIVER -DSTM32F446xx -c -I../Core/Inc -I../Drivers/STM32F4xx_HAL_Driver/Inc -I../Drivers/STM32F4xx_HAL_Driver/Inc/Legacy -I../Drivers/CMSIS/Device/ST/STM32F4xx/Include -I../Drivers/CMSIS/Include -O0 -ffunction-sections -fdata-sections -Wall -fstack-usage -fcyclomatic-complexity -MMD -MP -MF"Drivers/STM32F4xx_HAL_Driver/Src/stm32f4xx_hal_rcc_ex.d" -MT"Drivers/STM32F4xx_HAL_Driver/Src/stm32f4xx_hal_rcc_ex.o" --specs=nano.specs -mfpu=fpv4-sp-d16 -mfloat-abi=hard -mthumb -o "Drivers/STM32F4xx_HAL_Driver/Src/stm32f4xx_hal_rcc_ex.o"
arm-none-eabi-gcc -mcpu=cortex-m4 -g3 -DDEBUG -c -x assembler-with-cpp -MMD -MP -MF"Core/Startup/startup_stm32f446retx.d" -MT"Core/Startup/startup_stm32f446retx.o" --specs=nano.specs -mfpu=fpv4-sp-d16 -mfloat-abi=hard -mthumb -o "Core/Startup/startup_stm32f446retx.o" "../Core/Startup/startup_stm32f446retx.s"
arm-none-eabi-gcc "../Core/Src/main.c" -mcpu=cortex-m4 -std=gnu11 -g3 -DDEBUG -DUSE_HAL_DRIVER -DSTM32F446xx -c -I../Core/Inc -I../Drivers/STM32F4xx_HAL_Driver/Inc -I../Drivers/STM32F4xx_HAL_Driver/Inc/Legacy -I../Drivers/CMSIS/Device/ST/STM32F4xx/Include -I../Drivers/CMSIS/Include -O0 -ffunction-sections -fdata-sections -Wall -fstack-usage -fcyclomatic-complexity -MMD -MP -MF"Core/Src/main.d" -MT"Core/Src/main.o" --specs=nano.specs -mfpu=fpv4-sp-d16 -mfloat-abi=hard -mthumb -o "Core/Src/main.o"
arm-none-eabi-gcc "../Core/Src/stm32f4xx_hal_msp.c" -mcpu=cortex-m4 -std=gnu11 -g3 -DDEBUG -DUSE_HAL_DRIVER -DSTM32F446xx -c -I../Core/Inc -I../Drivers/STM32F4xx_HAL_Driver/Inc -I../Drivers/STM32F4xx_HAL_Driver/Inc/Legacy -I../Drivers/CMSIS/Device/ST/STM32F4xx/Include -I../Drivers/CMSIS/Include -O0 -ffunction-sections -fdata-sections -Wall -fstack-usage -fcyclomatic-complexity -MMD -MP -MF"Core/Src/stm32f4xx_hal_msp.d" -MT"Core/Src/stm32f4xx_hal_msp.o" --specs=nano.specs -mfpu=fpv4-sp-d16 -mfloat-abi=hard -mthumb -o "Core/Src/stm32f4xx_hal_msp.o"
arm-none-eabi-gcc "../Core/Src/stm32f4xx_it.c" -mcpu=cortex-m4 -std=gnu11 -g3 -DDEBUG -DUSE_HAL_DRIVER -DSTM32F446xx -c -I../Core/Inc -I../Drivers/STM32F4xx_HAL_Driver/Inc -I../Drivers/STM32F4xx_HAL_Driver/Inc/Legacy -I../Drivers/CMSIS/Device/ST/STM32F4xx/Include -I../Drivers/CMSIS/Include -O0 -ffunction-sections -fdata-sections -Wall -fstack-usage -fcyclomatic-complexity -MMD -MP -MF"Core/Src/stm32f4xx_it.d" -MT"Core/Src/stm32f4xx_it.o" --specs=nano.specs -mfpu=fpv4-sp-d16 -mfloat-abi=hard -mthumb -o "Core/Src/stm32f4xx_it.o"
arm-none-eabi-gcc "../Core/Src/syscalls.c" -mcpu=cortex-m4 -std=gnu11 -g3 -DDEBUG -DUSE_HAL_DRIVER -DSTM32F446xx -c -I../Core/Inc -I../Drivers/STM32F4xx_HAL_Driver/Inc -I../Drivers/STM32F4xx_HAL_Driver/Inc/Legacy -I../Drivers/CMSIS/Device/ST/STM32F4xx/Include -I../Drivers/CMSIS/Include -O0 -ffunction-sections -fdata-sections -Wall -fstack-usage -fcyclomatic-complexity -MMD -MP -MF"Core/Src/syscalls.d" -MT"Core/Src/syscalls.o" --specs=nano.specs -mfpu=fpv4-sp-d16 -mfloat-abi=hard -mthumb -o "Core/Src/syscalls.o"
arm-none-eabi-gcc "../Core/Src/sysmem.c" -mcpu=cortex-m4 -std=gnu11 -g3 -DDEBUG -DUSE_HAL_DRIVER -DSTM32F446xx -c -I../Core/Inc -I../Drivers/STM32F4xx_HAL_Driver/Inc -I../Drivers/STM32F4xx_HAL_Driver/Inc/Legacy -I../Drivers/CMSIS/Device/ST/STM32F4xx/Include -I../Drivers/CMSIS/Include -O0 -ffunction-sections -fdata-sections -Wall -fstack-usage -fcyclomatic-complexity -MMD -MP -MF"Core/Src/sysmem.d" -MT"Core/Src/sysmem.o" --specs=nano.specs -mfpu=fpv4-sp-d16 -mfloat-abi=hard -mthumb -o "Core/Src/sysmem.o"
arm-none-eabi-gcc "../Core/Src/system_stm32f4xx.c" -mcpu=cortex-m4 -std=gnu11 -g3 -DDEBUG -DUSE_HAL_DRIVER -DSTM32F446xx -c -I../Core/Inc -I../Drivers/STM32F4xx_HAL_Driver/Inc -I../Drivers/STM32F4xx_HAL_Driver/Inc/Legacy -I../Drivers/CMSIS/Device/ST/STM32F4xx/Include -I../Drivers/CMSIS/Include -O0 -ffunction-sections -fdata-sections -Wall -fstack-usage -fcyclomatic-complexity -MMD -MP -MF"Core/Src/system_stm32f4xx.d" -MT"Core/Src/system_stm32f4xx.o" --specs=nano.specs -mfpu=fpv4-sp-d16 -mfloat-abi=hard -mthumb -o "Core/Src/system_stm32f4xx.o"
arm-none-eabi-gcc -o "Hello_GPIO.elf" @"objects.list"   -mcpu=cortex-m4 -T"C:\Study\STM32\first_class\Hello_GPIO\STM32F446RETX_FLASH.ld" --specs=nosys.specs -Wl,-Map="Hello_GPIO.map" -Wl,--gc-sections -static --specs=nano.specs -mfpu=fpv4-sp-d16 -mfloat-abi=hard -mthumb -Wl,--start-group -lc -lm -Wl,--end-group
Finished building target: Hello_GPIO.elf
 
arm-none-eabi-size  Hello_GPIO.elf 
arm-none-eabi-objdump -h -S Hello_GPIO.elf  > "Hello_GPIO.list"
   text	   data	    bss	    dec	    hex	filename
   6528	     12	   1572	   8112	   1fb0	Hello_GPIO.elf
Finished building: default.size.stdout
 
Finished building: Hello_GPIO.list
 
13:56:59 **** Incremental Build of configuration Debug for project Hello_GPIO ****
make -j8 all 
arm-none-eabi-size  Hello_GPIO.elf 
   text	   data	    bss	    dec	    hex	filename
   6528	     12	   1572	   8112	   1fb0	Hello_GPIO.elf
Finished building: default.size.stdout
 
13:57:39 **** Incremental Build of configuration Debug for project first_ ****
make -j8 all 
arm-none-eabi-size  first_.elf 
   text	   data	    bss	    dec	    hex	filename
   8640	     12	   1644	  10296	   2838	first_.elf
Finished building: default.size.stdout
 
14:01:16 **** Incremental Build of configuration Debug for project Hello_GPIO ****
make -j8 all 
arm-none-eabi-size  Hello_GPIO.elf 
   text	   data	    bss	    dec	    hex	filename
   6528	     12	   1572	   8112	   1fb0	Hello_GPIO.elf
Finished building: default.size.stdout
 
15:20:57 **** Incremental Build of configuration Debug for project Hello_GPIO ****
make -j8 all 
arm-none-eabi-gcc "../Core/Src/main.c" -mcpu=cortex-m4 -std=gnu11 -g3 -DDEBUG -DUSE_HAL_DRIVER -DSTM32F446xx -c -I../Core/Inc -I../Drivers/STM32F4xx_HAL_Driver/Inc -I../Drivers/STM32F4xx_HAL_Driver/Inc/Legacy -I../Drivers/CMSIS/Device/ST/STM32F4xx/Include -I../Drivers/CMSIS/Include -O0 -ffunction-sections -fdata-sections -Wall -fstack-usage -fcyclomatic-complexity -MMD -MP -MF"Core/Src/main.d" -MT"Core/Src/main.o" --specs=nano.specs -mfpu=fpv4-sp-d16 -mfloat-abi=hard -mthumb -o "Core/Src/main.o"
arm-none-eabi-gcc -o "Hello_GPIO.elf" @"objects.list"   -mcpu=cortex-m4 -T"C:\Study\STM32\first_class\Hello_GPIO\STM32F446RETX_FLASH.ld" --specs=nosys.specs -Wl,-Map="Hello_GPIO.map" -Wl,--gc-sections -static --specs=nano.specs -mfpu=fpv4-sp-d16 -mfloat-abi=hard -mthumb -Wl,--start-group -lc -lm -Wl,--end-group
Finished building target: Hello_GPIO.elf
 
arm-none-eabi-size  Hello_GPIO.elf 
arm-none-eabi-objdump -h -S Hello_GPIO.elf  > "Hello_GPIO.list"
   text	   data	    bss	    dec	    hex	filename
   6528	     12	   1572	   8112	   1fb0	Hello_GPIO.elf
Finished building: default.size.stdout
 
Finished building: Hello_GPIO.list
 
14:31:27 **** Incremental Build of configuration Debug for project Hello_GPIO ****
make -j8 all 
arm-none-eabi-gcc "../Core/Src/main.c" -mcpu=cortex-m4 -std=gnu11 -g3 -DDEBUG -DUSE_HAL_DRIVER -DSTM32F446xx -c -I../Core/Inc -I../Drivers/STM32F4xx_HAL_Driver/Inc -I../Drivers/STM32F4xx_HAL_Driver/Inc/Legacy -I../Drivers/CMSIS/Device/ST/STM32F4xx/Include -I../Drivers/CMSIS/Include -O0 -ffunction-sections -fdata-sections -Wall -fstack-usage -fcyclomatic-complexity -MMD -MP -MF"Core/Src/main.d" -MT"Core/Src/main.o" --specs=nano.specs -mfpu=fpv4-sp-d16 -mfloat-abi=hard -mthumb -o "Core/Src/main.o"
arm-none-eabi-gcc -o "Hello_GPIO.elf" @"objects.list"   -mcpu=cortex-m4 -T"C:\Study\STM32\first_class\Hello_GPIO\STM32F446RETX_FLASH.ld" --specs=nosys.specs -Wl,-Map="Hello_GPIO.map" -Wl,--gc-sections -static --specs=nano.specs -mfpu=fpv4-sp-d16 -mfloat-abi=hard -mthumb -Wl,--start-group -lc -lm -Wl,--end-group
Finished building target: Hello_GPIO.elf
 
arm-none-eabi-size  Hello_GPIO.elf 
arm-none-eabi-objdump -h -S Hello_GPIO.elf  > "Hello_GPIO.list"
   text	   data	    bss	    dec	    hex	filename
   6464	     12	   1572	   8048	   1f70	Hello_GPIO.elf
Finished building: default.size.stdout
 
Finished building: Hello_GPIO.list
 
15:48:04 **** Build of configuration Debug for project GPIO_HAL_X ****
make -j8 all 
arm-none-eabi-gcc "../Drivers/STM32F4xx_HAL_Driver/Src/stm32f4xx_hal.c" -mcpu=cortex-m4 -std=gnu11 -g3 -DDEBUG -DUSE_HAL_DRIVER -DSTM32F446xx -c -I../Core/Inc -I../Drivers/STM32F4xx_HAL_Driver/Inc -I../Drivers/STM32F4xx_HAL_Driver/Inc/Legacy -I../Drivers/CMSIS/Device/ST/STM32F4xx/Include -I../Drivers/CMSIS/Include -O0 -ffunction-sections -fdata-sections -Wall -fstack-usage -fcyclomatic-complexity -MMD -MP -MF"Drivers/STM32F4xx_HAL_Driver/Src/stm32f4xx_hal.d" -MT"Drivers/STM32F4xx_HAL_Driver/Src/stm32f4xx_hal.o" --specs=nano.specs -mfpu=fpv4-sp-d16 -mfloat-abi=hard -mthumb -o "Drivers/STM32F4xx_HAL_Driver/Src/stm32f4xx_hal.o"
arm-none-eabi-gcc "../Drivers/STM32F4xx_HAL_Driver/Src/stm32f4xx_hal_cortex.c" -mcpu=cortex-m4 -std=gnu11 -g3 -DDEBUG -DUSE_HAL_DRIVER -DSTM32F446xx -c -I../Core/Inc -I../Drivers/STM32F4xx_HAL_Driver/Inc -I../Drivers/STM32F4xx_HAL_Driver/Inc/Legacy -I../Drivers/CMSIS/Device/ST/STM32F4xx/Include -I../Drivers/CMSIS/Include -O0 -ffunction-sections -fdata-sections -Wall -fstack-usage -fcyclomatic-complexity -MMD -MP -MF"Drivers/STM32F4xx_HAL_Driver/Src/stm32f4xx_hal_cortex.d" -MT"Drivers/STM32F4xx_HAL_Driver/Src/stm32f4xx_hal_cortex.o" --specs=nano.specs -mfpu=fpv4-sp-d16 -mfloat-abi=hard -mthumb -o "Drivers/STM32F4xx_HAL_Driver/Src/stm32f4xx_hal_cortex.o"
arm-none-eabi-gcc "../Drivers/STM32F4xx_HAL_Driver/Src/stm32f4xx_hal_dma.c" -mcpu=cortex-m4 -std=gnu11 -g3 -DDEBUG -DUSE_HAL_DRIVER -DSTM32F446xx -c -I../Core/Inc -I../Drivers/STM32F4xx_HAL_Driver/Inc -I../Drivers/STM32F4xx_HAL_Driver/Inc/Legacy -I../Drivers/CMSIS/Device/ST/STM32F4xx/Include -I../Drivers/CMSIS/Include -O0 -ffunction-sections -fdata-sections -Wall -fstack-usage -fcyclomatic-complexity -MMD -MP -MF"Drivers/STM32F4xx_HAL_Driver/Src/stm32f4xx_hal_dma.d" -MT"Drivers/STM32F4xx_HAL_Driver/Src/stm32f4xx_hal_dma.o" --specs=nano.specs -mfpu=fpv4-sp-d16 -mfloat-abi=hard -mthumb -o "Drivers/STM32F4xx_HAL_Driver/Src/stm32f4xx_hal_dma.o"
arm-none-eabi-gcc "../Drivers/STM32F4xx_HAL_Driver/Src/stm32f4xx_hal_dma_ex.c" -mcpu=cortex-m4 -std=gnu11 -g3 -DDEBUG -DUSE_HAL_DRIVER -DSTM32F446xx -c -I../Core/Inc -I../Drivers/STM32F4xx_HAL_Driver/Inc -I../Drivers/STM32F4xx_HAL_Driver/Inc/Legacy -I../Drivers/CMSIS/Device/ST/STM32F4xx/Include -I../Drivers/CMSIS/Include -O0 -ffunction-sections -fdata-sections -Wall -fstack-usage -fcyclomatic-complexity -MMD -MP -MF"Drivers/STM32F4xx_HAL_Driver/Src/stm32f4xx_hal_dma_ex.d" -MT"Drivers/STM32F4xx_HAL_Driver/Src/stm32f4xx_hal_dma_ex.o" --specs=nano.specs -mfpu=fpv4-sp-d16 -mfloat-abi=hard -mthumb -o "Drivers/STM32F4xx_HAL_Driver/Src/stm32f4xx_hal_dma_ex.o"
arm-none-eabi-gcc "../Drivers/STM32F4xx_HAL_Driver/Src/stm32f4xx_hal_exti.c" -mcpu=cortex-m4 -std=gnu11 -g3 -DDEBUG -DUSE_HAL_DRIVER -DSTM32F446xx -c -I../Core/Inc -I../Drivers/STM32F4xx_HAL_Driver/Inc -I../Drivers/STM32F4xx_HAL_Driver/Inc/Legacy -I../Drivers/CMSIS/Device/ST/STM32F4xx/Include -I../Drivers/CMSIS/Include -O0 -ffunction-sections -fdata-sections -Wall -fstack-usage -fcyclomatic-complexity -MMD -MP -MF"Drivers/STM32F4xx_HAL_Driver/Src/stm32f4xx_hal_exti.d" -MT"Drivers/STM32F4xx_HAL_Driver/Src/stm32f4xx_hal_exti.o" --specs=nano.specs -mfpu=fpv4-sp-d16 -mfloat-abi=hard -mthumb -o "Drivers/STM32F4xx_HAL_Driver/Src/stm32f4xx_hal_exti.o"
arm-none-eabi-gcc "../Drivers/STM32F4xx_HAL_Driver/Src/stm32f4xx_hal_flash.c" -mcpu=cortex-m4 -std=gnu11 -g3 -DDEBUG -DUSE_HAL_DRIVER -DSTM32F446xx -c -I../Core/Inc -I../Drivers/STM32F4xx_HAL_Driver/Inc -I../Drivers/STM32F4xx_HAL_Driver/Inc/Legacy -I../Drivers/CMSIS/Device/ST/STM32F4xx/Include -I../Drivers/CMSIS/Include -O0 -ffunction-sections -fdata-sections -Wall -fstack-usage -fcyclomatic-complexity -MMD -MP -MF"Drivers/STM32F4xx_HAL_Driver/Src/stm32f4xx_hal_flash.d" -MT"Drivers/STM32F4xx_HAL_Driver/Src/stm32f4xx_hal_flash.o" --specs=nano.specs -mfpu=fpv4-sp-d16 -mfloat-abi=hard -mthumb -o "Drivers/STM32F4xx_HAL_Driver/Src/stm32f4xx_hal_flash.o"
arm-none-eabi-gcc "../Drivers/STM32F4xx_HAL_Driver/Src/stm32f4xx_hal_flash_ex.c" -mcpu=cortex-m4 -std=gnu11 -g3 -DDEBUG -DUSE_HAL_DRIVER -DSTM32F446xx -c -I../Core/Inc -I../Drivers/STM32F4xx_HAL_Driver/Inc -I../Drivers/STM32F4xx_HAL_Driver/Inc/Legacy -I../Drivers/CMSIS/Device/ST/STM32F4xx/Include -I../Drivers/CMSIS/Include -O0 -ffunction-sections -fdata-sections -Wall -fstack-usage -fcyclomatic-complexity -MMD -MP -MF"Drivers/STM32F4xx_HAL_Driver/Src/stm32f4xx_hal_flash_ex.d" -MT"Drivers/STM32F4xx_HAL_Driver/Src/stm32f4xx_hal_flash_ex.o" --specs=nano.specs -mfpu=fpv4-sp-d16 -mfloat-abi=hard -mthumb -o "Drivers/STM32F4xx_HAL_Driver/Src/stm32f4xx_hal_flash_ex.o"
arm-none-eabi-gcc "../Drivers/STM32F4xx_HAL_Driver/Src/stm32f4xx_hal_flash_ramfunc.c" -mcpu=cortex-m4 -std=gnu11 -g3 -DDEBUG -DUSE_HAL_DRIVER -DSTM32F446xx -c -I../Core/Inc -I../Drivers/STM32F4xx_HAL_Driver/Inc -I../Drivers/STM32F4xx_HAL_Driver/Inc/Legacy -I../Drivers/CMSIS/Device/ST/STM32F4xx/Include -I../Drivers/CMSIS/Include -O0 -ffunction-sections -fdata-sections -Wall -fstack-usage -fcyclomatic-complexity -MMD -MP -MF"Drivers/STM32F4xx_HAL_Driver/Src/stm32f4xx_hal_flash_ramfunc.d" -MT"Drivers/STM32F4xx_HAL_Driver/Src/stm32f4xx_hal_flash_ramfunc.o" --specs=nano.specs -mfpu=fpv4-sp-d16 -mfloat-abi=hard -mthumb -o "Drivers/STM32F4xx_HAL_Driver/Src/stm32f4xx_hal_flash_ramfunc.o"
arm-none-eabi-gcc "../Drivers/STM32F4xx_HAL_Driver/Src/stm32f4xx_hal_gpio.c" -mcpu=cortex-m4 -std=gnu11 -g3 -DDEBUG -DUSE_HAL_DRIVER -DSTM32F446xx -c -I../Core/Inc -I../Drivers/STM32F4xx_HAL_Driver/Inc -I../Drivers/STM32F4xx_HAL_Driver/Inc/Legacy -I../Drivers/CMSIS/Device/ST/STM32F4xx/Include -I../Drivers/CMSIS/Include -O0 -ffunction-sections -fdata-sections -Wall -fstack-usage -fcyclomatic-complexity -MMD -MP -MF"Drivers/STM32F4xx_HAL_Driver/Src/stm32f4xx_hal_gpio.d" -MT"Drivers/STM32F4xx_HAL_Driver/Src/stm32f4xx_hal_gpio.o" --specs=nano.specs -mfpu=fpv4-sp-d16 -mfloat-abi=hard -mthumb -o "Drivers/STM32F4xx_HAL_Driver/Src/stm32f4xx_hal_gpio.o"
arm-none-eabi-gcc "../Drivers/STM32F4xx_HAL_Driver/Src/stm32f4xx_hal_pwr.c" -mcpu=cortex-m4 -std=gnu11 -g3 -DDEBUG -DUSE_HAL_DRIVER -DSTM32F446xx -c -I../Core/Inc -I../Drivers/STM32F4xx_HAL_Driver/Inc -I../Drivers/STM32F4xx_HAL_Driver/Inc/Legacy -I../Drivers/CMSIS/Device/ST/STM32F4xx/Include -I../Drivers/CMSIS/Include -O0 -ffunction-sections -fdata-sections -Wall -fstack-usage -fcyclomatic-complexity -MMD -MP -MF"Drivers/STM32F4xx_HAL_Driver/Src/stm32f4xx_hal_pwr.d" -MT"Drivers/STM32F4xx_HAL_Driver/Src/stm32f4xx_hal_pwr.o" --specs=nano.specs -mfpu=fpv4-sp-d16 -mfloat-abi=hard -mthumb -o "Drivers/STM32F4xx_HAL_Driver/Src/stm32f4xx_hal_pwr.o"
arm-none-eabi-gcc "../Drivers/STM32F4xx_HAL_Driver/Src/stm32f4xx_hal_pwr_ex.c" -mcpu=cortex-m4 -std=gnu11 -g3 -DDEBUG -DUSE_HAL_DRIVER -DSTM32F446xx -c -I../Core/Inc -I../Drivers/STM32F4xx_HAL_Driver/Inc -I../Drivers/STM32F4xx_HAL_Driver/Inc/Legacy -I../Drivers/CMSIS/Device/ST/STM32F4xx/Include -I../Drivers/CMSIS/Include -O0 -ffunction-sections -fdata-sections -Wall -fstack-usage -fcyclomatic-complexity -MMD -MP -MF"Drivers/STM32F4xx_HAL_Driver/Src/stm32f4xx_hal_pwr_ex.d" -MT"Drivers/STM32F4xx_HAL_Driver/Src/stm32f4xx_hal_pwr_ex.o" --specs=nano.specs -mfpu=fpv4-sp-d16 -mfloat-abi=hard -mthumb -o "Drivers/STM32F4xx_HAL_Driver/Src/stm32f4xx_hal_pwr_ex.o"
arm-none-eabi-gcc "../Drivers/STM32F4xx_HAL_Driver/Src/stm32f4xx_hal_rcc.c" -mcpu=cortex-m4 -std=gnu11 -g3 -DDEBUG -DUSE_HAL_DRIVER -DSTM32F446xx -c -I../Core/Inc -I../Drivers/STM32F4xx_HAL_Driver/Inc -I../Drivers/STM32F4xx_HAL_Driver/Inc/Legacy -I../Drivers/CMSIS/Device/ST/STM32F4xx/Include -I../Drivers/CMSIS/Include -O0 -ffunction-sections -fdata-sections -Wall -fstack-usage -fcyclomatic-complexity -MMD -MP -MF"Drivers/STM32F4xx_HAL_Driver/Src/stm32f4xx_hal_rcc.d" -MT"Drivers/STM32F4xx_HAL_Driver/Src/stm32f4xx_hal_rcc.o" --specs=nano.specs -mfpu=fpv4-sp-d16 -mfloat-abi=hard -mthumb -o "Drivers/STM32F4xx_HAL_Driver/Src/stm32f4xx_hal_rcc.o"
arm-none-eabi-gcc "../Drivers/STM32F4xx_HAL_Driver/Src/stm32f4xx_hal_rcc_ex.c" -mcpu=cortex-m4 -std=gnu11 -g3 -DDEBUG -DUSE_HAL_DRIVER -DSTM32F446xx -c -I../Core/Inc -I../Drivers/STM32F4xx_HAL_Driver/Inc -I../Drivers/STM32F4xx_HAL_Driver/Inc/Legacy -I../Drivers/CMSIS/Device/ST/STM32F4xx/Include -I../Drivers/CMSIS/Include -O0 -ffunction-sections -fdata-sections -Wall -fstack-usage -fcyclomatic-complexity -MMD -MP -MF"Drivers/STM32F4xx_HAL_Driver/Src/stm32f4xx_hal_rcc_ex.d" -MT"Drivers/STM32F4xx_HAL_Driver/Src/stm32f4xx_hal_rcc_ex.o" --specs=nano.specs -mfpu=fpv4-sp-d16 -mfloat-abi=hard -mthumb -o "Drivers/STM32F4xx_HAL_Driver/Src/stm32f4xx_hal_rcc_ex.o"
arm-none-eabi-gcc -mcpu=cortex-m4 -g3 -DDEBUG -c -x assembler-with-cpp -MMD -MP -MF"Core/Startup/startup_stm32f446rctx.d" -MT"Core/Startup/startup_stm32f446rctx.o" --specs=nano.specs -mfpu=fpv4-sp-d16 -mfloat-abi=hard -mthumb -o "Core/Startup/startup_stm32f446rctx.o" "../Core/Startup/startup_stm32f446rctx.s"
arm-none-eabi-gcc "../Core/Src/main.c" -mcpu=cortex-m4 -std=gnu11 -g3 -DDEBUG -DUSE_HAL_DRIVER -DSTM32F446xx -c -I../Core/Inc -I../Drivers/STM32F4xx_HAL_Driver/Inc -I../Drivers/STM32F4xx_HAL_Driver/Inc/Legacy -I../Drivers/CMSIS/Device/ST/STM32F4xx/Include -I../Drivers/CMSIS/Include -O0 -ffunction-sections -fdata-sections -Wall -fstack-usage -fcyclomatic-complexity -MMD -MP -MF"Core/Src/main.d" -MT"Core/Src/main.o" --specs=nano.specs -mfpu=fpv4-sp-d16 -mfloat-abi=hard -mthumb -o "Core/Src/main.o"
arm-none-eabi-gcc "../Core/Src/stm32f4xx_hal_msp.c" -mcpu=cortex-m4 -std=gnu11 -g3 -DDEBUG -DUSE_HAL_DRIVER -DSTM32F446xx -c -I../Core/Inc -I../Drivers/STM32F4xx_HAL_Driver/Inc -I../Drivers/STM32F4xx_HAL_Driver/Inc/Legacy -I../Drivers/CMSIS/Device/ST/STM32F4xx/Include -I../Drivers/CMSIS/Include -O0 -ffunction-sections -fdata-sections -Wall -fstack-usage -fcyclomatic-complexity -MMD -MP -MF"Core/Src/stm32f4xx_hal_msp.d" -MT"Core/Src/stm32f4xx_hal_msp.o" --specs=nano.specs -mfpu=fpv4-sp-d16 -mfloat-abi=hard -mthumb -o "Core/Src/stm32f4xx_hal_msp.o"
../Core/Src/main.c: In function 'main':
../Core/Src/main.c:91:32: warning: initialization of 'volatile unsigned int *' from 'int' makes pointer from integer without a cast [-Wint-conversion]
   91 |   volatile unsigned int *reg = 0x40021018;
      |                                ^~~~~~~~~~
../Core/Src/main.c:104:33: warning: initialization of 'volatile unsigned int *' from 'int' makes pointer from integer without a cast [-Wint-conversion]
  104 |   volatile unsigned int *reg2 = 0x40011010;
      |                                 ^~~~~~~~~~
../Core/Src/main.c:109:10: error: 'red2' undeclared (first use in this function); did you mean 'reg2'?
  109 |         *red2 = (0x2000 << 16);
      |          ^~~~
      |          reg2
../Core/Src/main.c:109:10: note: each undeclared identifier is reported only once for each function it appears in
make: *** [Core/Src/subdir.mk:34: Core/Src/main.o] Error 1
make: *** Waiting for unfinished jobs....
"make -j8 all" terminated with exit code 2. Build might be incomplete.
15:48:17 **** Incremental Build of configuration Debug for project GPIO_HAL_X ****
make -j8 all 
arm-none-eabi-gcc "../Core/Src/main.c" -mcpu=cortex-m4 -std=gnu11 -g3 -DDEBUG -DUSE_HAL_DRIVER -DSTM32F446xx -c -I../Core/Inc -I../Drivers/STM32F4xx_HAL_Driver/Inc -I../Drivers/STM32F4xx_HAL_Driver/Inc/Legacy -I../Drivers/CMSIS/Device/ST/STM32F4xx/Include -I../Drivers/CMSIS/Include -O0 -ffunction-sections -fdata-sections -Wall -fstack-usage -fcyclomatic-complexity -MMD -MP -MF"Core/Src/main.d" -MT"Core/Src/main.o" --specs=nano.specs -mfpu=fpv4-sp-d16 -mfloat-abi=hard -mthumb -o "Core/Src/main.o"
arm-none-eabi-gcc "../Core/Src/stm32f4xx_it.c" -mcpu=cortex-m4 -std=gnu11 -g3 -DDEBUG -DUSE_HAL_DRIVER -DSTM32F446xx -c -I../Core/Inc -I../Drivers/STM32F4xx_HAL_Driver/Inc -I../Drivers/STM32F4xx_HAL_Driver/Inc/Legacy -I../Drivers/CMSIS/Device/ST/STM32F4xx/Include -I../Drivers/CMSIS/Include -O0 -ffunction-sections -fdata-sections -Wall -fstack-usage -fcyclomatic-complexity -MMD -MP -MF"Core/Src/stm32f4xx_it.d" -MT"Core/Src/stm32f4xx_it.o" --specs=nano.specs -mfpu=fpv4-sp-d16 -mfloat-abi=hard -mthumb -o "Core/Src/stm32f4xx_it.o"
arm-none-eabi-gcc "../Core/Src/syscalls.c" -mcpu=cortex-m4 -std=gnu11 -g3 -DDEBUG -DUSE_HAL_DRIVER -DSTM32F446xx -c -I../Core/Inc -I../Drivers/STM32F4xx_HAL_Driver/Inc -I../Drivers/STM32F4xx_HAL_Driver/Inc/Legacy -I../Drivers/CMSIS/Device/ST/STM32F4xx/Include -I../Drivers/CMSIS/Include -O0 -ffunction-sections -fdata-sections -Wall -fstack-usage -fcyclomatic-complexity -MMD -MP -MF"Core/Src/syscalls.d" -MT"Core/Src/syscalls.o" --specs=nano.specs -mfpu=fpv4-sp-d16 -mfloat-abi=hard -mthumb -o "Core/Src/syscalls.o"
arm-none-eabi-gcc "../Core/Src/sysmem.c" -mcpu=cortex-m4 -std=gnu11 -g3 -DDEBUG -DUSE_HAL_DRIVER -DSTM32F446xx -c -I../Core/Inc -I../Drivers/STM32F4xx_HAL_Driver/Inc -I../Drivers/STM32F4xx_HAL_Driver/Inc/Legacy -I../Drivers/CMSIS/Device/ST/STM32F4xx/Include -I../Drivers/CMSIS/Include -O0 -ffunction-sections -fdata-sections -Wall -fstack-usage -fcyclomatic-complexity -MMD -MP -MF"Core/Src/sysmem.d" -MT"Core/Src/sysmem.o" --specs=nano.specs -mfpu=fpv4-sp-d16 -mfloat-abi=hard -mthumb -o "Core/Src/sysmem.o"
arm-none-eabi-gcc "../Core/Src/system_stm32f4xx.c" -mcpu=cortex-m4 -std=gnu11 -g3 -DDEBUG -DUSE_HAL_DRIVER -DSTM32F446xx -c -I../Core/Inc -I../Drivers/STM32F4xx_HAL_Driver/Inc -I../Drivers/STM32F4xx_HAL_Driver/Inc/Legacy -I../Drivers/CMSIS/Device/ST/STM32F4xx/Include -I../Drivers/CMSIS/Include -O0 -ffunction-sections -fdata-sections -Wall -fstack-usage -fcyclomatic-complexity -MMD -MP -MF"Core/Src/system_stm32f4xx.d" -MT"Core/Src/system_stm32f4xx.o" --specs=nano.specs -mfpu=fpv4-sp-d16 -mfloat-abi=hard -mthumb -o "Core/Src/system_stm32f4xx.o"
../Core/Src/main.c: In function 'main':
../Core/Src/main.c:91:32: warning: initialization of 'volatile unsigned int *' from 'int' makes pointer from integer without a cast [-Wint-conversion]
   91 |   volatile unsigned int *reg = 0x40021018;
      |                                ^~~~~~~~~~
../Core/Src/main.c:104:33: warning: initialization of 'volatile unsigned int *' from 'int' makes pointer from integer without a cast [-Wint-conversion]
  104 |   volatile unsigned int *reg2 = 0x40011010;
      |                                 ^~~~~~~~~~
arm-none-eabi-gcc -o "GPIO_HAL_X.elf" @"objects.list"   -mcpu=cortex-m4 -T"C:\Study\STM32\first_class\GPIO_HAL_X\STM32F446RCTX_FLASH.ld" --specs=nosys.specs -Wl,-Map="GPIO_HAL_X.map" -Wl,--gc-sections -static --specs=nano.specs -mfpu=fpv4-sp-d16 -mfloat-abi=hard -mthumb -Wl,--start-group -lc -lm -Wl,--end-group
Finished building target: GPIO_HAL_X.elf
 
arm-none-eabi-size  GPIO_HAL_X.elf 
arm-none-eabi-objdump -h -S GPIO_HAL_X.elf  > "GPIO_HAL_X.list"
   text	   data	    bss	    dec	    hex	filename
   6532	     12	   1572	   8116	   1fb4	GPIO_HAL_X.elf
Finished building: default.size.stdout
 
Finished building: GPIO_HAL_X.list
 
15:48:27 **** Incremental Build of configuration Debug for project GPIO_HAL_X ****
make -j8 all 
arm-none-eabi-size  GPIO_HAL_X.elf 
   text	   data	    bss	    dec	    hex	filename
   6532	     12	   1572	   8116	   1fb4	GPIO_HAL_X.elf
Finished building: default.size.stdout
 
14:00:36 **** Incremental Build of configuration Debug for project GPIO_HAL_X ****
make -j8 all 
arm-none-eabi-gcc "../Core/Src/main.c" -mcpu=cortex-m4 -std=gnu11 -g3 -DDEBUG -DUSE_HAL_DRIVER -DSTM32F446xx -c -I../Core/Inc -I../Drivers/STM32F4xx_HAL_Driver/Inc -I../Drivers/STM32F4xx_HAL_Driver/Inc/Legacy -I../Drivers/CMSIS/Device/ST/STM32F4xx/Include -I../Drivers/CMSIS/Include -O0 -ffunction-sections -fdata-sections -Wall -fstack-usage -fcyclomatic-complexity -MMD -MP -MF"Core/Src/main.d" -MT"Core/Src/main.o" --specs=nano.specs -mfpu=fpv4-sp-d16 -mfloat-abi=hard -mthumb -o "Core/Src/main.o"
arm-none-eabi-gcc "../Core/Src/stm32f4xx_hal_msp.c" -mcpu=cortex-m4 -std=gnu11 -g3 -DDEBUG -DUSE_HAL_DRIVER -DSTM32F446xx -c -I../Core/Inc -I../Drivers/STM32F4xx_HAL_Driver/Inc -I../Drivers/STM32F4xx_HAL_Driver/Inc/Legacy -I../Drivers/CMSIS/Device/ST/STM32F4xx/Include -I../Drivers/CMSIS/Include -O0 -ffunction-sections -fdata-sections -Wall -fstack-usage -fcyclomatic-complexity -MMD -MP -MF"Core/Src/stm32f4xx_hal_msp.d" -MT"Core/Src/stm32f4xx_hal_msp.o" --specs=nano.specs -mfpu=fpv4-sp-d16 -mfloat-abi=hard -mthumb -o "Core/Src/stm32f4xx_hal_msp.o"
arm-none-eabi-gcc "../Core/Src/stm32f4xx_it.c" -mcpu=cortex-m4 -std=gnu11 -g3 -DDEBUG -DUSE_HAL_DRIVER -DSTM32F446xx -c -I../Core/Inc -I../Drivers/STM32F4xx_HAL_Driver/Inc -I../Drivers/STM32F4xx_HAL_Driver/Inc/Legacy -I../Drivers/CMSIS/Device/ST/STM32F4xx/Include -I../Drivers/CMSIS/Include -O0 -ffunction-sections -fdata-sections -Wall -fstack-usage -fcyclomatic-complexity -MMD -MP -MF"Core/Src/stm32f4xx_it.d" -MT"Core/Src/stm32f4xx_it.o" --specs=nano.specs -mfpu=fpv4-sp-d16 -mfloat-abi=hard -mthumb -o "Core/Src/stm32f4xx_it.o"
../Core/Src/main.c: In function 'main':
../Core/Src/main.c:91:32: warning: initialization of 'volatile unsigned int *' from 'int' makes pointer from integer without a cast [-Wint-conversion]
   91 |   volatile unsigned int *reg = 0x40020014;  // AHB1 GPIOA_BASE(0x40020000) + GPIOA_ODR(0x14)
      |                                ^~~~~~~~~~
../Core/Src/main.c:104:33: warning: initialization of 'volatile unsigned int *' from 'int' makes pointer from integer without a cast [-Wint-conversion]
  104 |   volatile unsigned int *reg2 = 0x40020018;
      |                                 ^~~~~~~~~~
arm-none-eabi-gcc -o "GPIO_HAL_X.elf" @"objects.list"   -mcpu=cortex-m4 -T"C:\Study\STM32\first_class\GPIO_HAL_X\STM32F446RCTX_FLASH.ld" --specs=nosys.specs -Wl,-Map="GPIO_HAL_X.map" -Wl,--gc-sections -static --specs=nano.specs -mfpu=fpv4-sp-d16 -mfloat-abi=hard -mthumb -Wl,--start-group -lc -lm -Wl,--end-group
Finished building target: GPIO_HAL_X.elf
 
arm-none-eabi-size  GPIO_HAL_X.elf 
arm-none-eabi-objdump -h -S GPIO_HAL_X.elf  > "GPIO_HAL_X.list"
   text	   data	    bss	    dec	    hex	filename
   6464	     12	   1572	   8048	   1f70	GPIO_HAL_X.elf
Finished building: default.size.stdout
 
Finished building: GPIO_HAL_X.list
 
14:01:24 **** Incremental Build of configuration Debug for project GPIO_HAL_X ****
make -j8 all 
arm-none-eabi-gcc "../Core/Src/main.c" -mcpu=cortex-m4 -std=gnu11 -g3 -DDEBUG -DUSE_HAL_DRIVER -DSTM32F446xx -c -I../Core/Inc -I../Drivers/STM32F4xx_HAL_Driver/Inc -I../Drivers/STM32F4xx_HAL_Driver/Inc/Legacy -I../Drivers/CMSIS/Device/ST/STM32F4xx/Include -I../Drivers/CMSIS/Include -O0 -ffunction-sections -fdata-sections -Wall -fstack-usage -fcyclomatic-complexity -MMD -MP -MF"Core/Src/main.d" -MT"Core/Src/main.o" --specs=nano.specs -mfpu=fpv4-sp-d16 -mfloat-abi=hard -mthumb -o "Core/Src/main.o"
../Core/Src/main.c: In function 'main':
../Core/Src/main.c:91:32: warning: initialization of 'volatile unsigned int *' from 'int' makes pointer from integer without a cast [-Wint-conversion]
   91 |   volatile unsigned int *reg = 0x40020014;  // AHB1 GPIOA_BASE(0x40020000) + GPIOA_ODR(0x14)
      |                                ^~~~~~~~~~
../Core/Src/main.c:104:33: warning: initialization of 'volatile unsigned int *' from 'int' makes pointer from integer without a cast [-Wint-conversion]
  104 |   volatile unsigned int *reg2 = 0x40020018;
      |                                 ^~~~~~~~~~
arm-none-eabi-gcc -o "GPIO_HAL_X.elf" @"objects.list"   -mcpu=cortex-m4 -T"C:\Study\STM32\first_class\GPIO_HAL_X\STM32F446RCTX_FLASH.ld" --specs=nosys.specs -Wl,-Map="GPIO_HAL_X.map" -Wl,--gc-sections -static --specs=nano.specs -mfpu=fpv4-sp-d16 -mfloat-abi=hard -mthumb -Wl,--start-group -lc -lm -Wl,--end-group
Finished building target: GPIO_HAL_X.elf
 
arm-none-eabi-size  GPIO_HAL_X.elf 
arm-none-eabi-objdump -h -S GPIO_HAL_X.elf  > "GPIO_HAL_X.list"
   text	   data	    bss	    dec	    hex	filename
   6468	     12	   1572	   8052	   1f74	GPIO_HAL_X.elf
Finished building: default.size.stdout
 
Finished building: GPIO_HAL_X.list
 
14:52:26 **** Incremental Build of configuration Debug for project GPIO_HAL_X ****
make -j8 all 
arm-none-eabi-gcc "../Core/Src/main.c" -mcpu=cortex-m4 -std=gnu11 -g3 -DDEBUG -DUSE_HAL_DRIVER -DSTM32F446xx -c -I../Core/Inc -I../Drivers/STM32F4xx_HAL_Driver/Inc -I../Drivers/STM32F4xx_HAL_Driver/Inc/Legacy -I../Drivers/CMSIS/Device/ST/STM32F4xx/Include -I../Drivers/CMSIS/Include -O0 -ffunction-sections -fdata-sections -Wall -fstack-usage -fcyclomatic-complexity -MMD -MP -MF"Core/Src/main.d" -MT"Core/Src/main.o" --specs=nano.specs -mfpu=fpv4-sp-d16 -mfloat-abi=hard -mthumb -o "Core/Src/main.o"
../Core/Src/main.c: In function 'main':
../Core/Src/main.c:91:32: warning: initialization of 'volatile unsigned int *' from 'int' makes pointer from integer without a cast [-Wint-conversion]
   91 |   volatile unsigned int *reg = 0x40020014;  // AHB1 GPIOA_BASE(0x40020000) + GPIOA_ODR(0x14)
      |                                ^~~~~~~~~~
../Core/Src/main.c:105:33: warning: initialization of 'volatile unsigned int *' from 'int' makes pointer from integer without a cast [-Wint-conversion]
  105 |   volatile unsigned int *reg2 = 0x40020018;
      |                                 ^~~~~~~~~~
arm-none-eabi-gcc -o "GPIO_HAL_X.elf" @"objects.list"   -mcpu=cortex-m4 -T"C:\Study\STM32\first_class\GPIO_HAL_X\STM32F446RCTX_FLASH.ld" --specs=nosys.specs -Wl,-Map="GPIO_HAL_X.map" -Wl,--gc-sections -static --specs=nano.specs -mfpu=fpv4-sp-d16 -mfloat-abi=hard -mthumb -Wl,--start-group -lc -lm -Wl,--end-group
Finished building target: GPIO_HAL_X.elf
 
arm-none-eabi-size  GPIO_HAL_X.elf 
arm-none-eabi-objdump -h -S GPIO_HAL_X.elf  > "GPIO_HAL_X.list"
   text	   data	    bss	    dec	    hex	filename
   6468	     12	   1572	   8052	   1f74	GPIO_HAL_X.elf
Finished building: default.size.stdout
 
Finished building: GPIO_HAL_X.list
 
15:22:27 **** Incremental Build of configuration Debug for project GPIO_HAL_X ****
make -j8 all 
arm-none-eabi-gcc "../Core/Src/main.c" -mcpu=cortex-m4 -std=gnu11 -g3 -DDEBUG -DUSE_HAL_DRIVER -DSTM32F446xx -c -I../Core/Inc -I../Drivers/STM32F4xx_HAL_Driver/Inc -I../Drivers/STM32F4xx_HAL_Driver/Inc/Legacy -I../Drivers/CMSIS/Device/ST/STM32F4xx/Include -I../Drivers/CMSIS/Include -O0 -ffunction-sections -fdata-sections -Wall -fstack-usage -fcyclomatic-complexity -MMD -MP -MF"Core/Src/main.d" -MT"Core/Src/main.o" --specs=nano.specs -mfpu=fpv4-sp-d16 -mfloat-abi=hard -mthumb -o "Core/Src/main.o"
../Core/Src/main.c: In function 'main':
../Core/Src/main.c:91:32: warning: initialization of 'volatile unsigned int *' from 'int' makes pointer from integer without a cast [-Wint-conversion]
   91 |   volatile unsigned int *reg = 0x40020014;  // AHB1 GPIOA_BASE(0x40020000) + GPIOA_ODR(0x14)
      |                                ^~~~~~~~~~
../Core/Src/main.c:105:33: warning: initialization of 'volatile unsigned int *' from 'int' makes pointer from integer without a cast [-Wint-conversion]
  105 |   volatile unsigned int *reg2 = 0x40020018;
      |                                 ^~~~~~~~~~
arm-none-eabi-gcc -o "GPIO_HAL_X.elf" @"objects.list"   -mcpu=cortex-m4 -T"C:\Study\STM32\first_class\GPIO_HAL_X\STM32F446RCTX_FLASH.ld" --specs=nosys.specs -Wl,-Map="GPIO_HAL_X.map" -Wl,--gc-sections -static --specs=nano.specs -mfpu=fpv4-sp-d16 -mfloat-abi=hard -mthumb -Wl,--start-group -lc -lm -Wl,--end-group
Finished building target: GPIO_HAL_X.elf
 
arm-none-eabi-size  GPIO_HAL_X.elf 
arm-none-eabi-objdump -h -S GPIO_HAL_X.elf  > "GPIO_HAL_X.list"
   text	   data	    bss	    dec	    hex	filename
   6468	     12	   1572	   8052	   1f74	GPIO_HAL_X.elf
Finished building: default.size.stdout
 
Finished building: GPIO_HAL_X.list
 
15:06:54 **** Build of configuration Debug for project LED_control ****
make -j8 all 
arm-none-eabi-gcc "../Drivers/STM32F4xx_HAL_Driver/Src/stm32f4xx_hal.c" -mcpu=cortex-m4 -std=gnu11 -g3 -DDEBUG -DUSE_HAL_DRIVER -DSTM32F446xx -c -I../Core/Inc -I../Drivers/STM32F4xx_HAL_Driver/Inc -I../Drivers/STM32F4xx_HAL_Driver/Inc/Legacy -I../Drivers/CMSIS/Device/ST/STM32F4xx/Include -I../Drivers/CMSIS/Include -O0 -ffunction-sections -fdata-sections -Wall -fstack-usage -fcyclomatic-complexity -MMD -MP -MF"Drivers/STM32F4xx_HAL_Driver/Src/stm32f4xx_hal.d" -MT"Drivers/STM32F4xx_HAL_Driver/Src/stm32f4xx_hal.o" --specs=nano.specs -mfpu=fpv4-sp-d16 -mfloat-abi=hard -mthumb -o "Drivers/STM32F4xx_HAL_Driver/Src/stm32f4xx_hal.o"
arm-none-eabi-gcc "../Drivers/STM32F4xx_HAL_Driver/Src/stm32f4xx_hal_cortex.c" -mcpu=cortex-m4 -std=gnu11 -g3 -DDEBUG -DUSE_HAL_DRIVER -DSTM32F446xx -c -I../Core/Inc -I../Drivers/STM32F4xx_HAL_Driver/Inc -I../Drivers/STM32F4xx_HAL_Driver/Inc/Legacy -I../Drivers/CMSIS/Device/ST/STM32F4xx/Include -I../Drivers/CMSIS/Include -O0 -ffunction-sections -fdata-sections -Wall -fstack-usage -fcyclomatic-complexity -MMD -MP -MF"Drivers/STM32F4xx_HAL_Driver/Src/stm32f4xx_hal_cortex.d" -MT"Drivers/STM32F4xx_HAL_Driver/Src/stm32f4xx_hal_cortex.o" --specs=nano.specs -mfpu=fpv4-sp-d16 -mfloat-abi=hard -mthumb -o "Drivers/STM32F4xx_HAL_Driver/Src/stm32f4xx_hal_cortex.o"
arm-none-eabi-gcc "../Drivers/STM32F4xx_HAL_Driver/Src/stm32f4xx_hal_dma.c" -mcpu=cortex-m4 -std=gnu11 -g3 -DDEBUG -DUSE_HAL_DRIVER -DSTM32F446xx -c -I../Core/Inc -I../Drivers/STM32F4xx_HAL_Driver/Inc -I../Drivers/STM32F4xx_HAL_Driver/Inc/Legacy -I../Drivers/CMSIS/Device/ST/STM32F4xx/Include -I../Drivers/CMSIS/Include -O0 -ffunction-sections -fdata-sections -Wall -fstack-usage -fcyclomatic-complexity -MMD -MP -MF"Drivers/STM32F4xx_HAL_Driver/Src/stm32f4xx_hal_dma.d" -MT"Drivers/STM32F4xx_HAL_Driver/Src/stm32f4xx_hal_dma.o" --specs=nano.specs -mfpu=fpv4-sp-d16 -mfloat-abi=hard -mthumb -o "Drivers/STM32F4xx_HAL_Driver/Src/stm32f4xx_hal_dma.o"
arm-none-eabi-gcc "../Drivers/STM32F4xx_HAL_Driver/Src/stm32f4xx_hal_dma_ex.c" -mcpu=cortex-m4 -std=gnu11 -g3 -DDEBUG -DUSE_HAL_DRIVER -DSTM32F446xx -c -I../Core/Inc -I../Drivers/STM32F4xx_HAL_Driver/Inc -I../Drivers/STM32F4xx_HAL_Driver/Inc/Legacy -I../Drivers/CMSIS/Device/ST/STM32F4xx/Include -I../Drivers/CMSIS/Include -O0 -ffunction-sections -fdata-sections -Wall -fstack-usage -fcyclomatic-complexity -MMD -MP -MF"Drivers/STM32F4xx_HAL_Driver/Src/stm32f4xx_hal_dma_ex.d" -MT"Drivers/STM32F4xx_HAL_Driver/Src/stm32f4xx_hal_dma_ex.o" --specs=nano.specs -mfpu=fpv4-sp-d16 -mfloat-abi=hard -mthumb -o "Drivers/STM32F4xx_HAL_Driver/Src/stm32f4xx_hal_dma_ex.o"
arm-none-eabi-gcc "../Drivers/STM32F4xx_HAL_Driver/Src/stm32f4xx_hal_exti.c" -mcpu=cortex-m4 -std=gnu11 -g3 -DDEBUG -DUSE_HAL_DRIVER -DSTM32F446xx -c -I../Core/Inc -I../Drivers/STM32F4xx_HAL_Driver/Inc -I../Drivers/STM32F4xx_HAL_Driver/Inc/Legacy -I../Drivers/CMSIS/Device/ST/STM32F4xx/Include -I../Drivers/CMSIS/Include -O0 -ffunction-sections -fdata-sections -Wall -fstack-usage -fcyclomatic-complexity -MMD -MP -MF"Drivers/STM32F4xx_HAL_Driver/Src/stm32f4xx_hal_exti.d" -MT"Drivers/STM32F4xx_HAL_Driver/Src/stm32f4xx_hal_exti.o" --specs=nano.specs -mfpu=fpv4-sp-d16 -mfloat-abi=hard -mthumb -o "Drivers/STM32F4xx_HAL_Driver/Src/stm32f4xx_hal_exti.o"
arm-none-eabi-gcc "../Drivers/STM32F4xx_HAL_Driver/Src/stm32f4xx_hal_flash.c" -mcpu=cortex-m4 -std=gnu11 -g3 -DDEBUG -DUSE_HAL_DRIVER -DSTM32F446xx -c -I../Core/Inc -I../Drivers/STM32F4xx_HAL_Driver/Inc -I../Drivers/STM32F4xx_HAL_Driver/Inc/Legacy -I../Drivers/CMSIS/Device/ST/STM32F4xx/Include -I../Drivers/CMSIS/Include -O0 -ffunction-sections -fdata-sections -Wall -fstack-usage -fcyclomatic-complexity -MMD -MP -MF"Drivers/STM32F4xx_HAL_Driver/Src/stm32f4xx_hal_flash.d" -MT"Drivers/STM32F4xx_HAL_Driver/Src/stm32f4xx_hal_flash.o" --specs=nano.specs -mfpu=fpv4-sp-d16 -mfloat-abi=hard -mthumb -o "Drivers/STM32F4xx_HAL_Driver/Src/stm32f4xx_hal_flash.o"
arm-none-eabi-gcc "../Drivers/STM32F4xx_HAL_Driver/Src/stm32f4xx_hal_flash_ex.c" -mcpu=cortex-m4 -std=gnu11 -g3 -DDEBUG -DUSE_HAL_DRIVER -DSTM32F446xx -c -I../Core/Inc -I../Drivers/STM32F4xx_HAL_Driver/Inc -I../Drivers/STM32F4xx_HAL_Driver/Inc/Legacy -I../Drivers/CMSIS/Device/ST/STM32F4xx/Include -I../Drivers/CMSIS/Include -O0 -ffunction-sections -fdata-sections -Wall -fstack-usage -fcyclomatic-complexity -MMD -MP -MF"Drivers/STM32F4xx_HAL_Driver/Src/stm32f4xx_hal_flash_ex.d" -MT"Drivers/STM32F4xx_HAL_Driver/Src/stm32f4xx_hal_flash_ex.o" --specs=nano.specs -mfpu=fpv4-sp-d16 -mfloat-abi=hard -mthumb -o "Drivers/STM32F4xx_HAL_Driver/Src/stm32f4xx_hal_flash_ex.o"
arm-none-eabi-gcc "../Drivers/STM32F4xx_HAL_Driver/Src/stm32f4xx_hal_flash_ramfunc.c" -mcpu=cortex-m4 -std=gnu11 -g3 -DDEBUG -DUSE_HAL_DRIVER -DSTM32F446xx -c -I../Core/Inc -I../Drivers/STM32F4xx_HAL_Driver/Inc -I../Drivers/STM32F4xx_HAL_Driver/Inc/Legacy -I../Drivers/CMSIS/Device/ST/STM32F4xx/Include -I../Drivers/CMSIS/Include -O0 -ffunction-sections -fdata-sections -Wall -fstack-usage -fcyclomatic-complexity -MMD -MP -MF"Drivers/STM32F4xx_HAL_Driver/Src/stm32f4xx_hal_flash_ramfunc.d" -MT"Drivers/STM32F4xx_HAL_Driver/Src/stm32f4xx_hal_flash_ramfunc.o" --specs=nano.specs -mfpu=fpv4-sp-d16 -mfloat-abi=hard -mthumb -o "Drivers/STM32F4xx_HAL_Driver/Src/stm32f4xx_hal_flash_ramfunc.o"
arm-none-eabi-gcc "../Drivers/STM32F4xx_HAL_Driver/Src/stm32f4xx_hal_gpio.c" -mcpu=cortex-m4 -std=gnu11 -g3 -DDEBUG -DUSE_HAL_DRIVER -DSTM32F446xx -c -I../Core/Inc -I../Drivers/STM32F4xx_HAL_Driver/Inc -I../Drivers/STM32F4xx_HAL_Driver/Inc/Legacy -I../Drivers/CMSIS/Device/ST/STM32F4xx/Include -I../Drivers/CMSIS/Include -O0 -ffunction-sections -fdata-sections -Wall -fstack-usage -fcyclomatic-complexity -MMD -MP -MF"Drivers/STM32F4xx_HAL_Driver/Src/stm32f4xx_hal_gpio.d" -MT"Drivers/STM32F4xx_HAL_Driver/Src/stm32f4xx_hal_gpio.o" --specs=nano.specs -mfpu=fpv4-sp-d16 -mfloat-abi=hard -mthumb -o "Drivers/STM32F4xx_HAL_Driver/Src/stm32f4xx_hal_gpio.o"
arm-none-eabi-gcc "../Drivers/STM32F4xx_HAL_Driver/Src/stm32f4xx_hal_pwr.c" -mcpu=cortex-m4 -std=gnu11 -g3 -DDEBUG -DUSE_HAL_DRIVER -DSTM32F446xx -c -I../Core/Inc -I../Drivers/STM32F4xx_HAL_Driver/Inc -I../Drivers/STM32F4xx_HAL_Driver/Inc/Legacy -I../Drivers/CMSIS/Device/ST/STM32F4xx/Include -I../Drivers/CMSIS/Include -O0 -ffunction-sections -fdata-sections -Wall -fstack-usage -fcyclomatic-complexity -MMD -MP -MF"Drivers/STM32F4xx_HAL_Driver/Src/stm32f4xx_hal_pwr.d" -MT"Drivers/STM32F4xx_HAL_Driver/Src/stm32f4xx_hal_pwr.o" --specs=nano.specs -mfpu=fpv4-sp-d16 -mfloat-abi=hard -mthumb -o "Drivers/STM32F4xx_HAL_Driver/Src/stm32f4xx_hal_pwr.o"
arm-none-eabi-gcc "../Drivers/STM32F4xx_HAL_Driver/Src/stm32f4xx_hal_pwr_ex.c" -mcpu=cortex-m4 -std=gnu11 -g3 -DDEBUG -DUSE_HAL_DRIVER -DSTM32F446xx -c -I../Core/Inc -I../Drivers/STM32F4xx_HAL_Driver/Inc -I../Drivers/STM32F4xx_HAL_Driver/Inc/Legacy -I../Drivers/CMSIS/Device/ST/STM32F4xx/Include -I../Drivers/CMSIS/Include -O0 -ffunction-sections -fdata-sections -Wall -fstack-usage -fcyclomatic-complexity -MMD -MP -MF"Drivers/STM32F4xx_HAL_Driver/Src/stm32f4xx_hal_pwr_ex.d" -MT"Drivers/STM32F4xx_HAL_Driver/Src/stm32f4xx_hal_pwr_ex.o" --specs=nano.specs -mfpu=fpv4-sp-d16 -mfloat-abi=hard -mthumb -o "Drivers/STM32F4xx_HAL_Driver/Src/stm32f4xx_hal_pwr_ex.o"
arm-none-eabi-gcc "../Drivers/STM32F4xx_HAL_Driver/Src/stm32f4xx_hal_rcc.c" -mcpu=cortex-m4 -std=gnu11 -g3 -DDEBUG -DUSE_HAL_DRIVER -DSTM32F446xx -c -I../Core/Inc -I../Drivers/STM32F4xx_HAL_Driver/Inc -I../Drivers/STM32F4xx_HAL_Driver/Inc/Legacy -I../Drivers/CMSIS/Device/ST/STM32F4xx/Include -I../Drivers/CMSIS/Include -O0 -ffunction-sections -fdata-sections -Wall -fstack-usage -fcyclomatic-complexity -MMD -MP -MF"Drivers/STM32F4xx_HAL_Driver/Src/stm32f4xx_hal_rcc.d" -MT"Drivers/STM32F4xx_HAL_Driver/Src/stm32f4xx_hal_rcc.o" --specs=nano.specs -mfpu=fpv4-sp-d16 -mfloat-abi=hard -mthumb -o "Drivers/STM32F4xx_HAL_Driver/Src/stm32f4xx_hal_rcc.o"
arm-none-eabi-gcc "../Drivers/STM32F4xx_HAL_Driver/Src/stm32f4xx_hal_rcc_ex.c" -mcpu=cortex-m4 -std=gnu11 -g3 -DDEBUG -DUSE_HAL_DRIVER -DSTM32F446xx -c -I../Core/Inc -I../Drivers/STM32F4xx_HAL_Driver/Inc -I../Drivers/STM32F4xx_HAL_Driver/Inc/Legacy -I../Drivers/CMSIS/Device/ST/STM32F4xx/Include -I../Drivers/CMSIS/Include -O0 -ffunction-sections -fdata-sections -Wall -fstack-usage -fcyclomatic-complexity -MMD -MP -MF"Drivers/STM32F4xx_HAL_Driver/Src/stm32f4xx_hal_rcc_ex.d" -MT"Drivers/STM32F4xx_HAL_Driver/Src/stm32f4xx_hal_rcc_ex.o" --specs=nano.specs -mfpu=fpv4-sp-d16 -mfloat-abi=hard -mthumb -o "Drivers/STM32F4xx_HAL_Driver/Src/stm32f4xx_hal_rcc_ex.o"
arm-none-eabi-gcc -mcpu=cortex-m4 -g3 -DDEBUG -c -x assembler-with-cpp -MMD -MP -MF"Core/Startup/startup_stm32f446retx.d" -MT"Core/Startup/startup_stm32f446retx.o" --specs=nano.specs -mfpu=fpv4-sp-d16 -mfloat-abi=hard -mthumb -o "Core/Startup/startup_stm32f446retx.o" "../Core/Startup/startup_stm32f446retx.s"
arm-none-eabi-gcc "../Core/Src/main.c" -mcpu=cortex-m4 -std=gnu11 -g3 -DDEBUG -DUSE_HAL_DRIVER -DSTM32F446xx -c -I../Core/Inc -I../Drivers/STM32F4xx_HAL_Driver/Inc -I../Drivers/STM32F4xx_HAL_Driver/Inc/Legacy -I../Drivers/CMSIS/Device/ST/STM32F4xx/Include -I../Drivers/CMSIS/Include -O0 -ffunction-sections -fdata-sections -Wall -fstack-usage -fcyclomatic-complexity -MMD -MP -MF"Core/Src/main.d" -MT"Core/Src/main.o" --specs=nano.specs -mfpu=fpv4-sp-d16 -mfloat-abi=hard -mthumb -o "Core/Src/main.o"
arm-none-eabi-gcc "../Core/Src/stm32f4xx_hal_msp.c" -mcpu=cortex-m4 -std=gnu11 -g3 -DDEBUG -DUSE_HAL_DRIVER -DSTM32F446xx -c -I../Core/Inc -I../Drivers/STM32F4xx_HAL_Driver/Inc -I../Drivers/STM32F4xx_HAL_Driver/Inc/Legacy -I../Drivers/CMSIS/Device/ST/STM32F4xx/Include -I../Drivers/CMSIS/Include -O0 -ffunction-sections -fdata-sections -Wall -fstack-usage -fcyclomatic-complexity -MMD -MP -MF"Core/Src/stm32f4xx_hal_msp.d" -MT"Core/Src/stm32f4xx_hal_msp.o" --specs=nano.specs -mfpu=fpv4-sp-d16 -mfloat-abi=hard -mthumb -o "Core/Src/stm32f4xx_hal_msp.o"
arm-none-eabi-gcc "../Core/Src/stm32f4xx_it.c" -mcpu=cortex-m4 -std=gnu11 -g3 -DDEBUG -DUSE_HAL_DRIVER -DSTM32F446xx -c -I../Core/Inc -I../Drivers/STM32F4xx_HAL_Driver/Inc -I../Drivers/STM32F4xx_HAL_Driver/Inc/Legacy -I../Drivers/CMSIS/Device/ST/STM32F4xx/Include -I../Drivers/CMSIS/Include -O0 -ffunction-sections -fdata-sections -Wall -fstack-usage -fcyclomatic-complexity -MMD -MP -MF"Core/Src/stm32f4xx_it.d" -MT"Core/Src/stm32f4xx_it.o" --specs=nano.specs -mfpu=fpv4-sp-d16 -mfloat-abi=hard -mthumb -o "Core/Src/stm32f4xx_it.o"
arm-none-eabi-gcc "../Core/Src/syscalls.c" -mcpu=cortex-m4 -std=gnu11 -g3 -DDEBUG -DUSE_HAL_DRIVER -DSTM32F446xx -c -I../Core/Inc -I../Drivers/STM32F4xx_HAL_Driver/Inc -I../Drivers/STM32F4xx_HAL_Driver/Inc/Legacy -I../Drivers/CMSIS/Device/ST/STM32F4xx/Include -I../Drivers/CMSIS/Include -O0 -ffunction-sections -fdata-sections -Wall -fstack-usage -fcyclomatic-complexity -MMD -MP -MF"Core/Src/syscalls.d" -MT"Core/Src/syscalls.o" --specs=nano.specs -mfpu=fpv4-sp-d16 -mfloat-abi=hard -mthumb -o "Core/Src/syscalls.o"
arm-none-eabi-gcc "../Core/Src/sysmem.c" -mcpu=cortex-m4 -std=gnu11 -g3 -DDEBUG -DUSE_HAL_DRIVER -DSTM32F446xx -c -I../Core/Inc -I../Drivers/STM32F4xx_HAL_Driver/Inc -I../Drivers/STM32F4xx_HAL_Driver/Inc/Legacy -I../Drivers/CMSIS/Device/ST/STM32F4xx/Include -I../Drivers/CMSIS/Include -O0 -ffunction-sections -fdata-sections -Wall -fstack-usage -fcyclomatic-complexity -MMD -MP -MF"Core/Src/sysmem.d" -MT"Core/Src/sysmem.o" --specs=nano.specs -mfpu=fpv4-sp-d16 -mfloat-abi=hard -mthumb -o "Core/Src/sysmem.o"
arm-none-eabi-gcc "../Core/Src/system_stm32f4xx.c" -mcpu=cortex-m4 -std=gnu11 -g3 -DDEBUG -DUSE_HAL_DRIVER -DSTM32F446xx -c -I../Core/Inc -I../Drivers/STM32F4xx_HAL_Driver/Inc -I../Drivers/STM32F4xx_HAL_Driver/Inc/Legacy -I../Drivers/CMSIS/Device/ST/STM32F4xx/Include -I../Drivers/CMSIS/Include -O0 -ffunction-sections -fdata-sections -Wall -fstack-usage -fcyclomatic-complexity -MMD -MP -MF"Core/Src/system_stm32f4xx.d" -MT"Core/Src/system_stm32f4xx.o" --specs=nano.specs -mfpu=fpv4-sp-d16 -mfloat-abi=hard -mthumb -o "Core/Src/system_stm32f4xx.o"
arm-none-eabi-gcc -o "LED_control.elf" @"objects.list"   -mcpu=cortex-m4 -T"C:\Study\STM32\OJ_tube\LED_control\STM32F446RETX_FLASH.ld" --specs=nosys.specs -Wl,-Map="LED_control.map" -Wl,--gc-sections -static --specs=nano.specs -mfpu=fpv4-sp-d16 -mfloat-abi=hard -mthumb -Wl,--start-group -lc -lm -Wl,--end-group
Finished building target: LED_control.elf
 
arm-none-eabi-size  LED_control.elf 
arm-none-eabi-objdump -h -S LED_control.elf  > "LED_control.list"
   text	   data	    bss	    dec	    hex	filename
   6404	     12	   1572	   7988	   1f34	LED_control.elf
Finished building: default.size.stdout
 
Finished building: LED_control.list
 
15:07:17 **** Incremental Build of configuration Debug for project LED_control ****
make -j8 all 
arm-none-eabi-size  LED_control.elf 
   text	   data	    bss	    dec	    hex	filename
   6404	     12	   1572	   7988	   1f34	LED_control.elf
Finished building: default.size.stdout
 
15:29:42 **** Incremental Build of configuration Debug for project LED_control ****
make -j8 all 
arm-none-eabi-gcc "../Core/Src/main.c" -mcpu=cortex-m4 -std=gnu11 -g3 -DDEBUG -DUSE_HAL_DRIVER -DSTM32F446xx -c -I../Core/Inc -I../Drivers/STM32F4xx_HAL_Driver/Inc -I../Drivers/STM32F4xx_HAL_Driver/Inc/Legacy -I../Drivers/CMSIS/Device/ST/STM32F4xx/Include -I../Drivers/CMSIS/Include -O0 -ffunction-sections -fdata-sections -Wall -fstack-usage -fcyclomatic-complexity -MMD -MP -MF"Core/Src/main.d" -MT"Core/Src/main.o" --specs=nano.specs -mfpu=fpv4-sp-d16 -mfloat-abi=hard -mthumb -o "Core/Src/main.o"
arm-none-eabi-gcc -o "LED_control.elf" @"objects.list"   -mcpu=cortex-m4 -T"C:\Study\STM32\OJ_tube\LED_control\STM32F446RETX_FLASH.ld" --specs=nosys.specs -Wl,-Map="LED_control.map" -Wl,--gc-sections -static --specs=nano.specs -mfpu=fpv4-sp-d16 -mfloat-abi=hard -mthumb -Wl,--start-group -lc -lm -Wl,--end-group
Finished building target: LED_control.elf
 
arm-none-eabi-size  LED_control.elf 
arm-none-eabi-objdump -h -S LED_control.elf  > "LED_control.list"
   text	   data	    bss	    dec	    hex	filename
   6404	     12	   1572	   7988	   1f34	LED_control.elf
Finished building: default.size.stdout
 
Finished building: LED_control.list
 
17:18:33 **** Build of configuration Debug for project switch_test ****
make -j8 all 
arm-none-eabi-gcc "../Drivers/STM32F4xx_HAL_Driver/Src/stm32f4xx_hal.c" -mcpu=cortex-m4 -std=gnu11 -g3 -DDEBUG -DUSE_HAL_DRIVER -DSTM32F446xx -c -I../Core/Inc -I../Drivers/STM32F4xx_HAL_Driver/Inc -I../Drivers/STM32F4xx_HAL_Driver/Inc/Legacy -I../Drivers/CMSIS/Device/ST/STM32F4xx/Include -I../Drivers/CMSIS/Include -O0 -ffunction-sections -fdata-sections -Wall -fstack-usage -fcyclomatic-complexity -MMD -MP -MF"Drivers/STM32F4xx_HAL_Driver/Src/stm32f4xx_hal.d" -MT"Drivers/STM32F4xx_HAL_Driver/Src/stm32f4xx_hal.o" --specs=nano.specs -mfpu=fpv4-sp-d16 -mfloat-abi=hard -mthumb -o "Drivers/STM32F4xx_HAL_Driver/Src/stm32f4xx_hal.o"
arm-none-eabi-gcc "../Drivers/STM32F4xx_HAL_Driver/Src/stm32f4xx_hal_cortex.c" -mcpu=cortex-m4 -std=gnu11 -g3 -DDEBUG -DUSE_HAL_DRIVER -DSTM32F446xx -c -I../Core/Inc -I../Drivers/STM32F4xx_HAL_Driver/Inc -I../Drivers/STM32F4xx_HAL_Driver/Inc/Legacy -I../Drivers/CMSIS/Device/ST/STM32F4xx/Include -I../Drivers/CMSIS/Include -O0 -ffunction-sections -fdata-sections -Wall -fstack-usage -fcyclomatic-complexity -MMD -MP -MF"Drivers/STM32F4xx_HAL_Driver/Src/stm32f4xx_hal_cortex.d" -MT"Drivers/STM32F4xx_HAL_Driver/Src/stm32f4xx_hal_cortex.o" --specs=nano.specs -mfpu=fpv4-sp-d16 -mfloat-abi=hard -mthumb -o "Drivers/STM32F4xx_HAL_Driver/Src/stm32f4xx_hal_cortex.o"
arm-none-eabi-gcc "../Drivers/STM32F4xx_HAL_Driver/Src/stm32f4xx_hal_dma.c" -mcpu=cortex-m4 -std=gnu11 -g3 -DDEBUG -DUSE_HAL_DRIVER -DSTM32F446xx -c -I../Core/Inc -I../Drivers/STM32F4xx_HAL_Driver/Inc -I../Drivers/STM32F4xx_HAL_Driver/Inc/Legacy -I../Drivers/CMSIS/Device/ST/STM32F4xx/Include -I../Drivers/CMSIS/Include -O0 -ffunction-sections -fdata-sections -Wall -fstack-usage -fcyclomatic-complexity -MMD -MP -MF"Drivers/STM32F4xx_HAL_Driver/Src/stm32f4xx_hal_dma.d" -MT"Drivers/STM32F4xx_HAL_Driver/Src/stm32f4xx_hal_dma.o" --specs=nano.specs -mfpu=fpv4-sp-d16 -mfloat-abi=hard -mthumb -o "Drivers/STM32F4xx_HAL_Driver/Src/stm32f4xx_hal_dma.o"
arm-none-eabi-gcc "../Drivers/STM32F4xx_HAL_Driver/Src/stm32f4xx_hal_dma_ex.c" -mcpu=cortex-m4 -std=gnu11 -g3 -DDEBUG -DUSE_HAL_DRIVER -DSTM32F446xx -c -I../Core/Inc -I../Drivers/STM32F4xx_HAL_Driver/Inc -I../Drivers/STM32F4xx_HAL_Driver/Inc/Legacy -I../Drivers/CMSIS/Device/ST/STM32F4xx/Include -I../Drivers/CMSIS/Include -O0 -ffunction-sections -fdata-sections -Wall -fstack-usage -fcyclomatic-complexity -MMD -MP -MF"Drivers/STM32F4xx_HAL_Driver/Src/stm32f4xx_hal_dma_ex.d" -MT"Drivers/STM32F4xx_HAL_Driver/Src/stm32f4xx_hal_dma_ex.o" --specs=nano.specs -mfpu=fpv4-sp-d16 -mfloat-abi=hard -mthumb -o "Drivers/STM32F4xx_HAL_Driver/Src/stm32f4xx_hal_dma_ex.o"
arm-none-eabi-gcc "../Drivers/STM32F4xx_HAL_Driver/Src/stm32f4xx_hal_exti.c" -mcpu=cortex-m4 -std=gnu11 -g3 -DDEBUG -DUSE_HAL_DRIVER -DSTM32F446xx -c -I../Core/Inc -I../Drivers/STM32F4xx_HAL_Driver/Inc -I../Drivers/STM32F4xx_HAL_Driver/Inc/Legacy -I../Drivers/CMSIS/Device/ST/STM32F4xx/Include -I../Drivers/CMSIS/Include -O0 -ffunction-sections -fdata-sections -Wall -fstack-usage -fcyclomatic-complexity -MMD -MP -MF"Drivers/STM32F4xx_HAL_Driver/Src/stm32f4xx_hal_exti.d" -MT"Drivers/STM32F4xx_HAL_Driver/Src/stm32f4xx_hal_exti.o" --specs=nano.specs -mfpu=fpv4-sp-d16 -mfloat-abi=hard -mthumb -o "Drivers/STM32F4xx_HAL_Driver/Src/stm32f4xx_hal_exti.o"
arm-none-eabi-gcc "../Drivers/STM32F4xx_HAL_Driver/Src/stm32f4xx_hal_flash.c" -mcpu=cortex-m4 -std=gnu11 -g3 -DDEBUG -DUSE_HAL_DRIVER -DSTM32F446xx -c -I../Core/Inc -I../Drivers/STM32F4xx_HAL_Driver/Inc -I../Drivers/STM32F4xx_HAL_Driver/Inc/Legacy -I../Drivers/CMSIS/Device/ST/STM32F4xx/Include -I../Drivers/CMSIS/Include -O0 -ffunction-sections -fdata-sections -Wall -fstack-usage -fcyclomatic-complexity -MMD -MP -MF"Drivers/STM32F4xx_HAL_Driver/Src/stm32f4xx_hal_flash.d" -MT"Drivers/STM32F4xx_HAL_Driver/Src/stm32f4xx_hal_flash.o" --specs=nano.specs -mfpu=fpv4-sp-d16 -mfloat-abi=hard -mthumb -o "Drivers/STM32F4xx_HAL_Driver/Src/stm32f4xx_hal_flash.o"
arm-none-eabi-gcc "../Drivers/STM32F4xx_HAL_Driver/Src/stm32f4xx_hal_flash_ex.c" -mcpu=cortex-m4 -std=gnu11 -g3 -DDEBUG -DUSE_HAL_DRIVER -DSTM32F446xx -c -I../Core/Inc -I../Drivers/STM32F4xx_HAL_Driver/Inc -I../Drivers/STM32F4xx_HAL_Driver/Inc/Legacy -I../Drivers/CMSIS/Device/ST/STM32F4xx/Include -I../Drivers/CMSIS/Include -O0 -ffunction-sections -fdata-sections -Wall -fstack-usage -fcyclomatic-complexity -MMD -MP -MF"Drivers/STM32F4xx_HAL_Driver/Src/stm32f4xx_hal_flash_ex.d" -MT"Drivers/STM32F4xx_HAL_Driver/Src/stm32f4xx_hal_flash_ex.o" --specs=nano.specs -mfpu=fpv4-sp-d16 -mfloat-abi=hard -mthumb -o "Drivers/STM32F4xx_HAL_Driver/Src/stm32f4xx_hal_flash_ex.o"
arm-none-eabi-gcc "../Drivers/STM32F4xx_HAL_Driver/Src/stm32f4xx_hal_flash_ramfunc.c" -mcpu=cortex-m4 -std=gnu11 -g3 -DDEBUG -DUSE_HAL_DRIVER -DSTM32F446xx -c -I../Core/Inc -I../Drivers/STM32F4xx_HAL_Driver/Inc -I../Drivers/STM32F4xx_HAL_Driver/Inc/Legacy -I../Drivers/CMSIS/Device/ST/STM32F4xx/Include -I../Drivers/CMSIS/Include -O0 -ffunction-sections -fdata-sections -Wall -fstack-usage -fcyclomatic-complexity -MMD -MP -MF"Drivers/STM32F4xx_HAL_Driver/Src/stm32f4xx_hal_flash_ramfunc.d" -MT"Drivers/STM32F4xx_HAL_Driver/Src/stm32f4xx_hal_flash_ramfunc.o" --specs=nano.specs -mfpu=fpv4-sp-d16 -mfloat-abi=hard -mthumb -o "Drivers/STM32F4xx_HAL_Driver/Src/stm32f4xx_hal_flash_ramfunc.o"
arm-none-eabi-gcc "../Drivers/STM32F4xx_HAL_Driver/Src/stm32f4xx_hal_gpio.c" -mcpu=cortex-m4 -std=gnu11 -g3 -DDEBUG -DUSE_HAL_DRIVER -DSTM32F446xx -c -I../Core/Inc -I../Drivers/STM32F4xx_HAL_Driver/Inc -I../Drivers/STM32F4xx_HAL_Driver/Inc/Legacy -I../Drivers/CMSIS/Device/ST/STM32F4xx/Include -I../Drivers/CMSIS/Include -O0 -ffunction-sections -fdata-sections -Wall -fstack-usage -fcyclomatic-complexity -MMD -MP -MF"Drivers/STM32F4xx_HAL_Driver/Src/stm32f4xx_hal_gpio.d" -MT"Drivers/STM32F4xx_HAL_Driver/Src/stm32f4xx_hal_gpio.o" --specs=nano.specs -mfpu=fpv4-sp-d16 -mfloat-abi=hard -mthumb -o "Drivers/STM32F4xx_HAL_Driver/Src/stm32f4xx_hal_gpio.o"
arm-none-eabi-gcc "../Drivers/STM32F4xx_HAL_Driver/Src/stm32f4xx_hal_pwr.c" -mcpu=cortex-m4 -std=gnu11 -g3 -DDEBUG -DUSE_HAL_DRIVER -DSTM32F446xx -c -I../Core/Inc -I../Drivers/STM32F4xx_HAL_Driver/Inc -I../Drivers/STM32F4xx_HAL_Driver/Inc/Legacy -I../Drivers/CMSIS/Device/ST/STM32F4xx/Include -I../Drivers/CMSIS/Include -O0 -ffunction-sections -fdata-sections -Wall -fstack-usage -fcyclomatic-complexity -MMD -MP -MF"Drivers/STM32F4xx_HAL_Driver/Src/stm32f4xx_hal_pwr.d" -MT"Drivers/STM32F4xx_HAL_Driver/Src/stm32f4xx_hal_pwr.o" --specs=nano.specs -mfpu=fpv4-sp-d16 -mfloat-abi=hard -mthumb -o "Drivers/STM32F4xx_HAL_Driver/Src/stm32f4xx_hal_pwr.o"
arm-none-eabi-gcc "../Drivers/STM32F4xx_HAL_Driver/Src/stm32f4xx_hal_pwr_ex.c" -mcpu=cortex-m4 -std=gnu11 -g3 -DDEBUG -DUSE_HAL_DRIVER -DSTM32F446xx -c -I../Core/Inc -I../Drivers/STM32F4xx_HAL_Driver/Inc -I../Drivers/STM32F4xx_HAL_Driver/Inc/Legacy -I../Drivers/CMSIS/Device/ST/STM32F4xx/Include -I../Drivers/CMSIS/Include -O0 -ffunction-sections -fdata-sections -Wall -fstack-usage -fcyclomatic-complexity -MMD -MP -MF"Drivers/STM32F4xx_HAL_Driver/Src/stm32f4xx_hal_pwr_ex.d" -MT"Drivers/STM32F4xx_HAL_Driver/Src/stm32f4xx_hal_pwr_ex.o" --specs=nano.specs -mfpu=fpv4-sp-d16 -mfloat-abi=hard -mthumb -o "Drivers/STM32F4xx_HAL_Driver/Src/stm32f4xx_hal_pwr_ex.o"
arm-none-eabi-gcc "../Drivers/STM32F4xx_HAL_Driver/Src/stm32f4xx_hal_rcc.c" -mcpu=cortex-m4 -std=gnu11 -g3 -DDEBUG -DUSE_HAL_DRIVER -DSTM32F446xx -c -I../Core/Inc -I../Drivers/STM32F4xx_HAL_Driver/Inc -I../Drivers/STM32F4xx_HAL_Driver/Inc/Legacy -I../Drivers/CMSIS/Device/ST/STM32F4xx/Include -I../Drivers/CMSIS/Include -O0 -ffunction-sections -fdata-sections -Wall -fstack-usage -fcyclomatic-complexity -MMD -MP -MF"Drivers/STM32F4xx_HAL_Driver/Src/stm32f4xx_hal_rcc.d" -MT"Drivers/STM32F4xx_HAL_Driver/Src/stm32f4xx_hal_rcc.o" --specs=nano.specs -mfpu=fpv4-sp-d16 -mfloat-abi=hard -mthumb -o "Drivers/STM32F4xx_HAL_Driver/Src/stm32f4xx_hal_rcc.o"
arm-none-eabi-gcc "../Drivers/STM32F4xx_HAL_Driver/Src/stm32f4xx_hal_rcc_ex.c" -mcpu=cortex-m4 -std=gnu11 -g3 -DDEBUG -DUSE_HAL_DRIVER -DSTM32F446xx -c -I../Core/Inc -I../Drivers/STM32F4xx_HAL_Driver/Inc -I../Drivers/STM32F4xx_HAL_Driver/Inc/Legacy -I../Drivers/CMSIS/Device/ST/STM32F4xx/Include -I../Drivers/CMSIS/Include -O0 -ffunction-sections -fdata-sections -Wall -fstack-usage -fcyclomatic-complexity -MMD -MP -MF"Drivers/STM32F4xx_HAL_Driver/Src/stm32f4xx_hal_rcc_ex.d" -MT"Drivers/STM32F4xx_HAL_Driver/Src/stm32f4xx_hal_rcc_ex.o" --specs=nano.specs -mfpu=fpv4-sp-d16 -mfloat-abi=hard -mthumb -o "Drivers/STM32F4xx_HAL_Driver/Src/stm32f4xx_hal_rcc_ex.o"
arm-none-eabi-gcc -mcpu=cortex-m4 -g3 -DDEBUG -c -x assembler-with-cpp -MMD -MP -MF"Core/Startup/startup_stm32f446retx.d" -MT"Core/Startup/startup_stm32f446retx.o" --specs=nano.specs -mfpu=fpv4-sp-d16 -mfloat-abi=hard -mthumb -o "Core/Startup/startup_stm32f446retx.o" "../Core/Startup/startup_stm32f446retx.s"
arm-none-eabi-gcc "../Core/Src/main.c" -mcpu=cortex-m4 -std=gnu11 -g3 -DDEBUG -DUSE_HAL_DRIVER -DSTM32F446xx -c -I../Core/Inc -I../Drivers/STM32F4xx_HAL_Driver/Inc -I../Drivers/STM32F4xx_HAL_Driver/Inc/Legacy -I../Drivers/CMSIS/Device/ST/STM32F4xx/Include -I../Drivers/CMSIS/Include -O0 -ffunction-sections -fdata-sections -Wall -fstack-usage -fcyclomatic-complexity -MMD -MP -MF"Core/Src/main.d" -MT"Core/Src/main.o" --specs=nano.specs -mfpu=fpv4-sp-d16 -mfloat-abi=hard -mthumb -o "Core/Src/main.o"
arm-none-eabi-gcc "../Core/Src/stm32f4xx_hal_msp.c" -mcpu=cortex-m4 -std=gnu11 -g3 -DDEBUG -DUSE_HAL_DRIVER -DSTM32F446xx -c -I../Core/Inc -I../Drivers/STM32F4xx_HAL_Driver/Inc -I../Drivers/STM32F4xx_HAL_Driver/Inc/Legacy -I../Drivers/CMSIS/Device/ST/STM32F4xx/Include -I../Drivers/CMSIS/Include -O0 -ffunction-sections -fdata-sections -Wall -fstack-usage -fcyclomatic-complexity -MMD -MP -MF"Core/Src/stm32f4xx_hal_msp.d" -MT"Core/Src/stm32f4xx_hal_msp.o" --specs=nano.specs -mfpu=fpv4-sp-d16 -mfloat-abi=hard -mthumb -o "Core/Src/stm32f4xx_hal_msp.o"
arm-none-eabi-gcc "../Core/Src/stm32f4xx_it.c" -mcpu=cortex-m4 -std=gnu11 -g3 -DDEBUG -DUSE_HAL_DRIVER -DSTM32F446xx -c -I../Core/Inc -I../Drivers/STM32F4xx_HAL_Driver/Inc -I../Drivers/STM32F4xx_HAL_Driver/Inc/Legacy -I../Drivers/CMSIS/Device/ST/STM32F4xx/Include -I../Drivers/CMSIS/Include -O0 -ffunction-sections -fdata-sections -Wall -fstack-usage -fcyclomatic-complexity -MMD -MP -MF"Core/Src/stm32f4xx_it.d" -MT"Core/Src/stm32f4xx_it.o" --specs=nano.specs -mfpu=fpv4-sp-d16 -mfloat-abi=hard -mthumb -o "Core/Src/stm32f4xx_it.o"
arm-none-eabi-gcc "../Core/Src/syscalls.c" -mcpu=cortex-m4 -std=gnu11 -g3 -DDEBUG -DUSE_HAL_DRIVER -DSTM32F446xx -c -I../Core/Inc -I../Drivers/STM32F4xx_HAL_Driver/Inc -I../Drivers/STM32F4xx_HAL_Driver/Inc/Legacy -I../Drivers/CMSIS/Device/ST/STM32F4xx/Include -I../Drivers/CMSIS/Include -O0 -ffunction-sections -fdata-sections -Wall -fstack-usage -fcyclomatic-complexity -MMD -MP -MF"Core/Src/syscalls.d" -MT"Core/Src/syscalls.o" --specs=nano.specs -mfpu=fpv4-sp-d16 -mfloat-abi=hard -mthumb -o "Core/Src/syscalls.o"
arm-none-eabi-gcc "../Core/Src/sysmem.c" -mcpu=cortex-m4 -std=gnu11 -g3 -DDEBUG -DUSE_HAL_DRIVER -DSTM32F446xx -c -I../Core/Inc -I../Drivers/STM32F4xx_HAL_Driver/Inc -I../Drivers/STM32F4xx_HAL_Driver/Inc/Legacy -I../Drivers/CMSIS/Device/ST/STM32F4xx/Include -I../Drivers/CMSIS/Include -O0 -ffunction-sections -fdata-sections -Wall -fstack-usage -fcyclomatic-complexity -MMD -MP -MF"Core/Src/sysmem.d" -MT"Core/Src/sysmem.o" --specs=nano.specs -mfpu=fpv4-sp-d16 -mfloat-abi=hard -mthumb -o "Core/Src/sysmem.o"
arm-none-eabi-gcc "../Core/Src/system_stm32f4xx.c" -mcpu=cortex-m4 -std=gnu11 -g3 -DDEBUG -DUSE_HAL_DRIVER -DSTM32F446xx -c -I../Core/Inc -I../Drivers/STM32F4xx_HAL_Driver/Inc -I../Drivers/STM32F4xx_HAL_Driver/Inc/Legacy -I../Drivers/CMSIS/Device/ST/STM32F4xx/Include -I../Drivers/CMSIS/Include -O0 -ffunction-sections -fdata-sections -Wall -fstack-usage -fcyclomatic-complexity -MMD -MP -MF"Core/Src/system_stm32f4xx.d" -MT"Core/Src/system_stm32f4xx.o" --specs=nano.specs -mfpu=fpv4-sp-d16 -mfloat-abi=hard -mthumb -o "Core/Src/system_stm32f4xx.o"
arm-none-eabi-gcc -o "switch_test.elf" @"objects.list"   -mcpu=cortex-m4 -T"C:\Study\STM32\OJ_tube\switch_test\STM32F446RETX_FLASH.ld" --specs=nosys.specs -Wl,-Map="switch_test.map" -Wl,--gc-sections -static --specs=nano.specs -mfpu=fpv4-sp-d16 -mfloat-abi=hard -mthumb -Wl,--start-group -lc -lm -Wl,--end-group
Finished building target: switch_test.elf
 
arm-none-eabi-size  switch_test.elf 
arm-none-eabi-objdump -h -S switch_test.elf  > "switch_test.list"
   text	   data	    bss	    dec	    hex	filename
   6380	     12	   1572	   7964	   1f1c	switch_test.elf
Finished building: default.size.stdout
 
Finished building: switch_test.list
 
17:18:41 **** Incremental Build of configuration Debug for project switch_test ****
make -j8 all 
arm-none-eabi-size  switch_test.elf 
   text	   data	    bss	    dec	    hex	filename
   6380	     12	   1572	   7964	   1f1c	switch_test.elf
Finished building: default.size.stdout
 
17:35:12 **** Build of configuration Debug for project LED_control_switch ****
make -j8 all 
arm-none-eabi-gcc "../Drivers/STM32F4xx_HAL_Driver/Src/stm32f4xx_hal.c" -mcpu=cortex-m4 -std=gnu11 -g3 -DDEBUG -DUSE_HAL_DRIVER -DSTM32F446xx -c -I../Core/Inc -I../Drivers/STM32F4xx_HAL_Driver/Inc -I../Drivers/STM32F4xx_HAL_Driver/Inc/Legacy -I../Drivers/CMSIS/Device/ST/STM32F4xx/Include -I../Drivers/CMSIS/Include -O0 -ffunction-sections -fdata-sections -Wall -fstack-usage -fcyclomatic-complexity -MMD -MP -MF"Drivers/STM32F4xx_HAL_Driver/Src/stm32f4xx_hal.d" -MT"Drivers/STM32F4xx_HAL_Driver/Src/stm32f4xx_hal.o" --specs=nano.specs -mfpu=fpv4-sp-d16 -mfloat-abi=hard -mthumb -o "Drivers/STM32F4xx_HAL_Driver/Src/stm32f4xx_hal.o"
arm-none-eabi-gcc "../Drivers/STM32F4xx_HAL_Driver/Src/stm32f4xx_hal_cortex.c" -mcpu=cortex-m4 -std=gnu11 -g3 -DDEBUG -DUSE_HAL_DRIVER -DSTM32F446xx -c -I../Core/Inc -I../Drivers/STM32F4xx_HAL_Driver/Inc -I../Drivers/STM32F4xx_HAL_Driver/Inc/Legacy -I../Drivers/CMSIS/Device/ST/STM32F4xx/Include -I../Drivers/CMSIS/Include -O0 -ffunction-sections -fdata-sections -Wall -fstack-usage -fcyclomatic-complexity -MMD -MP -MF"Drivers/STM32F4xx_HAL_Driver/Src/stm32f4xx_hal_cortex.d" -MT"Drivers/STM32F4xx_HAL_Driver/Src/stm32f4xx_hal_cortex.o" --specs=nano.specs -mfpu=fpv4-sp-d16 -mfloat-abi=hard -mthumb -o "Drivers/STM32F4xx_HAL_Driver/Src/stm32f4xx_hal_cortex.o"
arm-none-eabi-gcc "../Drivers/STM32F4xx_HAL_Driver/Src/stm32f4xx_hal_dma.c" -mcpu=cortex-m4 -std=gnu11 -g3 -DDEBUG -DUSE_HAL_DRIVER -DSTM32F446xx -c -I../Core/Inc -I../Drivers/STM32F4xx_HAL_Driver/Inc -I../Drivers/STM32F4xx_HAL_Driver/Inc/Legacy -I../Drivers/CMSIS/Device/ST/STM32F4xx/Include -I../Drivers/CMSIS/Include -O0 -ffunction-sections -fdata-sections -Wall -fstack-usage -fcyclomatic-complexity -MMD -MP -MF"Drivers/STM32F4xx_HAL_Driver/Src/stm32f4xx_hal_dma.d" -MT"Drivers/STM32F4xx_HAL_Driver/Src/stm32f4xx_hal_dma.o" --specs=nano.specs -mfpu=fpv4-sp-d16 -mfloat-abi=hard -mthumb -o "Drivers/STM32F4xx_HAL_Driver/Src/stm32f4xx_hal_dma.o"
arm-none-eabi-gcc "../Drivers/STM32F4xx_HAL_Driver/Src/stm32f4xx_hal_dma_ex.c" -mcpu=cortex-m4 -std=gnu11 -g3 -DDEBUG -DUSE_HAL_DRIVER -DSTM32F446xx -c -I../Core/Inc -I../Drivers/STM32F4xx_HAL_Driver/Inc -I../Drivers/STM32F4xx_HAL_Driver/Inc/Legacy -I../Drivers/CMSIS/Device/ST/STM32F4xx/Include -I../Drivers/CMSIS/Include -O0 -ffunction-sections -fdata-sections -Wall -fstack-usage -fcyclomatic-complexity -MMD -MP -MF"Drivers/STM32F4xx_HAL_Driver/Src/stm32f4xx_hal_dma_ex.d" -MT"Drivers/STM32F4xx_HAL_Driver/Src/stm32f4xx_hal_dma_ex.o" --specs=nano.specs -mfpu=fpv4-sp-d16 -mfloat-abi=hard -mthumb -o "Drivers/STM32F4xx_HAL_Driver/Src/stm32f4xx_hal_dma_ex.o"
arm-none-eabi-gcc "../Drivers/STM32F4xx_HAL_Driver/Src/stm32f4xx_hal_exti.c" -mcpu=cortex-m4 -std=gnu11 -g3 -DDEBUG -DUSE_HAL_DRIVER -DSTM32F446xx -c -I../Core/Inc -I../Drivers/STM32F4xx_HAL_Driver/Inc -I../Drivers/STM32F4xx_HAL_Driver/Inc/Legacy -I../Drivers/CMSIS/Device/ST/STM32F4xx/Include -I../Drivers/CMSIS/Include -O0 -ffunction-sections -fdata-sections -Wall -fstack-usage -fcyclomatic-complexity -MMD -MP -MF"Drivers/STM32F4xx_HAL_Driver/Src/stm32f4xx_hal_exti.d" -MT"Drivers/STM32F4xx_HAL_Driver/Src/stm32f4xx_hal_exti.o" --specs=nano.specs -mfpu=fpv4-sp-d16 -mfloat-abi=hard -mthumb -o "Drivers/STM32F4xx_HAL_Driver/Src/stm32f4xx_hal_exti.o"
arm-none-eabi-gcc "../Drivers/STM32F4xx_HAL_Driver/Src/stm32f4xx_hal_flash.c" -mcpu=cortex-m4 -std=gnu11 -g3 -DDEBUG -DUSE_HAL_DRIVER -DSTM32F446xx -c -I../Core/Inc -I../Drivers/STM32F4xx_HAL_Driver/Inc -I../Drivers/STM32F4xx_HAL_Driver/Inc/Legacy -I../Drivers/CMSIS/Device/ST/STM32F4xx/Include -I../Drivers/CMSIS/Include -O0 -ffunction-sections -fdata-sections -Wall -fstack-usage -fcyclomatic-complexity -MMD -MP -MF"Drivers/STM32F4xx_HAL_Driver/Src/stm32f4xx_hal_flash.d" -MT"Drivers/STM32F4xx_HAL_Driver/Src/stm32f4xx_hal_flash.o" --specs=nano.specs -mfpu=fpv4-sp-d16 -mfloat-abi=hard -mthumb -o "Drivers/STM32F4xx_HAL_Driver/Src/stm32f4xx_hal_flash.o"
arm-none-eabi-gcc "../Drivers/STM32F4xx_HAL_Driver/Src/stm32f4xx_hal_flash_ex.c" -mcpu=cortex-m4 -std=gnu11 -g3 -DDEBUG -DUSE_HAL_DRIVER -DSTM32F446xx -c -I../Core/Inc -I../Drivers/STM32F4xx_HAL_Driver/Inc -I../Drivers/STM32F4xx_HAL_Driver/Inc/Legacy -I../Drivers/CMSIS/Device/ST/STM32F4xx/Include -I../Drivers/CMSIS/Include -O0 -ffunction-sections -fdata-sections -Wall -fstack-usage -fcyclomatic-complexity -MMD -MP -MF"Drivers/STM32F4xx_HAL_Driver/Src/stm32f4xx_hal_flash_ex.d" -MT"Drivers/STM32F4xx_HAL_Driver/Src/stm32f4xx_hal_flash_ex.o" --specs=nano.specs -mfpu=fpv4-sp-d16 -mfloat-abi=hard -mthumb -o "Drivers/STM32F4xx_HAL_Driver/Src/stm32f4xx_hal_flash_ex.o"
arm-none-eabi-gcc "../Drivers/STM32F4xx_HAL_Driver/Src/stm32f4xx_hal_flash_ramfunc.c" -mcpu=cortex-m4 -std=gnu11 -g3 -DDEBUG -DUSE_HAL_DRIVER -DSTM32F446xx -c -I../Core/Inc -I../Drivers/STM32F4xx_HAL_Driver/Inc -I../Drivers/STM32F4xx_HAL_Driver/Inc/Legacy -I../Drivers/CMSIS/Device/ST/STM32F4xx/Include -I../Drivers/CMSIS/Include -O0 -ffunction-sections -fdata-sections -Wall -fstack-usage -fcyclomatic-complexity -MMD -MP -MF"Drivers/STM32F4xx_HAL_Driver/Src/stm32f4xx_hal_flash_ramfunc.d" -MT"Drivers/STM32F4xx_HAL_Driver/Src/stm32f4xx_hal_flash_ramfunc.o" --specs=nano.specs -mfpu=fpv4-sp-d16 -mfloat-abi=hard -mthumb -o "Drivers/STM32F4xx_HAL_Driver/Src/stm32f4xx_hal_flash_ramfunc.o"
arm-none-eabi-gcc "../Drivers/STM32F4xx_HAL_Driver/Src/stm32f4xx_hal_gpio.c" -mcpu=cortex-m4 -std=gnu11 -g3 -DDEBUG -DUSE_HAL_DRIVER -DSTM32F446xx -c -I../Core/Inc -I../Drivers/STM32F4xx_HAL_Driver/Inc -I../Drivers/STM32F4xx_HAL_Driver/Inc/Legacy -I../Drivers/CMSIS/Device/ST/STM32F4xx/Include -I../Drivers/CMSIS/Include -O0 -ffunction-sections -fdata-sections -Wall -fstack-usage -fcyclomatic-complexity -MMD -MP -MF"Drivers/STM32F4xx_HAL_Driver/Src/stm32f4xx_hal_gpio.d" -MT"Drivers/STM32F4xx_HAL_Driver/Src/stm32f4xx_hal_gpio.o" --specs=nano.specs -mfpu=fpv4-sp-d16 -mfloat-abi=hard -mthumb -o "Drivers/STM32F4xx_HAL_Driver/Src/stm32f4xx_hal_gpio.o"
arm-none-eabi-gcc "../Drivers/STM32F4xx_HAL_Driver/Src/stm32f4xx_hal_pwr.c" -mcpu=cortex-m4 -std=gnu11 -g3 -DDEBUG -DUSE_HAL_DRIVER -DSTM32F446xx -c -I../Core/Inc -I../Drivers/STM32F4xx_HAL_Driver/Inc -I../Drivers/STM32F4xx_HAL_Driver/Inc/Legacy -I../Drivers/CMSIS/Device/ST/STM32F4xx/Include -I../Drivers/CMSIS/Include -O0 -ffunction-sections -fdata-sections -Wall -fstack-usage -fcyclomatic-complexity -MMD -MP -MF"Drivers/STM32F4xx_HAL_Driver/Src/stm32f4xx_hal_pwr.d" -MT"Drivers/STM32F4xx_HAL_Driver/Src/stm32f4xx_hal_pwr.o" --specs=nano.specs -mfpu=fpv4-sp-d16 -mfloat-abi=hard -mthumb -o "Drivers/STM32F4xx_HAL_Driver/Src/stm32f4xx_hal_pwr.o"
arm-none-eabi-gcc "../Drivers/STM32F4xx_HAL_Driver/Src/stm32f4xx_hal_pwr_ex.c" -mcpu=cortex-m4 -std=gnu11 -g3 -DDEBUG -DUSE_HAL_DRIVER -DSTM32F446xx -c -I../Core/Inc -I../Drivers/STM32F4xx_HAL_Driver/Inc -I../Drivers/STM32F4xx_HAL_Driver/Inc/Legacy -I../Drivers/CMSIS/Device/ST/STM32F4xx/Include -I../Drivers/CMSIS/Include -O0 -ffunction-sections -fdata-sections -Wall -fstack-usage -fcyclomatic-complexity -MMD -MP -MF"Drivers/STM32F4xx_HAL_Driver/Src/stm32f4xx_hal_pwr_ex.d" -MT"Drivers/STM32F4xx_HAL_Driver/Src/stm32f4xx_hal_pwr_ex.o" --specs=nano.specs -mfpu=fpv4-sp-d16 -mfloat-abi=hard -mthumb -o "Drivers/STM32F4xx_HAL_Driver/Src/stm32f4xx_hal_pwr_ex.o"
arm-none-eabi-gcc "../Drivers/STM32F4xx_HAL_Driver/Src/stm32f4xx_hal_rcc.c" -mcpu=cortex-m4 -std=gnu11 -g3 -DDEBUG -DUSE_HAL_DRIVER -DSTM32F446xx -c -I../Core/Inc -I../Drivers/STM32F4xx_HAL_Driver/Inc -I../Drivers/STM32F4xx_HAL_Driver/Inc/Legacy -I../Drivers/CMSIS/Device/ST/STM32F4xx/Include -I../Drivers/CMSIS/Include -O0 -ffunction-sections -fdata-sections -Wall -fstack-usage -fcyclomatic-complexity -MMD -MP -MF"Drivers/STM32F4xx_HAL_Driver/Src/stm32f4xx_hal_rcc.d" -MT"Drivers/STM32F4xx_HAL_Driver/Src/stm32f4xx_hal_rcc.o" --specs=nano.specs -mfpu=fpv4-sp-d16 -mfloat-abi=hard -mthumb -o "Drivers/STM32F4xx_HAL_Driver/Src/stm32f4xx_hal_rcc.o"
arm-none-eabi-gcc "../Drivers/STM32F4xx_HAL_Driver/Src/stm32f4xx_hal_rcc_ex.c" -mcpu=cortex-m4 -std=gnu11 -g3 -DDEBUG -DUSE_HAL_DRIVER -DSTM32F446xx -c -I../Core/Inc -I../Drivers/STM32F4xx_HAL_Driver/Inc -I../Drivers/STM32F4xx_HAL_Driver/Inc/Legacy -I../Drivers/CMSIS/Device/ST/STM32F4xx/Include -I../Drivers/CMSIS/Include -O0 -ffunction-sections -fdata-sections -Wall -fstack-usage -fcyclomatic-complexity -MMD -MP -MF"Drivers/STM32F4xx_HAL_Driver/Src/stm32f4xx_hal_rcc_ex.d" -MT"Drivers/STM32F4xx_HAL_Driver/Src/stm32f4xx_hal_rcc_ex.o" --specs=nano.specs -mfpu=fpv4-sp-d16 -mfloat-abi=hard -mthumb -o "Drivers/STM32F4xx_HAL_Driver/Src/stm32f4xx_hal_rcc_ex.o"
arm-none-eabi-gcc -mcpu=cortex-m4 -g3 -DDEBUG -c -x assembler-with-cpp -MMD -MP -MF"Core/Startup/startup_stm32f446retx.d" -MT"Core/Startup/startup_stm32f446retx.o" --specs=nano.specs -mfpu=fpv4-sp-d16 -mfloat-abi=hard -mthumb -o "Core/Startup/startup_stm32f446retx.o" "../Core/Startup/startup_stm32f446retx.s"
arm-none-eabi-gcc "../Core/Src/main.c" -mcpu=cortex-m4 -std=gnu11 -g3 -DDEBUG -DUSE_HAL_DRIVER -DSTM32F446xx -c -I../Core/Inc -I../Drivers/STM32F4xx_HAL_Driver/Inc -I../Drivers/STM32F4xx_HAL_Driver/Inc/Legacy -I../Drivers/CMSIS/Device/ST/STM32F4xx/Include -I../Drivers/CMSIS/Include -O0 -ffunction-sections -fdata-sections -Wall -fstack-usage -fcyclomatic-complexity -MMD -MP -MF"Core/Src/main.d" -MT"Core/Src/main.o" --specs=nano.specs -mfpu=fpv4-sp-d16 -mfloat-abi=hard -mthumb -o "Core/Src/main.o"
arm-none-eabi-gcc "../Core/Src/stm32f4xx_hal_msp.c" -mcpu=cortex-m4 -std=gnu11 -g3 -DDEBUG -DUSE_HAL_DRIVER -DSTM32F446xx -c -I../Core/Inc -I../Drivers/STM32F4xx_HAL_Driver/Inc -I../Drivers/STM32F4xx_HAL_Driver/Inc/Legacy -I../Drivers/CMSIS/Device/ST/STM32F4xx/Include -I../Drivers/CMSIS/Include -O0 -ffunction-sections -fdata-sections -Wall -fstack-usage -fcyclomatic-complexity -MMD -MP -MF"Core/Src/stm32f4xx_hal_msp.d" -MT"Core/Src/stm32f4xx_hal_msp.o" --specs=nano.specs -mfpu=fpv4-sp-d16 -mfloat-abi=hard -mthumb -o "Core/Src/stm32f4xx_hal_msp.o"
arm-none-eabi-gcc "../Core/Src/stm32f4xx_it.c" -mcpu=cortex-m4 -std=gnu11 -g3 -DDEBUG -DUSE_HAL_DRIVER -DSTM32F446xx -c -I../Core/Inc -I../Drivers/STM32F4xx_HAL_Driver/Inc -I../Drivers/STM32F4xx_HAL_Driver/Inc/Legacy -I../Drivers/CMSIS/Device/ST/STM32F4xx/Include -I../Drivers/CMSIS/Include -O0 -ffunction-sections -fdata-sections -Wall -fstack-usage -fcyclomatic-complexity -MMD -MP -MF"Core/Src/stm32f4xx_it.d" -MT"Core/Src/stm32f4xx_it.o" --specs=nano.specs -mfpu=fpv4-sp-d16 -mfloat-abi=hard -mthumb -o "Core/Src/stm32f4xx_it.o"
../Core/Src/main.c: In function 'main':
../Core/Src/main.c:98:11: error: 'button_state' undeclared (first use in this function)
   98 |           button_state = HAL_GPIO_ReadPin(PB0_TEMP_SET_UP_GPIO_Port, PB0_TEMP_SET_UP_Pin);
      |           ^~~~~~~~~~~~
../Core/Src/main.c:98:11: note: each undeclared identifier is reported only once for each function it appears in
make: *** [Core/Src/subdir.mk:34: Core/Src/main.o] Error 1
make: *** Waiting for unfinished jobs....
"make -j8 all" terminated with exit code 2. Build might be incomplete.
17:35:55 **** Incremental Build of configuration Debug for project LED_control_switch ****
make -j8 all 
arm-none-eabi-gcc "../Core/Src/main.c" -mcpu=cortex-m4 -std=gnu11 -g3 -DDEBUG -DUSE_HAL_DRIVER -DSTM32F446xx -c -I../Core/Inc -I../Drivers/STM32F4xx_HAL_Driver/Inc -I../Drivers/STM32F4xx_HAL_Driver/Inc/Legacy -I../Drivers/CMSIS/Device/ST/STM32F4xx/Include -I../Drivers/CMSIS/Include -O0 -ffunction-sections -fdata-sections -Wall -fstack-usage -fcyclomatic-complexity -MMD -MP -MF"Core/Src/main.d" -MT"Core/Src/main.o" --specs=nano.specs -mfpu=fpv4-sp-d16 -mfloat-abi=hard -mthumb -o "Core/Src/main.o"
arm-none-eabi-gcc "../Core/Src/syscalls.c" -mcpu=cortex-m4 -std=gnu11 -g3 -DDEBUG -DUSE_HAL_DRIVER -DSTM32F446xx -c -I../Core/Inc -I../Drivers/STM32F4xx_HAL_Driver/Inc -I../Drivers/STM32F4xx_HAL_Driver/Inc/Legacy -I../Drivers/CMSIS/Device/ST/STM32F4xx/Include -I../Drivers/CMSIS/Include -O0 -ffunction-sections -fdata-sections -Wall -fstack-usage -fcyclomatic-complexity -MMD -MP -MF"Core/Src/syscalls.d" -MT"Core/Src/syscalls.o" --specs=nano.specs -mfpu=fpv4-sp-d16 -mfloat-abi=hard -mthumb -o "Core/Src/syscalls.o"
arm-none-eabi-gcc "../Core/Src/sysmem.c" -mcpu=cortex-m4 -std=gnu11 -g3 -DDEBUG -DUSE_HAL_DRIVER -DSTM32F446xx -c -I../Core/Inc -I../Drivers/STM32F4xx_HAL_Driver/Inc -I../Drivers/STM32F4xx_HAL_Driver/Inc/Legacy -I../Drivers/CMSIS/Device/ST/STM32F4xx/Include -I../Drivers/CMSIS/Include -O0 -ffunction-sections -fdata-sections -Wall -fstack-usage -fcyclomatic-complexity -MMD -MP -MF"Core/Src/sysmem.d" -MT"Core/Src/sysmem.o" --specs=nano.specs -mfpu=fpv4-sp-d16 -mfloat-abi=hard -mthumb -o "Core/Src/sysmem.o"
arm-none-eabi-gcc "../Core/Src/system_stm32f4xx.c" -mcpu=cortex-m4 -std=gnu11 -g3 -DDEBUG -DUSE_HAL_DRIVER -DSTM32F446xx -c -I../Core/Inc -I../Drivers/STM32F4xx_HAL_Driver/Inc -I../Drivers/STM32F4xx_HAL_Driver/Inc/Legacy -I../Drivers/CMSIS/Device/ST/STM32F4xx/Include -I../Drivers/CMSIS/Include -O0 -ffunction-sections -fdata-sections -Wall -fstack-usage -fcyclomatic-complexity -MMD -MP -MF"Core/Src/system_stm32f4xx.d" -MT"Core/Src/system_stm32f4xx.o" --specs=nano.specs -mfpu=fpv4-sp-d16 -mfloat-abi=hard -mthumb -o "Core/Src/system_stm32f4xx.o"
arm-none-eabi-gcc -o "LED_control_switch.elf" @"objects.list"   -mcpu=cortex-m4 -T"C:\Study\STM32\OJ_tube\LED_control_switch\STM32F446RETX_FLASH.ld" --specs=nosys.specs -Wl,-Map="LED_control_switch.map" -Wl,--gc-sections -static --specs=nano.specs -mfpu=fpv4-sp-d16 -mfloat-abi=hard -mthumb -Wl,--start-group -lc -lm -Wl,--end-group
Finished building target: LED_control_switch.elf
 
arm-none-eabi-size  LED_control_switch.elf 
arm-none-eabi-objdump -h -S LED_control_switch.elf  > "LED_control_switch.list"
   text	   data	    bss	    dec	    hex	filename
   6416	     12	   1572	   8000	   1f40	LED_control_switch.elf
Finished building: default.size.stdout
 
Finished building: LED_control_switch.list
 
17:36:09 **** Incremental Build of configuration Debug for project LED_control_switch ****
make -j8 all 
arm-none-eabi-size  LED_control_switch.elf 
   text	   data	    bss	    dec	    hex	filename
   6416	     12	   1572	   8000	   1f40	LED_control_switch.elf
Finished building: default.size.stdout
 
16:25:07 **** Build of configuration Debug for project FND_control ****
make -j8 all 
arm-none-eabi-gcc "../Drivers/STM32F4xx_HAL_Driver/Src/stm32f4xx_hal.c" -mcpu=cortex-m4 -std=gnu11 -g3 -DDEBUG -DUSE_HAL_DRIVER -DSTM32F446xx -c -I../Core/Inc -I../Drivers/STM32F4xx_HAL_Driver/Inc -I../Drivers/STM32F4xx_HAL_Driver/Inc/Legacy -I../Drivers/CMSIS/Device/ST/STM32F4xx/Include -I../Drivers/CMSIS/Include -O0 -ffunction-sections -fdata-sections -Wall -fstack-usage -fcyclomatic-complexity -MMD -MP -MF"Drivers/STM32F4xx_HAL_Driver/Src/stm32f4xx_hal.d" -MT"Drivers/STM32F4xx_HAL_Driver/Src/stm32f4xx_hal.o" --specs=nano.specs -mfpu=fpv4-sp-d16 -mfloat-abi=hard -mthumb -o "Drivers/STM32F4xx_HAL_Driver/Src/stm32f4xx_hal.o"
arm-none-eabi-gcc "../Drivers/STM32F4xx_HAL_Driver/Src/stm32f4xx_hal_cortex.c" -mcpu=cortex-m4 -std=gnu11 -g3 -DDEBUG -DUSE_HAL_DRIVER -DSTM32F446xx -c -I../Core/Inc -I../Drivers/STM32F4xx_HAL_Driver/Inc -I../Drivers/STM32F4xx_HAL_Driver/Inc/Legacy -I../Drivers/CMSIS/Device/ST/STM32F4xx/Include -I../Drivers/CMSIS/Include -O0 -ffunction-sections -fdata-sections -Wall -fstack-usage -fcyclomatic-complexity -MMD -MP -MF"Drivers/STM32F4xx_HAL_Driver/Src/stm32f4xx_hal_cortex.d" -MT"Drivers/STM32F4xx_HAL_Driver/Src/stm32f4xx_hal_cortex.o" --specs=nano.specs -mfpu=fpv4-sp-d16 -mfloat-abi=hard -mthumb -o "Drivers/STM32F4xx_HAL_Driver/Src/stm32f4xx_hal_cortex.o"
arm-none-eabi-gcc "../Drivers/STM32F4xx_HAL_Driver/Src/stm32f4xx_hal_dma.c" -mcpu=cortex-m4 -std=gnu11 -g3 -DDEBUG -DUSE_HAL_DRIVER -DSTM32F446xx -c -I../Core/Inc -I../Drivers/STM32F4xx_HAL_Driver/Inc -I../Drivers/STM32F4xx_HAL_Driver/Inc/Legacy -I../Drivers/CMSIS/Device/ST/STM32F4xx/Include -I../Drivers/CMSIS/Include -O0 -ffunction-sections -fdata-sections -Wall -fstack-usage -fcyclomatic-complexity -MMD -MP -MF"Drivers/STM32F4xx_HAL_Driver/Src/stm32f4xx_hal_dma.d" -MT"Drivers/STM32F4xx_HAL_Driver/Src/stm32f4xx_hal_dma.o" --specs=nano.specs -mfpu=fpv4-sp-d16 -mfloat-abi=hard -mthumb -o "Drivers/STM32F4xx_HAL_Driver/Src/stm32f4xx_hal_dma.o"
arm-none-eabi-gcc "../Drivers/STM32F4xx_HAL_Driver/Src/stm32f4xx_hal_dma_ex.c" -mcpu=cortex-m4 -std=gnu11 -g3 -DDEBUG -DUSE_HAL_DRIVER -DSTM32F446xx -c -I../Core/Inc -I../Drivers/STM32F4xx_HAL_Driver/Inc -I../Drivers/STM32F4xx_HAL_Driver/Inc/Legacy -I../Drivers/CMSIS/Device/ST/STM32F4xx/Include -I../Drivers/CMSIS/Include -O0 -ffunction-sections -fdata-sections -Wall -fstack-usage -fcyclomatic-complexity -MMD -MP -MF"Drivers/STM32F4xx_HAL_Driver/Src/stm32f4xx_hal_dma_ex.d" -MT"Drivers/STM32F4xx_HAL_Driver/Src/stm32f4xx_hal_dma_ex.o" --specs=nano.specs -mfpu=fpv4-sp-d16 -mfloat-abi=hard -mthumb -o "Drivers/STM32F4xx_HAL_Driver/Src/stm32f4xx_hal_dma_ex.o"
arm-none-eabi-gcc "../Drivers/STM32F4xx_HAL_Driver/Src/stm32f4xx_hal_exti.c" -mcpu=cortex-m4 -std=gnu11 -g3 -DDEBUG -DUSE_HAL_DRIVER -DSTM32F446xx -c -I../Core/Inc -I../Drivers/STM32F4xx_HAL_Driver/Inc -I../Drivers/STM32F4xx_HAL_Driver/Inc/Legacy -I../Drivers/CMSIS/Device/ST/STM32F4xx/Include -I../Drivers/CMSIS/Include -O0 -ffunction-sections -fdata-sections -Wall -fstack-usage -fcyclomatic-complexity -MMD -MP -MF"Drivers/STM32F4xx_HAL_Driver/Src/stm32f4xx_hal_exti.d" -MT"Drivers/STM32F4xx_HAL_Driver/Src/stm32f4xx_hal_exti.o" --specs=nano.specs -mfpu=fpv4-sp-d16 -mfloat-abi=hard -mthumb -o "Drivers/STM32F4xx_HAL_Driver/Src/stm32f4xx_hal_exti.o"
arm-none-eabi-gcc "../Drivers/STM32F4xx_HAL_Driver/Src/stm32f4xx_hal_flash.c" -mcpu=cortex-m4 -std=gnu11 -g3 -DDEBUG -DUSE_HAL_DRIVER -DSTM32F446xx -c -I../Core/Inc -I../Drivers/STM32F4xx_HAL_Driver/Inc -I../Drivers/STM32F4xx_HAL_Driver/Inc/Legacy -I../Drivers/CMSIS/Device/ST/STM32F4xx/Include -I../Drivers/CMSIS/Include -O0 -ffunction-sections -fdata-sections -Wall -fstack-usage -fcyclomatic-complexity -MMD -MP -MF"Drivers/STM32F4xx_HAL_Driver/Src/stm32f4xx_hal_flash.d" -MT"Drivers/STM32F4xx_HAL_Driver/Src/stm32f4xx_hal_flash.o" --specs=nano.specs -mfpu=fpv4-sp-d16 -mfloat-abi=hard -mthumb -o "Drivers/STM32F4xx_HAL_Driver/Src/stm32f4xx_hal_flash.o"
arm-none-eabi-gcc "../Drivers/STM32F4xx_HAL_Driver/Src/stm32f4xx_hal_flash_ex.c" -mcpu=cortex-m4 -std=gnu11 -g3 -DDEBUG -DUSE_HAL_DRIVER -DSTM32F446xx -c -I../Core/Inc -I../Drivers/STM32F4xx_HAL_Driver/Inc -I../Drivers/STM32F4xx_HAL_Driver/Inc/Legacy -I../Drivers/CMSIS/Device/ST/STM32F4xx/Include -I../Drivers/CMSIS/Include -O0 -ffunction-sections -fdata-sections -Wall -fstack-usage -fcyclomatic-complexity -MMD -MP -MF"Drivers/STM32F4xx_HAL_Driver/Src/stm32f4xx_hal_flash_ex.d" -MT"Drivers/STM32F4xx_HAL_Driver/Src/stm32f4xx_hal_flash_ex.o" --specs=nano.specs -mfpu=fpv4-sp-d16 -mfloat-abi=hard -mthumb -o "Drivers/STM32F4xx_HAL_Driver/Src/stm32f4xx_hal_flash_ex.o"
arm-none-eabi-gcc "../Drivers/STM32F4xx_HAL_Driver/Src/stm32f4xx_hal_flash_ramfunc.c" -mcpu=cortex-m4 -std=gnu11 -g3 -DDEBUG -DUSE_HAL_DRIVER -DSTM32F446xx -c -I../Core/Inc -I../Drivers/STM32F4xx_HAL_Driver/Inc -I../Drivers/STM32F4xx_HAL_Driver/Inc/Legacy -I../Drivers/CMSIS/Device/ST/STM32F4xx/Include -I../Drivers/CMSIS/Include -O0 -ffunction-sections -fdata-sections -Wall -fstack-usage -fcyclomatic-complexity -MMD -MP -MF"Drivers/STM32F4xx_HAL_Driver/Src/stm32f4xx_hal_flash_ramfunc.d" -MT"Drivers/STM32F4xx_HAL_Driver/Src/stm32f4xx_hal_flash_ramfunc.o" --specs=nano.specs -mfpu=fpv4-sp-d16 -mfloat-abi=hard -mthumb -o "Drivers/STM32F4xx_HAL_Driver/Src/stm32f4xx_hal_flash_ramfunc.o"
arm-none-eabi-gcc "../Drivers/STM32F4xx_HAL_Driver/Src/stm32f4xx_hal_gpio.c" -mcpu=cortex-m4 -std=gnu11 -g3 -DDEBUG -DUSE_HAL_DRIVER -DSTM32F446xx -c -I../Core/Inc -I../Drivers/STM32F4xx_HAL_Driver/Inc -I../Drivers/STM32F4xx_HAL_Driver/Inc/Legacy -I../Drivers/CMSIS/Device/ST/STM32F4xx/Include -I../Drivers/CMSIS/Include -O0 -ffunction-sections -fdata-sections -Wall -fstack-usage -fcyclomatic-complexity -MMD -MP -MF"Drivers/STM32F4xx_HAL_Driver/Src/stm32f4xx_hal_gpio.d" -MT"Drivers/STM32F4xx_HAL_Driver/Src/stm32f4xx_hal_gpio.o" --specs=nano.specs -mfpu=fpv4-sp-d16 -mfloat-abi=hard -mthumb -o "Drivers/STM32F4xx_HAL_Driver/Src/stm32f4xx_hal_gpio.o"
arm-none-eabi-gcc "../Drivers/STM32F4xx_HAL_Driver/Src/stm32f4xx_hal_pwr.c" -mcpu=cortex-m4 -std=gnu11 -g3 -DDEBUG -DUSE_HAL_DRIVER -DSTM32F446xx -c -I../Core/Inc -I../Drivers/STM32F4xx_HAL_Driver/Inc -I../Drivers/STM32F4xx_HAL_Driver/Inc/Legacy -I../Drivers/CMSIS/Device/ST/STM32F4xx/Include -I../Drivers/CMSIS/Include -O0 -ffunction-sections -fdata-sections -Wall -fstack-usage -fcyclomatic-complexity -MMD -MP -MF"Drivers/STM32F4xx_HAL_Driver/Src/stm32f4xx_hal_pwr.d" -MT"Drivers/STM32F4xx_HAL_Driver/Src/stm32f4xx_hal_pwr.o" --specs=nano.specs -mfpu=fpv4-sp-d16 -mfloat-abi=hard -mthumb -o "Drivers/STM32F4xx_HAL_Driver/Src/stm32f4xx_hal_pwr.o"
arm-none-eabi-gcc "../Drivers/STM32F4xx_HAL_Driver/Src/stm32f4xx_hal_pwr_ex.c" -mcpu=cortex-m4 -std=gnu11 -g3 -DDEBUG -DUSE_HAL_DRIVER -DSTM32F446xx -c -I../Core/Inc -I../Drivers/STM32F4xx_HAL_Driver/Inc -I../Drivers/STM32F4xx_HAL_Driver/Inc/Legacy -I../Drivers/CMSIS/Device/ST/STM32F4xx/Include -I../Drivers/CMSIS/Include -O0 -ffunction-sections -fdata-sections -Wall -fstack-usage -fcyclomatic-complexity -MMD -MP -MF"Drivers/STM32F4xx_HAL_Driver/Src/stm32f4xx_hal_pwr_ex.d" -MT"Drivers/STM32F4xx_HAL_Driver/Src/stm32f4xx_hal_pwr_ex.o" --specs=nano.specs -mfpu=fpv4-sp-d16 -mfloat-abi=hard -mthumb -o "Drivers/STM32F4xx_HAL_Driver/Src/stm32f4xx_hal_pwr_ex.o"
arm-none-eabi-gcc "../Drivers/STM32F4xx_HAL_Driver/Src/stm32f4xx_hal_rcc.c" -mcpu=cortex-m4 -std=gnu11 -g3 -DDEBUG -DUSE_HAL_DRIVER -DSTM32F446xx -c -I../Core/Inc -I../Drivers/STM32F4xx_HAL_Driver/Inc -I../Drivers/STM32F4xx_HAL_Driver/Inc/Legacy -I../Drivers/CMSIS/Device/ST/STM32F4xx/Include -I../Drivers/CMSIS/Include -O0 -ffunction-sections -fdata-sections -Wall -fstack-usage -fcyclomatic-complexity -MMD -MP -MF"Drivers/STM32F4xx_HAL_Driver/Src/stm32f4xx_hal_rcc.d" -MT"Drivers/STM32F4xx_HAL_Driver/Src/stm32f4xx_hal_rcc.o" --specs=nano.specs -mfpu=fpv4-sp-d16 -mfloat-abi=hard -mthumb -o "Drivers/STM32F4xx_HAL_Driver/Src/stm32f4xx_hal_rcc.o"
arm-none-eabi-gcc "../Drivers/STM32F4xx_HAL_Driver/Src/stm32f4xx_hal_rcc_ex.c" -mcpu=cortex-m4 -std=gnu11 -g3 -DDEBUG -DUSE_HAL_DRIVER -DSTM32F446xx -c -I../Core/Inc -I../Drivers/STM32F4xx_HAL_Driver/Inc -I../Drivers/STM32F4xx_HAL_Driver/Inc/Legacy -I../Drivers/CMSIS/Device/ST/STM32F4xx/Include -I../Drivers/CMSIS/Include -O0 -ffunction-sections -fdata-sections -Wall -fstack-usage -fcyclomatic-complexity -MMD -MP -MF"Drivers/STM32F4xx_HAL_Driver/Src/stm32f4xx_hal_rcc_ex.d" -MT"Drivers/STM32F4xx_HAL_Driver/Src/stm32f4xx_hal_rcc_ex.o" --specs=nano.specs -mfpu=fpv4-sp-d16 -mfloat-abi=hard -mthumb -o "Drivers/STM32F4xx_HAL_Driver/Src/stm32f4xx_hal_rcc_ex.o"
arm-none-eabi-gcc -mcpu=cortex-m4 -g3 -DDEBUG -c -x assembler-with-cpp -MMD -MP -MF"Core/Startup/startup_stm32f446retx.d" -MT"Core/Startup/startup_stm32f446retx.o" --specs=nano.specs -mfpu=fpv4-sp-d16 -mfloat-abi=hard -mthumb -o "Core/Startup/startup_stm32f446retx.o" "../Core/Startup/startup_stm32f446retx.s"
arm-none-eabi-gcc "../Core/Src/FND_controller.c" -mcpu=cortex-m4 -std=gnu11 -g3 -DDEBUG -DUSE_HAL_DRIVER -DSTM32F446xx -c -I../Core/Inc -I../Drivers/STM32F4xx_HAL_Driver/Inc -I../Drivers/STM32F4xx_HAL_Driver/Inc/Legacy -I../Drivers/CMSIS/Device/ST/STM32F4xx/Include -I../Drivers/CMSIS/Include -O0 -ffunction-sections -fdata-sections -Wall -fstack-usage -fcyclomatic-complexity -MMD -MP -MF"Core/Src/FND_controller.d" -MT"Core/Src/FND_controller.o" --specs=nano.specs -mfpu=fpv4-sp-d16 -mfloat-abi=hard -mthumb -o "Core/Src/FND_controller.o"
arm-none-eabi-gcc "../Core/Src/main.c" -mcpu=cortex-m4 -std=gnu11 -g3 -DDEBUG -DUSE_HAL_DRIVER -DSTM32F446xx -c -I../Core/Inc -I../Drivers/STM32F4xx_HAL_Driver/Inc -I../Drivers/STM32F4xx_HAL_Driver/Inc/Legacy -I../Drivers/CMSIS/Device/ST/STM32F4xx/Include -I../Drivers/CMSIS/Include -O0 -ffunction-sections -fdata-sections -Wall -fstack-usage -fcyclomatic-complexity -MMD -MP -MF"Core/Src/main.d" -MT"Core/Src/main.o" --specs=nano.specs -mfpu=fpv4-sp-d16 -mfloat-abi=hard -mthumb -o "Core/Src/main.o"
arm-none-eabi-gcc "../Core/Src/stm32f4xx_hal_msp.c" -mcpu=cortex-m4 -std=gnu11 -g3 -DDEBUG -DUSE_HAL_DRIVER -DSTM32F446xx -c -I../Core/Inc -I../Drivers/STM32F4xx_HAL_Driver/Inc -I../Drivers/STM32F4xx_HAL_Driver/Inc/Legacy -I../Drivers/CMSIS/Device/ST/STM32F4xx/Include -I../Drivers/CMSIS/Include -O0 -ffunction-sections -fdata-sections -Wall -fstack-usage -fcyclomatic-complexity -MMD -MP -MF"Core/Src/stm32f4xx_hal_msp.d" -MT"Core/Src/stm32f4xx_hal_msp.o" --specs=nano.specs -mfpu=fpv4-sp-d16 -mfloat-abi=hard -mthumb -o "Core/Src/stm32f4xx_hal_msp.o"
arm-none-eabi-gcc "../Core/Src/stm32f4xx_it.c" -mcpu=cortex-m4 -std=gnu11 -g3 -DDEBUG -DUSE_HAL_DRIVER -DSTM32F446xx -c -I../Core/Inc -I../Drivers/STM32F4xx_HAL_Driver/Inc -I../Drivers/STM32F4xx_HAL_Driver/Inc/Legacy -I../Drivers/CMSIS/Device/ST/STM32F4xx/Include -I../Drivers/CMSIS/Include -O0 -ffunction-sections -fdata-sections -Wall -fstack-usage -fcyclomatic-complexity -MMD -MP -MF"Core/Src/stm32f4xx_it.d" -MT"Core/Src/stm32f4xx_it.o" --specs=nano.specs -mfpu=fpv4-sp-d16 -mfloat-abi=hard -mthumb -o "Core/Src/stm32f4xx_it.o"
arm-none-eabi-gcc "../Core/Src/syscalls.c" -mcpu=cortex-m4 -std=gnu11 -g3 -DDEBUG -DUSE_HAL_DRIVER -DSTM32F446xx -c -I../Core/Inc -I../Drivers/STM32F4xx_HAL_Driver/Inc -I../Drivers/STM32F4xx_HAL_Driver/Inc/Legacy -I../Drivers/CMSIS/Device/ST/STM32F4xx/Include -I../Drivers/CMSIS/Include -O0 -ffunction-sections -fdata-sections -Wall -fstack-usage -fcyclomatic-complexity -MMD -MP -MF"Core/Src/syscalls.d" -MT"Core/Src/syscalls.o" --specs=nano.specs -mfpu=fpv4-sp-d16 -mfloat-abi=hard -mthumb -o "Core/Src/syscalls.o"
arm-none-eabi-gcc "../Core/Src/sysmem.c" -mcpu=cortex-m4 -std=gnu11 -g3 -DDEBUG -DUSE_HAL_DRIVER -DSTM32F446xx -c -I../Core/Inc -I../Drivers/STM32F4xx_HAL_Driver/Inc -I../Drivers/STM32F4xx_HAL_Driver/Inc/Legacy -I../Drivers/CMSIS/Device/ST/STM32F4xx/Include -I../Drivers/CMSIS/Include -O0 -ffunction-sections -fdata-sections -Wall -fstack-usage -fcyclomatic-complexity -MMD -MP -MF"Core/Src/sysmem.d" -MT"Core/Src/sysmem.o" --specs=nano.specs -mfpu=fpv4-sp-d16 -mfloat-abi=hard -mthumb -o "Core/Src/sysmem.o"
arm-none-eabi-gcc "../Core/Src/system_stm32f4xx.c" -mcpu=cortex-m4 -std=gnu11 -g3 -DDEBUG -DUSE_HAL_DRIVER -DSTM32F446xx -c -I../Core/Inc -I../Drivers/STM32F4xx_HAL_Driver/Inc -I../Drivers/STM32F4xx_HAL_Driver/Inc/Legacy -I../Drivers/CMSIS/Device/ST/STM32F4xx/Include -I../Drivers/CMSIS/Include -O0 -ffunction-sections -fdata-sections -Wall -fstack-usage -fcyclomatic-complexity -MMD -MP -MF"Core/Src/system_stm32f4xx.d" -MT"Core/Src/system_stm32f4xx.o" --specs=nano.specs -mfpu=fpv4-sp-d16 -mfloat-abi=hard -mthumb -o "Core/Src/system_stm32f4xx.o"
../Core/Src/FND_controller.c: In function 'digit4':
../Core/Src/FND_controller.c:50:22: error: '_LED_0F' undeclared (first use in this function)
   50 |                 send(_LED_0F[n1], 0b0001);
      |                      ^~~~~~~
../Core/Src/FND_controller.c:50:22: note: each undeclared identifier is reported only once for each function it appears in
../Core/Src/FND_controller.c:50:17: error: too many arguments to function 'send'
   50 |                 send(_LED_0F[n1], 0b0001);
      |                 ^~~~
../Core/Src/FND_controller.c:6:6: note: declared here
    6 | void send(uint8_t x)
      |      ^~~~
../Core/Src/FND_controller.c:53:34: warning: suggest parentheses around comparison in operand of '|' [-Wparentheses]
   53 |                 if (showZero | n > 9)
      |                                ~~^~~
../Core/Src/FND_controller.c:54:25: error: too many arguments to function 'send'
   54 |                         send(_LED_0F[n2], 0b0010);
      |                         ^~~~
../Core/Src/FND_controller.c:6:6: note: declared here
    6 | void send(uint8_t x)
      |      ^~~~
../Core/Src/FND_controller.c:57:34: warning: suggest parentheses around comparison in operand of '|' [-Wparentheses]
   57 |                 if (showZero | n > 99)
      |                                ~~^~~~
../Core/Src/FND_controller.c:58:25: error: too many arguments to function 'send'
   58 |                         send(_LED_0F[n3], 0b0100);
      |                         ^~~~
../Core/Src/FND_controller.c:6:6: note: declared here
    6 | void send(uint8_t x)
      |      ^~~~
../Core/Src/FND_controller.c:61:34: warning: suggest parentheses around comparison in operand of '|' [-Wparentheses]
   61 |                 if (showZero | n > 999)
      |                                ~~^~~~~
../Core/Src/FND_controller.c:62:25: error: too many arguments to function 'send'
   62 |                         send(_LED_0F[n4], 0b1000);
      |                         ^~~~
../Core/Src/FND_controller.c:6:6: note: declared here
    6 | void send(uint8_t x)
      |      ^~~~
../Core/Src/FND_controller.c:40:25: warning: variable 'n4' set but not used [-Wunused-but-set-variable]
   40 |         int n1, n2, n3, n4;
      |                         ^~
../Core/Src/FND_controller.c: In function 'digit4_replay':
../Core/Src/FND_controller.c:69:27: error: 'false' undeclared (first use in this function)
   69 |         digit4(n, replay, false);
      |                           ^~~~~
../Core/Src/FND_controller.c:4:1: note: 'false' is defined in header '<stdbool.h>'; did you forget to '#include <stdbool.h>'?
    3 | #include "FND_controller.h"
  +++ |+#include <stdbool.h>
    4 | 
../Core/Src/FND_controller.c: In function 'digit4_n':
../Core/Src/FND_controller.c:75:22: error: 'false' undeclared (first use in this function)
   75 |         digit4(n, 0, false);
      |                      ^~~~~
../Core/Src/FND_controller.c:75:22: note: 'false' is defined in header '<stdbool.h>'; did you forget to '#include <stdbool.h>'?
../Core/Src/FND_controller.c: In function 'digit4ShowZero':
../Core/Src/FND_controller.c:81:27: error: 'true' undeclared (first use in this function)
   81 |         digit4(n, replay, true);
      |                           ^~~~
../Core/Src/FND_controller.c:81:27: note: 'true' is defined in header '<stdbool.h>'; did you forget to '#include <stdbool.h>'?
../Core/Src/FND_controller.c: In function 'digit4ShowZero_n':
../Core/Src/FND_controller.c:87:22: error: 'true' undeclared (first use in this function)
   87 |         digit4(n, 0, true);
      |                      ^~~~
../Core/Src/FND_controller.c:87:22: note: 'true' is defined in header '<stdbool.h>'; did you forget to '#include <stdbool.h>'?
../Core/Src/FND_controller.c: In function 'digit2':
../Core/Src/FND_controller.c:99:22: error: '_LED_0F' undeclared (first use in this function)
   99 |                 send(_LED_0F[n1], port);
      |                      ^~~~~~~
../Core/Src/FND_controller.c:99:17: error: too many arguments to function 'send'
   99 |                 send(_LED_0F[n1], port);
      |                 ^~~~
../Core/Src/FND_controller.c:6:6: note: declared here
    6 | void send(uint8_t x)
      |      ^~~~
../Core/Src/FND_controller.c:100:17: error: too many arguments to function 'send'
  100 |                 send(_LED_0F[n2], port << 1);
      |                 ^~~~
../Core/Src/FND_controller.c:6:6: note: declared here
    6 | void send(uint8_t x)
      |      ^~~~
../Core/Src/FND_controller.c:93:17: warning: variable 'n2' set but not used [-Wunused-but-set-variable]
   93 |         int n1, n2;
      |                 ^~
make: *** [Core/Src/subdir.mk:37: Core/Src/FND_controller.o] Error 1
make: *** Waiting for unfinished jobs....
"make -j8 all" terminated with exit code 2. Build might be incomplete.
16:37:37 **** Incremental Build of configuration Debug for project FND_control ****
make -j8 all 
arm-none-eabi-gcc "../Core/Src/FND_controller.c" -mcpu=cortex-m4 -std=gnu11 -g3 -DDEBUG -DUSE_HAL_DRIVER -DSTM32F446xx -c -I../Core/Inc -I../Drivers/STM32F4xx_HAL_Driver/Inc -I../Drivers/STM32F4xx_HAL_Driver/Inc/Legacy -I../Drivers/CMSIS/Device/ST/STM32F4xx/Include -I../Drivers/CMSIS/Include -O0 -ffunction-sections -fdata-sections -Wall -fstack-usage -fcyclomatic-complexity -MMD -MP -MF"Core/Src/FND_controller.d" -MT"Core/Src/FND_controller.o" --specs=nano.specs -mfpu=fpv4-sp-d16 -mfloat-abi=hard -mthumb -o "Core/Src/FND_controller.o"
arm-none-eabi-gcc -o "FND_control.elf" @"objects.list"   -mcpu=cortex-m4 -T"C:\Study\STM32\OJ_tube\FND_module\STM32F446RETX_FLASH.ld" --specs=nosys.specs -Wl,-Map="FND_control.map" -Wl,--gc-sections -static --specs=nano.specs -mfpu=fpv4-sp-d16 -mfloat-abi=hard -mthumb -Wl,--start-group -lc -lm -Wl,--end-group
Finished building target: FND_control.elf
 
arm-none-eabi-size  FND_control.elf 
arm-none-eabi-objdump -h -S FND_control.elf  > "FND_control.list"
   text	   data	    bss	    dec	    hex	filename
   6296	     12	   1572	   7880	   1ec8	FND_control.elf
Finished building: default.size.stdout
 
Finished building: FND_control.list
 
16:37:54 **** Incremental Build of configuration Debug for project FND_control ****
make -j8 all 
arm-none-eabi-size  FND_control.elf 
   text	   data	    bss	    dec	    hex	filename
   6296	     12	   1572	   7880	   1ec8	FND_control.elf
Finished building: default.size.stdout
 
16:41:12 **** Incremental Build of configuration Debug for project FND_control ****
make -j8 all 
arm-none-eabi-gcc "../Core/Src/FND_controller.c" -mcpu=cortex-m4 -std=gnu11 -g3 -DDEBUG -DUSE_HAL_DRIVER -DSTM32F446xx -c -I../Core/Inc -I../Drivers/STM32F4xx_HAL_Driver/Inc -I../Drivers/STM32F4xx_HAL_Driver/Inc/Legacy -I../Drivers/CMSIS/Device/ST/STM32F4xx/Include -I../Drivers/CMSIS/Include -O0 -ffunction-sections -fdata-sections -Wall -fstack-usage -fcyclomatic-complexity -MMD -MP -MF"Core/Src/FND_controller.d" -MT"Core/Src/FND_controller.o" --specs=nano.specs -mfpu=fpv4-sp-d16 -mfloat-abi=hard -mthumb -o "Core/Src/FND_controller.o"
arm-none-eabi-gcc -o "FND_control.elf" @"objects.list"   -mcpu=cortex-m4 -T"C:\Study\STM32\OJ_tube\FND_module\STM32F446RETX_FLASH.ld" --specs=nosys.specs -Wl,-Map="FND_control.map" -Wl,--gc-sections -static --specs=nano.specs -mfpu=fpv4-sp-d16 -mfloat-abi=hard -mthumb -Wl,--start-group -lc -lm -Wl,--end-group
Finished building target: FND_control.elf
 
arm-none-eabi-size  FND_control.elf 
arm-none-eabi-objdump -h -S FND_control.elf  > "FND_control.list"
   text	   data	    bss	    dec	    hex	filename
   6296	     12	   1572	   7880	   1ec8	FND_control.elf
Finished building: default.size.stdout
 
Finished building: FND_control.list
 
16:41:14 **** Build of configuration Debug for project GPIO_HAL_X ****
make -j8 all 
arm-none-eabi-gcc "../Core/Src/main.c" -mcpu=cortex-m4 -std=gnu11 -g3 -DDEBUG -DUSE_HAL_DRIVER -DSTM32F446xx -c -I../Core/Inc -I../Drivers/STM32F4xx_HAL_Driver/Inc -I../Drivers/STM32F4xx_HAL_Driver/Inc/Legacy -I../Drivers/CMSIS/Device/ST/STM32F4xx/Include -I../Drivers/CMSIS/Include -O0 -ffunction-sections -fdata-sections -Wall -fstack-usage -fcyclomatic-complexity -MMD -MP -MF"Core/Src/main.d" -MT"Core/Src/main.o" --specs=nano.specs -mfpu=fpv4-sp-d16 -mfloat-abi=hard -mthumb -o "Core/Src/main.o"
../Core/Src/main.c: In function 'main':
../Core/Src/main.c:91:32: warning: initialization of 'volatile unsigned int *' from 'int' makes pointer from integer without a cast [-Wint-conversion]
   91 |   volatile unsigned int *reg = 0x40020014;  // AHB1 GPIOA_BASE(0x40020000) + GPIOA_ODR(0x14)
      |                                ^~~~~~~~~~
../Core/Src/main.c:105:33: warning: initialization of 'volatile unsigned int *' from 'int' makes pointer from integer without a cast [-Wint-conversion]
  105 |   volatile unsigned int *reg2 = 0x40020018;
      |                                 ^~~~~~~~~~
arm-none-eabi-gcc -o "GPIO_HAL_X.elf" @"objects.list"   -mcpu=cortex-m4 -T"C:\Study\STM32\OJ_tube\GPIO_HAL_X\STM32F446RCTX_FLASH.ld" --specs=nosys.specs -Wl,-Map="GPIO_HAL_X.map" -Wl,--gc-sections -static --specs=nano.specs -mfpu=fpv4-sp-d16 -mfloat-abi=hard -mthumb -Wl,--start-group -lc -lm -Wl,--end-group
Finished building target: GPIO_HAL_X.elf
 
arm-none-eabi-size  GPIO_HAL_X.elf 
arm-none-eabi-objdump -h -S GPIO_HAL_X.elf  > "GPIO_HAL_X.list"
   text	   data	    bss	    dec	    hex	filename
   6468	     12	   1572	   8052	   1f74	GPIO_HAL_X.elf
Finished building: default.size.stdout
 
Finished building: GPIO_HAL_X.list
 
16:41:17 **** Build of configuration Debug for project Hello_GPIO ****
make -j8 all 
arm-none-eabi-gcc -o "Hello_GPIO.elf" @"objects.list"   -mcpu=cortex-m4 -T"C:\Study\STM32\OJ_tube\Hello_GPIO\STM32F446RETX_FLASH.ld" --specs=nosys.specs -Wl,-Map="Hello_GPIO.map" -Wl,--gc-sections -static --specs=nano.specs -mfpu=fpv4-sp-d16 -mfloat-abi=hard -mthumb -Wl,--start-group -lc -lm -Wl,--end-group
Finished building target: Hello_GPIO.elf
 
arm-none-eabi-size  Hello_GPIO.elf 
arm-none-eabi-objdump -h -S Hello_GPIO.elf  > "Hello_GPIO.list"
   text	   data	    bss	    dec	    hex	filename
   6464	     12	   1572	   8048	   1f70	Hello_GPIO.elf
Finished building: default.size.stdout
 
Finished building: Hello_GPIO.list
 
16:41:19 **** Build of configuration Debug for project LED_control ****
make -j8 all 
arm-none-eabi-gcc "../Core/Src/main.c" -mcpu=cortex-m4 -std=gnu11 -g3 -DDEBUG -DUSE_HAL_DRIVER -DSTM32F446xx -c -I../Core/Inc -I../Drivers/STM32F4xx_HAL_Driver/Inc -I../Drivers/STM32F4xx_HAL_Driver/Inc/Legacy -I../Drivers/CMSIS/Device/ST/STM32F4xx/Include -I../Drivers/CMSIS/Include -O0 -ffunction-sections -fdata-sections -Wall -fstack-usage -fcyclomatic-complexity -MMD -MP -MF"Core/Src/main.d" -MT"Core/Src/main.o" --specs=nano.specs -mfpu=fpv4-sp-d16 -mfloat-abi=hard -mthumb -o "Core/Src/main.o"
arm-none-eabi-gcc -o "LED_control.elf" @"objects.list"   -mcpu=cortex-m4 -T"C:\Study\STM32\OJ_tube\LED_control\STM32F446RETX_FLASH.ld" --specs=nosys.specs -Wl,-Map="LED_control.map" -Wl,--gc-sections -static --specs=nano.specs -mfpu=fpv4-sp-d16 -mfloat-abi=hard -mthumb -Wl,--start-group -lc -lm -Wl,--end-group
Finished building target: LED_control.elf
 
arm-none-eabi-size  LED_control.elf 
arm-none-eabi-objdump -h -S LED_control.elf  > "LED_control.list"
   text	   data	    bss	    dec	    hex	filename
   6404	     12	   1572	   7988	   1f34	LED_control.elf
Finished building: default.size.stdout
 
Finished building: LED_control.list
 
16:41:21 **** Build of configuration Debug for project LED_control_switch ****
make -j8 all 
arm-none-eabi-size  LED_control_switch.elf 
   text	   data	    bss	    dec	    hex	filename
   6416	     12	   1572	   8000	   1f40	LED_control_switch.elf
Finished building: default.size.stdout
 
16:41:22 **** Build of configuration Debug for project first_ ****
make -j8 all 
arm-none-eabi-gcc -o "first_.elf" @"objects.list"   -mcpu=cortex-m4 -T"C:\Study\STM32\OJ_tube\first_\STM32F446RETX_FLASH.ld" --specs=nosys.specs -Wl,-Map="first_.map" -Wl,--gc-sections -static --specs=nano.specs -mfpu=fpv4-sp-d16 -mfloat-abi=hard -mthumb -Wl,--start-group -lc -lm -Wl,--end-group
Finished building target: first_.elf
 
arm-none-eabi-size  first_.elf 
arm-none-eabi-objdump -h -S first_.elf  > "first_.list"
   text	   data	    bss	    dec	    hex	filename
   8640	     12	   1644	  10296	   2838	first_.elf
Finished building: default.size.stdout
 
Finished building: first_.list
 
16:41:25 **** Build of configuration Debug for project switch_test ****
make -j8 all 
arm-none-eabi-size  switch_test.elf 
   text	   data	    bss	    dec	    hex	filename
   6380	     12	   1572	   7964	   1f1c	switch_test.elf
Finished building: default.size.stdout
 
16:41:25 **** Clean-only build of configuration Debug for project uart_printf ****
make -j8 clean 
rm -rf ./Drivers/STM32F4xx_HAL_Driver/Src/stm32f4xx_hal.cyclo ./Drivers/STM32F4xx_HAL_Driver/Src/stm32f4xx_hal.d ./Drivers/STM32F4xx_HAL_Driver/Src/stm32f4xx_hal.o ./Drivers/STM32F4xx_HAL_Driver/Src/stm32f4xx_hal.su ./Drivers/STM32F4xx_HAL_Driver/Src/stm32f4xx_hal_cortex.cyclo ./Drivers/STM32F4xx_HAL_Driver/Src/stm32f4xx_hal_cortex.d ./Drivers/STM32F4xx_HAL_Driver/Src/stm32f4xx_hal_cortex.o ./Drivers/STM32F4xx_HAL_Driver/Src/stm32f4xx_hal_cortex.su ./Drivers/STM32F4xx_HAL_Driver/Src/stm32f4xx_hal_dma.cyclo ./Drivers/STM32F4xx_HAL_Driver/Src/stm32f4xx_hal_dma.d ./Drivers/STM32F4xx_HAL_Driver/Src/stm32f4xx_hal_dma.o ./Drivers/STM32F4xx_HAL_Driver/Src/stm32f4xx_hal_dma.su ./Drivers/STM32F4xx_HAL_Driver/Src/stm32f4xx_hal_dma_ex.cyclo ./Drivers/STM32F4xx_HAL_Driver/Src/stm32f4xx_hal_dma_ex.d ./Drivers/STM32F4xx_HAL_Driver/Src/stm32f4xx_hal_dma_ex.o ./Drivers/STM32F4xx_HAL_Driver/Src/stm32f4xx_hal_dma_ex.su ./Drivers/STM32F4xx_HAL_Driver/Src/stm32f4xx_hal_exti.cyclo ./Drivers/STM32F4xx_HAL_Driver/Src/stm32f4xx_hal_exti.d ./Drivers/STM32F4xx_HAL_Driver/Src/stm32f4xx_hal_exti.o ./Drivers/STM32F4xx_HAL_Driver/Src/stm32f4xx_hal_exti.su ./Drivers/STM32F4xx_HAL_Driver/Src/stm32f4xx_hal_flash.cyclo ./Drivers/STM32F4xx_HAL_Driver/Src/stm32f4xx_hal_flash.d ./Drivers/STM32F4xx_HAL_Driver/Src/stm32f4xx_hal_flash.o ./Drivers/STM32F4xx_HAL_Driver/Src/stm32f4xx_hal_flash.su ./Drivers/STM32F4xx_HAL_Driver/Src/stm32f4xx_hal_flash_ex.cyclo ./Drivers/STM32F4xx_HAL_Driver/Src/stm32f4xx_hal_flash_ex.d ./Drivers/STM32F4xx_HAL_Driver/Src/stm32f4xx_hal_flash_ex.o ./Drivers/STM32F4xx_HAL_Driver/Src/stm32f4xx_hal_flash_ex.su ./Drivers/STM32F4xx_HAL_Driver/Src/stm32f4xx_hal_flash_ramfunc.cyclo ./Drivers/STM32F4xx_HAL_Driver/Src/stm32f4xx_hal_flash_ramfunc.d ./Drivers/STM32F4xx_HAL_Driver/Src/stm32f4xx_hal_flash_ramfunc.o ./Drivers/STM32F4xx_HAL_Driver/Src/stm32f4xx_hal_flash_ramfunc.su ./Drivers/STM32F4xx_HAL_Driver/Src/stm32f4xx_hal_gpio.cyclo ./Drivers/STM32F4xx_HAL_Driver/Src/stm32f4xx_hal_gpio.d ./Drivers/STM32F4xx_HAL_Driver/Src/stm32f4xx_hal_gpio.o ./Drivers/STM32F4xx_HAL_Driver/Src/stm32f4xx_hal_gpio.su ./Drivers/STM32F4xx_HAL_Driver/Src/stm32f4xx_hal_pwr.cyclo ./Drivers/STM32F4xx_HAL_Driver/Src/stm32f4xx_hal_pwr.d ./Drivers/STM32F4xx_HAL_Driver/Src/stm32f4xx_hal_pwr.o ./Drivers/STM32F4xx_HAL_Driver/Src/stm32f4xx_hal_pwr.su ./Drivers/STM32F4xx_HAL_Driver/Src/stm32f4xx_hal_pwr_ex.cyclo ./Drivers/STM32F4xx_HAL_Driver/Src/stm32f4xx_hal_pwr_ex.d ./Drivers/STM32F4xx_HAL_Driver/Src/stm32f4xx_hal_pwr_ex.o ./Drivers/STM32F4xx_HAL_Driver/Src/stm32f4xx_hal_pwr_ex.su ./Drivers/STM32F4xx_HAL_Driver/Src/stm32f4xx_hal_rcc.cyclo ./Drivers/STM32F4xx_HAL_Driver/Src/stm32f4xx_hal_rcc.d ./Drivers/STM32F4xx_HAL_Driver/Src/stm32f4xx_hal_rcc.o ./Drivers/STM32F4xx_HAL_Driver/Src/stm32f4xx_hal_rcc.su ./Drivers/STM32F4xx_HAL_Driver/Src/stm32f4xx_hal_rcc_ex.cyclo ./Drivers/STM32F4xx_HAL_Driver/Src/stm32f4xx_hal_rcc_ex.d ./Drivers/STM32F4xx_HAL_Driver/Src/stm32f4xx_hal_rcc_ex.o ./Drivers/STM32F4xx_HAL_Driver/Src/stm32f4xx_hal_rcc_ex.su ./Drivers/STM32F4xx_HAL_Driver/Src/stm32f4xx_hal_uart.cyclo ./Drivers/STM32F4xx_HAL_Driver/Src/stm32f4xx_hal_uart.d ./Drivers/STM32F4xx_HAL_Driver/Src/stm32f4xx_hal_uart.o ./Drivers/STM32F4xx_HAL_Driver/Src/stm32f4xx_hal_uart.su
rm -rf ./Core/Startup/startup_stm32f446retx.d ./Core/Startup/startup_stm32f446retx.o
rm -rf ./Core/Src/main.cyclo ./Core/Src/main.d ./Core/Src/main.o ./Core/Src/main.su ./Core/Src/stm32f4xx_hal_msp.cyclo ./Core/Src/stm32f4xx_hal_msp.d ./Core/Src/stm32f4xx_hal_msp.o ./Core/Src/stm32f4xx_hal_msp.su ./Core/Src/stm32f4xx_it.cyclo ./Core/Src/stm32f4xx_it.d ./Core/Src/stm32f4xx_it.o ./Core/Src/stm32f4xx_it.su ./Core/Src/syscalls.cyclo ./Core/Src/syscalls.d ./Core/Src/syscalls.o ./Core/Src/syscalls.su ./Core/Src/sysmem.cyclo ./Core/Src/sysmem.d ./Core/Src/sysmem.o ./Core/Src/sysmem.su ./Core/Src/system_stm32f4xx.cyclo ./Core/Src/system_stm32f4xx.d ./Core/Src/system_stm32f4xx.o ./Core/Src/system_stm32f4xx.su
rm -rf default.size.stdout uart_printf.elf uart_printf.list uart_printf.map
 
16:41:28 **** Build of configuration Debug for project uart_printf ****
make -j8 all 
arm-none-eabi-gcc "../Drivers/STM32F4xx_HAL_Driver/Src/stm32f4xx_hal.c" -mcpu=cortex-m4 -std=gnu11 -g3 -DDEBUG -DUSE_HAL_DRIVER -DSTM32F446xx -c -I../Core/Inc -I../Drivers/STM32F4xx_HAL_Driver/Inc -I../Drivers/STM32F4xx_HAL_Driver/Inc/Legacy -I../Drivers/CMSIS/Device/ST/STM32F4xx/Include -I../Drivers/CMSIS/Include -O0 -ffunction-sections -fdata-sections -Wall -fstack-usage -fcyclomatic-complexity -MMD -MP -MF"Drivers/STM32F4xx_HAL_Driver/Src/stm32f4xx_hal.d" -MT"Drivers/STM32F4xx_HAL_Driver/Src/stm32f4xx_hal.o" --specs=nano.specs -mfpu=fpv4-sp-d16 -mfloat-abi=hard -mthumb -o "Drivers/STM32F4xx_HAL_Driver/Src/stm32f4xx_hal.o"
arm-none-eabi-gcc "../Drivers/STM32F4xx_HAL_Driver/Src/stm32f4xx_hal_cortex.c" -mcpu=cortex-m4 -std=gnu11 -g3 -DDEBUG -DUSE_HAL_DRIVER -DSTM32F446xx -c -I../Core/Inc -I../Drivers/STM32F4xx_HAL_Driver/Inc -I../Drivers/STM32F4xx_HAL_Driver/Inc/Legacy -I../Drivers/CMSIS/Device/ST/STM32F4xx/Include -I../Drivers/CMSIS/Include -O0 -ffunction-sections -fdata-sections -Wall -fstack-usage -fcyclomatic-complexity -MMD -MP -MF"Drivers/STM32F4xx_HAL_Driver/Src/stm32f4xx_hal_cortex.d" -MT"Drivers/STM32F4xx_HAL_Driver/Src/stm32f4xx_hal_cortex.o" --specs=nano.specs -mfpu=fpv4-sp-d16 -mfloat-abi=hard -mthumb -o "Drivers/STM32F4xx_HAL_Driver/Src/stm32f4xx_hal_cortex.o"
arm-none-eabi-gcc "../Drivers/STM32F4xx_HAL_Driver/Src/stm32f4xx_hal_dma.c" -mcpu=cortex-m4 -std=gnu11 -g3 -DDEBUG -DUSE_HAL_DRIVER -DSTM32F446xx -c -I../Core/Inc -I../Drivers/STM32F4xx_HAL_Driver/Inc -I../Drivers/STM32F4xx_HAL_Driver/Inc/Legacy -I../Drivers/CMSIS/Device/ST/STM32F4xx/Include -I../Drivers/CMSIS/Include -O0 -ffunction-sections -fdata-sections -Wall -fstack-usage -fcyclomatic-complexity -MMD -MP -MF"Drivers/STM32F4xx_HAL_Driver/Src/stm32f4xx_hal_dma.d" -MT"Drivers/STM32F4xx_HAL_Driver/Src/stm32f4xx_hal_dma.o" --specs=nano.specs -mfpu=fpv4-sp-d16 -mfloat-abi=hard -mthumb -o "Drivers/STM32F4xx_HAL_Driver/Src/stm32f4xx_hal_dma.o"
arm-none-eabi-gcc "../Drivers/STM32F4xx_HAL_Driver/Src/stm32f4xx_hal_dma_ex.c" -mcpu=cortex-m4 -std=gnu11 -g3 -DDEBUG -DUSE_HAL_DRIVER -DSTM32F446xx -c -I../Core/Inc -I../Drivers/STM32F4xx_HAL_Driver/Inc -I../Drivers/STM32F4xx_HAL_Driver/Inc/Legacy -I../Drivers/CMSIS/Device/ST/STM32F4xx/Include -I../Drivers/CMSIS/Include -O0 -ffunction-sections -fdata-sections -Wall -fstack-usage -fcyclomatic-complexity -MMD -MP -MF"Drivers/STM32F4xx_HAL_Driver/Src/stm32f4xx_hal_dma_ex.d" -MT"Drivers/STM32F4xx_HAL_Driver/Src/stm32f4xx_hal_dma_ex.o" --specs=nano.specs -mfpu=fpv4-sp-d16 -mfloat-abi=hard -mthumb -o "Drivers/STM32F4xx_HAL_Driver/Src/stm32f4xx_hal_dma_ex.o"
arm-none-eabi-gcc "../Drivers/STM32F4xx_HAL_Driver/Src/stm32f4xx_hal_exti.c" -mcpu=cortex-m4 -std=gnu11 -g3 -DDEBUG -DUSE_HAL_DRIVER -DSTM32F446xx -c -I../Core/Inc -I../Drivers/STM32F4xx_HAL_Driver/Inc -I../Drivers/STM32F4xx_HAL_Driver/Inc/Legacy -I../Drivers/CMSIS/Device/ST/STM32F4xx/Include -I../Drivers/CMSIS/Include -O0 -ffunction-sections -fdata-sections -Wall -fstack-usage -fcyclomatic-complexity -MMD -MP -MF"Drivers/STM32F4xx_HAL_Driver/Src/stm32f4xx_hal_exti.d" -MT"Drivers/STM32F4xx_HAL_Driver/Src/stm32f4xx_hal_exti.o" --specs=nano.specs -mfpu=fpv4-sp-d16 -mfloat-abi=hard -mthumb -o "Drivers/STM32F4xx_HAL_Driver/Src/stm32f4xx_hal_exti.o"
arm-none-eabi-gcc "../Drivers/STM32F4xx_HAL_Driver/Src/stm32f4xx_hal_flash.c" -mcpu=cortex-m4 -std=gnu11 -g3 -DDEBUG -DUSE_HAL_DRIVER -DSTM32F446xx -c -I../Core/Inc -I../Drivers/STM32F4xx_HAL_Driver/Inc -I../Drivers/STM32F4xx_HAL_Driver/Inc/Legacy -I../Drivers/CMSIS/Device/ST/STM32F4xx/Include -I../Drivers/CMSIS/Include -O0 -ffunction-sections -fdata-sections -Wall -fstack-usage -fcyclomatic-complexity -MMD -MP -MF"Drivers/STM32F4xx_HAL_Driver/Src/stm32f4xx_hal_flash.d" -MT"Drivers/STM32F4xx_HAL_Driver/Src/stm32f4xx_hal_flash.o" --specs=nano.specs -mfpu=fpv4-sp-d16 -mfloat-abi=hard -mthumb -o "Drivers/STM32F4xx_HAL_Driver/Src/stm32f4xx_hal_flash.o"
arm-none-eabi-gcc "../Drivers/STM32F4xx_HAL_Driver/Src/stm32f4xx_hal_flash_ex.c" -mcpu=cortex-m4 -std=gnu11 -g3 -DDEBUG -DUSE_HAL_DRIVER -DSTM32F446xx -c -I../Core/Inc -I../Drivers/STM32F4xx_HAL_Driver/Inc -I../Drivers/STM32F4xx_HAL_Driver/Inc/Legacy -I../Drivers/CMSIS/Device/ST/STM32F4xx/Include -I../Drivers/CMSIS/Include -O0 -ffunction-sections -fdata-sections -Wall -fstack-usage -fcyclomatic-complexity -MMD -MP -MF"Drivers/STM32F4xx_HAL_Driver/Src/stm32f4xx_hal_flash_ex.d" -MT"Drivers/STM32F4xx_HAL_Driver/Src/stm32f4xx_hal_flash_ex.o" --specs=nano.specs -mfpu=fpv4-sp-d16 -mfloat-abi=hard -mthumb -o "Drivers/STM32F4xx_HAL_Driver/Src/stm32f4xx_hal_flash_ex.o"
arm-none-eabi-gcc "../Drivers/STM32F4xx_HAL_Driver/Src/stm32f4xx_hal_flash_ramfunc.c" -mcpu=cortex-m4 -std=gnu11 -g3 -DDEBUG -DUSE_HAL_DRIVER -DSTM32F446xx -c -I../Core/Inc -I../Drivers/STM32F4xx_HAL_Driver/Inc -I../Drivers/STM32F4xx_HAL_Driver/Inc/Legacy -I../Drivers/CMSIS/Device/ST/STM32F4xx/Include -I../Drivers/CMSIS/Include -O0 -ffunction-sections -fdata-sections -Wall -fstack-usage -fcyclomatic-complexity -MMD -MP -MF"Drivers/STM32F4xx_HAL_Driver/Src/stm32f4xx_hal_flash_ramfunc.d" -MT"Drivers/STM32F4xx_HAL_Driver/Src/stm32f4xx_hal_flash_ramfunc.o" --specs=nano.specs -mfpu=fpv4-sp-d16 -mfloat-abi=hard -mthumb -o "Drivers/STM32F4xx_HAL_Driver/Src/stm32f4xx_hal_flash_ramfunc.o"
arm-none-eabi-gcc "../Drivers/STM32F4xx_HAL_Driver/Src/stm32f4xx_hal_gpio.c" -mcpu=cortex-m4 -std=gnu11 -g3 -DDEBUG -DUSE_HAL_DRIVER -DSTM32F446xx -c -I../Core/Inc -I../Drivers/STM32F4xx_HAL_Driver/Inc -I../Drivers/STM32F4xx_HAL_Driver/Inc/Legacy -I../Drivers/CMSIS/Device/ST/STM32F4xx/Include -I../Drivers/CMSIS/Include -O0 -ffunction-sections -fdata-sections -Wall -fstack-usage -fcyclomatic-complexity -MMD -MP -MF"Drivers/STM32F4xx_HAL_Driver/Src/stm32f4xx_hal_gpio.d" -MT"Drivers/STM32F4xx_HAL_Driver/Src/stm32f4xx_hal_gpio.o" --specs=nano.specs -mfpu=fpv4-sp-d16 -mfloat-abi=hard -mthumb -o "Drivers/STM32F4xx_HAL_Driver/Src/stm32f4xx_hal_gpio.o"
arm-none-eabi-gcc "../Drivers/STM32F4xx_HAL_Driver/Src/stm32f4xx_hal_pwr.c" -mcpu=cortex-m4 -std=gnu11 -g3 -DDEBUG -DUSE_HAL_DRIVER -DSTM32F446xx -c -I../Core/Inc -I../Drivers/STM32F4xx_HAL_Driver/Inc -I../Drivers/STM32F4xx_HAL_Driver/Inc/Legacy -I../Drivers/CMSIS/Device/ST/STM32F4xx/Include -I../Drivers/CMSIS/Include -O0 -ffunction-sections -fdata-sections -Wall -fstack-usage -fcyclomatic-complexity -MMD -MP -MF"Drivers/STM32F4xx_HAL_Driver/Src/stm32f4xx_hal_pwr.d" -MT"Drivers/STM32F4xx_HAL_Driver/Src/stm32f4xx_hal_pwr.o" --specs=nano.specs -mfpu=fpv4-sp-d16 -mfloat-abi=hard -mthumb -o "Drivers/STM32F4xx_HAL_Driver/Src/stm32f4xx_hal_pwr.o"
arm-none-eabi-gcc "../Drivers/STM32F4xx_HAL_Driver/Src/stm32f4xx_hal_pwr_ex.c" -mcpu=cortex-m4 -std=gnu11 -g3 -DDEBUG -DUSE_HAL_DRIVER -DSTM32F446xx -c -I../Core/Inc -I../Drivers/STM32F4xx_HAL_Driver/Inc -I../Drivers/STM32F4xx_HAL_Driver/Inc/Legacy -I../Drivers/CMSIS/Device/ST/STM32F4xx/Include -I../Drivers/CMSIS/Include -O0 -ffunction-sections -fdata-sections -Wall -fstack-usage -fcyclomatic-complexity -MMD -MP -MF"Drivers/STM32F4xx_HAL_Driver/Src/stm32f4xx_hal_pwr_ex.d" -MT"Drivers/STM32F4xx_HAL_Driver/Src/stm32f4xx_hal_pwr_ex.o" --specs=nano.specs -mfpu=fpv4-sp-d16 -mfloat-abi=hard -mthumb -o "Drivers/STM32F4xx_HAL_Driver/Src/stm32f4xx_hal_pwr_ex.o"
arm-none-eabi-gcc "../Drivers/STM32F4xx_HAL_Driver/Src/stm32f4xx_hal_rcc.c" -mcpu=cortex-m4 -std=gnu11 -g3 -DDEBUG -DUSE_HAL_DRIVER -DSTM32F446xx -c -I../Core/Inc -I../Drivers/STM32F4xx_HAL_Driver/Inc -I../Drivers/STM32F4xx_HAL_Driver/Inc/Legacy -I../Drivers/CMSIS/Device/ST/STM32F4xx/Include -I../Drivers/CMSIS/Include -O0 -ffunction-sections -fdata-sections -Wall -fstack-usage -fcyclomatic-complexity -MMD -MP -MF"Drivers/STM32F4xx_HAL_Driver/Src/stm32f4xx_hal_rcc.d" -MT"Drivers/STM32F4xx_HAL_Driver/Src/stm32f4xx_hal_rcc.o" --specs=nano.specs -mfpu=fpv4-sp-d16 -mfloat-abi=hard -mthumb -o "Drivers/STM32F4xx_HAL_Driver/Src/stm32f4xx_hal_rcc.o"
arm-none-eabi-gcc "../Drivers/STM32F4xx_HAL_Driver/Src/stm32f4xx_hal_rcc_ex.c" -mcpu=cortex-m4 -std=gnu11 -g3 -DDEBUG -DUSE_HAL_DRIVER -DSTM32F446xx -c -I../Core/Inc -I../Drivers/STM32F4xx_HAL_Driver/Inc -I../Drivers/STM32F4xx_HAL_Driver/Inc/Legacy -I../Drivers/CMSIS/Device/ST/STM32F4xx/Include -I../Drivers/CMSIS/Include -O0 -ffunction-sections -fdata-sections -Wall -fstack-usage -fcyclomatic-complexity -MMD -MP -MF"Drivers/STM32F4xx_HAL_Driver/Src/stm32f4xx_hal_rcc_ex.d" -MT"Drivers/STM32F4xx_HAL_Driver/Src/stm32f4xx_hal_rcc_ex.o" --specs=nano.specs -mfpu=fpv4-sp-d16 -mfloat-abi=hard -mthumb -o "Drivers/STM32F4xx_HAL_Driver/Src/stm32f4xx_hal_rcc_ex.o"
arm-none-eabi-gcc "../Drivers/STM32F4xx_HAL_Driver/Src/stm32f4xx_hal_uart.c" -mcpu=cortex-m4 -std=gnu11 -g3 -DDEBUG -DUSE_HAL_DRIVER -DSTM32F446xx -c -I../Core/Inc -I../Drivers/STM32F4xx_HAL_Driver/Inc -I../Drivers/STM32F4xx_HAL_Driver/Inc/Legacy -I../Drivers/CMSIS/Device/ST/STM32F4xx/Include -I../Drivers/CMSIS/Include -O0 -ffunction-sections -fdata-sections -Wall -fstack-usage -fcyclomatic-complexity -MMD -MP -MF"Drivers/STM32F4xx_HAL_Driver/Src/stm32f4xx_hal_uart.d" -MT"Drivers/STM32F4xx_HAL_Driver/Src/stm32f4xx_hal_uart.o" --specs=nano.specs -mfpu=fpv4-sp-d16 -mfloat-abi=hard -mthumb -o "Drivers/STM32F4xx_HAL_Driver/Src/stm32f4xx_hal_uart.o"
arm-none-eabi-gcc -mcpu=cortex-m4 -g3 -DDEBUG -c -x assembler-with-cpp -MMD -MP -MF"Core/Startup/startup_stm32f446retx.d" -MT"Core/Startup/startup_stm32f446retx.o" --specs=nano.specs -mfpu=fpv4-sp-d16 -mfloat-abi=hard -mthumb -o "Core/Startup/startup_stm32f446retx.o" "../Core/Startup/startup_stm32f446retx.s"
arm-none-eabi-gcc "../Core/Src/main.c" -mcpu=cortex-m4 -std=gnu11 -g3 -DDEBUG -DUSE_HAL_DRIVER -DSTM32F446xx -c -I../Core/Inc -I../Drivers/STM32F4xx_HAL_Driver/Inc -I../Drivers/STM32F4xx_HAL_Driver/Inc/Legacy -I../Drivers/CMSIS/Device/ST/STM32F4xx/Include -I../Drivers/CMSIS/Include -O0 -ffunction-sections -fdata-sections -Wall -fstack-usage -fcyclomatic-complexity -MMD -MP -MF"Core/Src/main.d" -MT"Core/Src/main.o" --specs=nano.specs -mfpu=fpv4-sp-d16 -mfloat-abi=hard -mthumb -o "Core/Src/main.o"
arm-none-eabi-gcc "../Core/Src/stm32f4xx_hal_msp.c" -mcpu=cortex-m4 -std=gnu11 -g3 -DDEBUG -DUSE_HAL_DRIVER -DSTM32F446xx -c -I../Core/Inc -I../Drivers/STM32F4xx_HAL_Driver/Inc -I../Drivers/STM32F4xx_HAL_Driver/Inc/Legacy -I../Drivers/CMSIS/Device/ST/STM32F4xx/Include -I../Drivers/CMSIS/Include -O0 -ffunction-sections -fdata-sections -Wall -fstack-usage -fcyclomatic-complexity -MMD -MP -MF"Core/Src/stm32f4xx_hal_msp.d" -MT"Core/Src/stm32f4xx_hal_msp.o" --specs=nano.specs -mfpu=fpv4-sp-d16 -mfloat-abi=hard -mthumb -o "Core/Src/stm32f4xx_hal_msp.o"
../Core/Src/main.c: In function 'main':
../Core/Src/main.c:127:11: warning: implicit declaration of function 'printf' [-Wimplicit-function-declaration]
  127 |           printf("a = %d\r\n", te.a);
      |           ^~~~~~
../Core/Src/main.c:21:1: note: include '<stdio.h>' or provide a declaration of 'printf'
   20 | #include "main.h"
  +++ |+#include <stdio.h>
   21 | 
../Core/Src/main.c:127:11: warning: incompatible implicit declaration of built-in function 'printf' [-Wbuiltin-declaration-mismatch]
  127 |           printf("a = %d\r\n", te.a);
      |           ^~~~~~
../Core/Src/main.c:127:11: note: include '<stdio.h>' or provide a declaration of 'printf'
arm-none-eabi-gcc "../Core/Src/stm32f4xx_it.c" -mcpu=cortex-m4 -std=gnu11 -g3 -DDEBUG -DUSE_HAL_DRIVER -DSTM32F446xx -c -I../Core/Inc -I../Drivers/STM32F4xx_HAL_Driver/Inc -I../Drivers/STM32F4xx_HAL_Driver/Inc/Legacy -I../Drivers/CMSIS/Device/ST/STM32F4xx/Include -I../Drivers/CMSIS/Include -O0 -ffunction-sections -fdata-sections -Wall -fstack-usage -fcyclomatic-complexity -MMD -MP -MF"Core/Src/stm32f4xx_it.d" -MT"Core/Src/stm32f4xx_it.o" --specs=nano.specs -mfpu=fpv4-sp-d16 -mfloat-abi=hard -mthumb -o "Core/Src/stm32f4xx_it.o"
arm-none-eabi-gcc "../Core/Src/syscalls.c" -mcpu=cortex-m4 -std=gnu11 -g3 -DDEBUG -DUSE_HAL_DRIVER -DSTM32F446xx -c -I../Core/Inc -I../Drivers/STM32F4xx_HAL_Driver/Inc -I../Drivers/STM32F4xx_HAL_Driver/Inc/Legacy -I../Drivers/CMSIS/Device/ST/STM32F4xx/Include -I../Drivers/CMSIS/Include -O0 -ffunction-sections -fdata-sections -Wall -fstack-usage -fcyclomatic-complexity -MMD -MP -MF"Core/Src/syscalls.d" -MT"Core/Src/syscalls.o" --specs=nano.specs -mfpu=fpv4-sp-d16 -mfloat-abi=hard -mthumb -o "Core/Src/syscalls.o"
arm-none-eabi-gcc "../Core/Src/sysmem.c" -mcpu=cortex-m4 -std=gnu11 -g3 -DDEBUG -DUSE_HAL_DRIVER -DSTM32F446xx -c -I../Core/Inc -I../Drivers/STM32F4xx_HAL_Driver/Inc -I../Drivers/STM32F4xx_HAL_Driver/Inc/Legacy -I../Drivers/CMSIS/Device/ST/STM32F4xx/Include -I../Drivers/CMSIS/Include -O0 -ffunction-sections -fdata-sections -Wall -fstack-usage -fcyclomatic-complexity -MMD -MP -MF"Core/Src/sysmem.d" -MT"Core/Src/sysmem.o" --specs=nano.specs -mfpu=fpv4-sp-d16 -mfloat-abi=hard -mthumb -o "Core/Src/sysmem.o"
arm-none-eabi-gcc "../Core/Src/system_stm32f4xx.c" -mcpu=cortex-m4 -std=gnu11 -g3 -DDEBUG -DUSE_HAL_DRIVER -DSTM32F446xx -c -I../Core/Inc -I../Drivers/STM32F4xx_HAL_Driver/Inc -I../Drivers/STM32F4xx_HAL_Driver/Inc/Legacy -I../Drivers/CMSIS/Device/ST/STM32F4xx/Include -I../Drivers/CMSIS/Include -O0 -ffunction-sections -fdata-sections -Wall -fstack-usage -fcyclomatic-complexity -MMD -MP -MF"Core/Src/system_stm32f4xx.d" -MT"Core/Src/system_stm32f4xx.o" --specs=nano.specs -mfpu=fpv4-sp-d16 -mfloat-abi=hard -mthumb -o "Core/Src/system_stm32f4xx.o"
arm-none-eabi-gcc -o "uart_printf.elf" @"objects.list"   -mcpu=cortex-m4 -T"C:\Study\STM32\OJ_tube\uart_printf\STM32F446RETX_FLASH.ld" --specs=nosys.specs -Wl,-Map="uart_printf.map" -Wl,--gc-sections -static -u _printf_float --specs=nano.specs -mfpu=fpv4-sp-d16 -mfloat-abi=hard -mthumb -Wl,--start-group -lc -lm -Wl,--end-group
Finished building target: uart_printf.elf
 
arm-none-eabi-size  uart_printf.elf 
arm-none-eabi-objdump -h -S uart_printf.elf  > "uart_printf.list"
   text	   data	    bss	    dec	    hex	filename
  23324	    468	   1988	  25780	   64b4	uart_printf.elf
Finished building: default.size.stdout
 
Finished building: uart_printf.list
 
16:48:17 **** Incremental Build of configuration Debug for project FND_control ****
make -j8 all 
arm-none-eabi-gcc "../Core/Src/main.c" -mcpu=cortex-m4 -std=gnu11 -g3 -DDEBUG -DUSE_HAL_DRIVER -DSTM32F446xx -c -I../Core/Inc -I../Drivers/STM32F4xx_HAL_Driver/Inc -I../Drivers/STM32F4xx_HAL_Driver/Inc/Legacy -I../Drivers/CMSIS/Device/ST/STM32F4xx/Include -I../Drivers/CMSIS/Include -O0 -ffunction-sections -fdata-sections -Wall -fstack-usage -fcyclomatic-complexity -MMD -MP -MF"Core/Src/main.d" -MT"Core/Src/main.o" --specs=nano.specs -mfpu=fpv4-sp-d16 -mfloat-abi=hard -mthumb -o "Core/Src/main.o"
arm-none-eabi-gcc -o "FND_control.elf" @"objects.list"   -mcpu=cortex-m4 -T"C:\Study\STM32\OJ_tube\FND_module\STM32F446RETX_FLASH.ld" --specs=nosys.specs -Wl,-Map="FND_control.map" -Wl,--gc-sections -static --specs=nano.specs -mfpu=fpv4-sp-d16 -mfloat-abi=hard -mthumb -Wl,--start-group -lc -lm -Wl,--end-group
Finished building target: FND_control.elf
 
arm-none-eabi-size  FND_control.elf 
arm-none-eabi-objdump -h -S FND_control.elf  > "FND_control.list"
   text	   data	    bss	    dec	    hex	filename
   6860	     12	   1604	   8476	   211c	FND_control.elf
Finished building: default.size.stdout
 
Finished building: FND_control.list
 
13:08:51 **** Incremental Build of configuration Debug for project FND_control ****
make -j8 all 
arm-none-eabi-gcc "../Core/Src/main.c" -mcpu=cortex-m4 -std=gnu11 -g3 -DDEBUG -DUSE_HAL_DRIVER -DSTM32F446xx -c -I../Core/Inc -I../Drivers/STM32F4xx_HAL_Driver/Inc -I../Drivers/STM32F4xx_HAL_Driver/Inc/Legacy -I../Drivers/CMSIS/Device/ST/STM32F4xx/Include -I../Drivers/CMSIS/Include -O0 -ffunction-sections -fdata-sections -Wall -fstack-usage -fcyclomatic-complexity -MMD -MP -MF"Core/Src/main.d" -MT"Core/Src/main.o" --specs=nano.specs -mfpu=fpv4-sp-d16 -mfloat-abi=hard -mthumb -o "Core/Src/main.o"
arm-none-eabi-gcc -o "FND_control.elf" @"objects.list"   -mcpu=cortex-m4 -T"C:\Study\STM32\OJ_tube\FND_module\STM32F446RETX_FLASH.ld" --specs=nosys.specs -Wl,-Map="FND_control.map" -Wl,--gc-sections -static --specs=nano.specs -mfpu=fpv4-sp-d16 -mfloat-abi=hard -mthumb -Wl,--start-group -lc -lm -Wl,--end-group
Finished building target: FND_control.elf
 
arm-none-eabi-size  FND_control.elf 
arm-none-eabi-objdump -h -S FND_control.elf  > "FND_control.list"
   text	   data	    bss	    dec	    hex	filename
   7052	     12	   1604	   8668	   21dc	FND_control.elf
Finished building: default.size.stdout
 
Finished building: FND_control.list
 
13:10:28 **** Incremental Build of configuration Debug for project FND_control ****
make -j8 all 
arm-none-eabi-gcc "../Core/Src/main.c" -mcpu=cortex-m4 -std=gnu11 -g3 -DDEBUG -DUSE_HAL_DRIVER -DSTM32F446xx -c -I../Core/Inc -I../Drivers/STM32F4xx_HAL_Driver/Inc -I../Drivers/STM32F4xx_HAL_Driver/Inc/Legacy -I../Drivers/CMSIS/Device/ST/STM32F4xx/Include -I../Drivers/CMSIS/Include -O0 -ffunction-sections -fdata-sections -Wall -fstack-usage -fcyclomatic-complexity -MMD -MP -MF"Core/Src/main.d" -MT"Core/Src/main.o" --specs=nano.specs -mfpu=fpv4-sp-d16 -mfloat-abi=hard -mthumb -o "Core/Src/main.o"
arm-none-eabi-gcc -o "FND_control.elf" @"objects.list"   -mcpu=cortex-m4 -T"C:\Study\STM32\OJ_tube\FND_module\STM32F446RETX_FLASH.ld" --specs=nosys.specs -Wl,-Map="FND_control.map" -Wl,--gc-sections -static --specs=nano.specs -mfpu=fpv4-sp-d16 -mfloat-abi=hard -mthumb -Wl,--start-group -lc -lm -Wl,--end-group
Finished building target: FND_control.elf
 
arm-none-eabi-size  FND_control.elf 
arm-none-eabi-objdump -h -S FND_control.elf  > "FND_control.list"
   text	   data	    bss	    dec	    hex	filename
   7052	     12	   1604	   8668	   21dc	FND_control.elf
Finished building: default.size.stdout
 
Finished building: FND_control.list
 
13:11:04 **** Incremental Build of configuration Debug for project FND_control ****
make -j8 all 
arm-none-eabi-gcc "../Core/Src/main.c" -mcpu=cortex-m4 -std=gnu11 -g3 -DDEBUG -DUSE_HAL_DRIVER -DSTM32F446xx -c -I../Core/Inc -I../Drivers/STM32F4xx_HAL_Driver/Inc -I../Drivers/STM32F4xx_HAL_Driver/Inc/Legacy -I../Drivers/CMSIS/Device/ST/STM32F4xx/Include -I../Drivers/CMSIS/Include -O0 -ffunction-sections -fdata-sections -Wall -fstack-usage -fcyclomatic-complexity -MMD -MP -MF"Core/Src/main.d" -MT"Core/Src/main.o" --specs=nano.specs -mfpu=fpv4-sp-d16 -mfloat-abi=hard -mthumb -o "Core/Src/main.o"
arm-none-eabi-gcc -o "FND_control.elf" @"objects.list"   -mcpu=cortex-m4 -T"C:\Study\STM32\OJ_tube\FND_module\STM32F446RETX_FLASH.ld" --specs=nosys.specs -Wl,-Map="FND_control.map" -Wl,--gc-sections -static --specs=nano.specs -mfpu=fpv4-sp-d16 -mfloat-abi=hard -mthumb -Wl,--start-group -lc -lm -Wl,--end-group
Finished building target: FND_control.elf
 
arm-none-eabi-size  FND_control.elf 
arm-none-eabi-objdump -h -S FND_control.elf  > "FND_control.list"
   text	   data	    bss	    dec	    hex	filename
   7056	     12	   1604	   8672	   21e0	FND_control.elf
Finished building: default.size.stdout
 
Finished building: FND_control.list
 
13:16:27 **** Incremental Build of configuration Debug for project FND_control ****
make -j8 all 
arm-none-eabi-gcc "../Core/Src/main.c" -mcpu=cortex-m4 -std=gnu11 -g3 -DDEBUG -DUSE_HAL_DRIVER -DSTM32F446xx -c -I../Core/Inc -I../Drivers/STM32F4xx_HAL_Driver/Inc -I../Drivers/STM32F4xx_HAL_Driver/Inc/Legacy -I../Drivers/CMSIS/Device/ST/STM32F4xx/Include -I../Drivers/CMSIS/Include -O0 -ffunction-sections -fdata-sections -Wall -fstack-usage -fcyclomatic-complexity -MMD -MP -MF"Core/Src/main.d" -MT"Core/Src/main.o" --specs=nano.specs -mfpu=fpv4-sp-d16 -mfloat-abi=hard -mthumb -o "Core/Src/main.o"
arm-none-eabi-gcc -o "FND_control.elf" @"objects.list"   -mcpu=cortex-m4 -T"C:\Study\STM32\OJ_tube\FND_module\STM32F446RETX_FLASH.ld" --specs=nosys.specs -Wl,-Map="FND_control.map" -Wl,--gc-sections -static --specs=nano.specs -mfpu=fpv4-sp-d16 -mfloat-abi=hard -mthumb -Wl,--start-group -lc -lm -Wl,--end-group
Finished building target: FND_control.elf
 
arm-none-eabi-size  FND_control.elf 
arm-none-eabi-objdump -h -S FND_control.elf  > "FND_control.list"
   text	   data	    bss	    dec	    hex	filename
   6700	     12	   1604	   8316	   207c	FND_control.elf
Finished building: default.size.stdout
 
Finished building: FND_control.list
 
13:18:43 **** Incremental Build of configuration Debug for project FND_control ****
make -j8 all 
arm-none-eabi-gcc "../Core/Src/FND_controller.c" -mcpu=cortex-m4 -std=gnu11 -g3 -DDEBUG -DUSE_HAL_DRIVER -DSTM32F446xx -c -I../Core/Inc -I../Drivers/STM32F4xx_HAL_Driver/Inc -I../Drivers/STM32F4xx_HAL_Driver/Inc/Legacy -I../Drivers/CMSIS/Device/ST/STM32F4xx/Include -I../Drivers/CMSIS/Include -O0 -ffunction-sections -fdata-sections -Wall -fstack-usage -fcyclomatic-complexity -MMD -MP -MF"Core/Src/FND_controller.d" -MT"Core/Src/FND_controller.o" --specs=nano.specs -mfpu=fpv4-sp-d16 -mfloat-abi=hard -mthumb -o "Core/Src/FND_controller.o"
arm-none-eabi-gcc -o "FND_control.elf" @"objects.list"   -mcpu=cortex-m4 -T"C:\Study\STM32\OJ_tube\FND_module\STM32F446RETX_FLASH.ld" --specs=nosys.specs -Wl,-Map="FND_control.map" -Wl,--gc-sections -static --specs=nano.specs -mfpu=fpv4-sp-d16 -mfloat-abi=hard -mthumb -Wl,--start-group -lc -lm -Wl,--end-group
Finished building target: FND_control.elf
 
arm-none-eabi-size  FND_control.elf 
arm-none-eabi-objdump -h -S FND_control.elf  > "FND_control.list"
   text	   data	    bss	    dec	    hex	filename
   6700	     12	   1604	   8316	   207c	FND_control.elf
Finished building: default.size.stdout
 
Finished building: FND_control.list
 
13:19:09 **** Incremental Build of configuration Debug for project FND_control ****
make -j8 all 
arm-none-eabi-gcc "../Core/Src/main.c" -mcpu=cortex-m4 -std=gnu11 -g3 -DDEBUG -DUSE_HAL_DRIVER -DSTM32F446xx -c -I../Core/Inc -I../Drivers/STM32F4xx_HAL_Driver/Inc -I../Drivers/STM32F4xx_HAL_Driver/Inc/Legacy -I../Drivers/CMSIS/Device/ST/STM32F4xx/Include -I../Drivers/CMSIS/Include -O0 -ffunction-sections -fdata-sections -Wall -fstack-usage -fcyclomatic-complexity -MMD -MP -MF"Core/Src/main.d" -MT"Core/Src/main.o" --specs=nano.specs -mfpu=fpv4-sp-d16 -mfloat-abi=hard -mthumb -o "Core/Src/main.o"
arm-none-eabi-gcc -o "FND_control.elf" @"objects.list"   -mcpu=cortex-m4 -T"C:\Study\STM32\OJ_tube\FND_module\STM32F446RETX_FLASH.ld" --specs=nosys.specs -Wl,-Map="FND_control.map" -Wl,--gc-sections -static --specs=nano.specs -mfpu=fpv4-sp-d16 -mfloat-abi=hard -mthumb -Wl,--start-group -lc -lm -Wl,--end-group
Finished building target: FND_control.elf
 
arm-none-eabi-size  FND_control.elf 
arm-none-eabi-objdump -h -S FND_control.elf  > "FND_control.list"
   text	   data	    bss	    dec	    hex	filename
   6700	     12	   1604	   8316	   207c	FND_control.elf
Finished building: default.size.stdout
 
Finished building: FND_control.list
 
13:21:44 **** Incremental Build of configuration Debug for project FND_control ****
make -j8 all 
arm-none-eabi-gcc "../Core/Src/main.c" -mcpu=cortex-m4 -std=gnu11 -g3 -DDEBUG -DUSE_HAL_DRIVER -DSTM32F446xx -c -I../Core/Inc -I../Drivers/STM32F4xx_HAL_Driver/Inc -I../Drivers/STM32F4xx_HAL_Driver/Inc/Legacy -I../Drivers/CMSIS/Device/ST/STM32F4xx/Include -I../Drivers/CMSIS/Include -O0 -ffunction-sections -fdata-sections -Wall -fstack-usage -fcyclomatic-complexity -MMD -MP -MF"Core/Src/main.d" -MT"Core/Src/main.o" --specs=nano.specs -mfpu=fpv4-sp-d16 -mfloat-abi=hard -mthumb -o "Core/Src/main.o"
arm-none-eabi-gcc -o "FND_control.elf" @"objects.list"   -mcpu=cortex-m4 -T"C:\Study\STM32\OJ_tube\FND_module\STM32F446RETX_FLASH.ld" --specs=nosys.specs -Wl,-Map="FND_control.map" -Wl,--gc-sections -static --specs=nano.specs -mfpu=fpv4-sp-d16 -mfloat-abi=hard -mthumb -Wl,--start-group -lc -lm -Wl,--end-group
Finished building target: FND_control.elf
 
arm-none-eabi-size  FND_control.elf 
arm-none-eabi-objdump -h -S FND_control.elf  > "FND_control.list"
   text	   data	    bss	    dec	    hex	filename
   6700	     12	   1604	   8316	   207c	FND_control.elf
Finished building: default.size.stdout
 
Finished building: FND_control.list
 
14:16:03 **** Build of configuration Debug for project FND_control_switch ****
make -j8 all 
arm-none-eabi-gcc "../Core/Src/FND_controller.c" -mcpu=cortex-m4 -std=gnu11 -g3 -DDEBUG -DUSE_HAL_DRIVER -DSTM32F446xx -c -I../Core/Inc -I../Drivers/STM32F4xx_HAL_Driver/Inc -I../Drivers/STM32F4xx_HAL_Driver/Inc/Legacy -I../Drivers/CMSIS/Device/ST/STM32F4xx/Include -I../Drivers/CMSIS/Include -O0 -ffunction-sections -fdata-sections -Wall -fstack-usage -fcyclomatic-complexity -MMD -MP -MF"Core/Src/FND_controller.d" -MT"Core/Src/FND_controller.o" --specs=nano.specs -mfpu=fpv4-sp-d16 -mfloat-abi=hard -mthumb -o "Core/Src/FND_controller.o"
arm-none-eabi-gcc "../Core/Src/main.c" -mcpu=cortex-m4 -std=gnu11 -g3 -DDEBUG -DUSE_HAL_DRIVER -DSTM32F446xx -c -I../Core/Inc -I../Drivers/STM32F4xx_HAL_Driver/Inc -I../Drivers/STM32F4xx_HAL_Driver/Inc/Legacy -I../Drivers/CMSIS/Device/ST/STM32F4xx/Include -I../Drivers/CMSIS/Include -O0 -ffunction-sections -fdata-sections -Wall -fstack-usage -fcyclomatic-complexity -MMD -MP -MF"Core/Src/main.d" -MT"Core/Src/main.o" --specs=nano.specs -mfpu=fpv4-sp-d16 -mfloat-abi=hard -mthumb -o "Core/Src/main.o"
arm-none-eabi-gcc "../Core/Src/stm32f4xx_hal_msp.c" -mcpu=cortex-m4 -std=gnu11 -g3 -DDEBUG -DUSE_HAL_DRIVER -DSTM32F446xx -c -I../Core/Inc -I../Drivers/STM32F4xx_HAL_Driver/Inc -I../Drivers/STM32F4xx_HAL_Driver/Inc/Legacy -I../Drivers/CMSIS/Device/ST/STM32F4xx/Include -I../Drivers/CMSIS/Include -O0 -ffunction-sections -fdata-sections -Wall -fstack-usage -fcyclomatic-complexity -MMD -MP -MF"Core/Src/stm32f4xx_hal_msp.d" -MT"Core/Src/stm32f4xx_hal_msp.o" --specs=nano.specs -mfpu=fpv4-sp-d16 -mfloat-abi=hard -mthumb -o "Core/Src/stm32f4xx_hal_msp.o"
arm-none-eabi-gcc "../Core/Src/stm32f4xx_it.c" -mcpu=cortex-m4 -std=gnu11 -g3 -DDEBUG -DUSE_HAL_DRIVER -DSTM32F446xx -c -I../Core/Inc -I../Drivers/STM32F4xx_HAL_Driver/Inc -I../Drivers/STM32F4xx_HAL_Driver/Inc/Legacy -I../Drivers/CMSIS/Device/ST/STM32F4xx/Include -I../Drivers/CMSIS/Include -O0 -ffunction-sections -fdata-sections -Wall -fstack-usage -fcyclomatic-complexity -MMD -MP -MF"Core/Src/stm32f4xx_it.d" -MT"Core/Src/stm32f4xx_it.o" --specs=nano.specs -mfpu=fpv4-sp-d16 -mfloat-abi=hard -mthumb -o "Core/Src/stm32f4xx_it.o"
arm-none-eabi-gcc -o "FND_control_switch.elf" @"objects.list"   -mcpu=cortex-m4 -T"C:\Study\STM32\OJ_tube\FND_control_switch\STM32F446RETX_FLASH.ld" --specs=nosys.specs -Wl,-Map="FND_control_switch.map" -Wl,--gc-sections -static --specs=nano.specs -mfpu=fpv4-sp-d16 -mfloat-abi=hard -mthumb -Wl,--start-group -lc -lm -Wl,--end-group
Finished building target: FND_control_switch.elf
 
arm-none-eabi-size  FND_control_switch.elf 
arm-none-eabi-objdump -h -S FND_control_switch.elf  > "FND_control_switch.list"
   text	   data	    bss	    dec	    hex	filename
   7244	     12	   1604	   8860	   229c	FND_control_switch.elf
Finished building: default.size.stdout
 
Finished building: FND_control_switch.list
 
14:16:45 **** Incremental Build of configuration Debug for project FND_control_switch ****
make -j8 all 
arm-none-eabi-size  FND_control_switch.elf 
   text	   data	    bss	    dec	    hex	filename
   7244	     12	   1604	   8860	   229c	FND_control_switch.elf
Finished building: default.size.stdout
 
14:17:58 **** Incremental Build of configuration Debug for project FND_control_switch ****
make -j8 all 
arm-none-eabi-gcc "../Core/Src/main.c" -mcpu=cortex-m4 -std=gnu11 -g3 -DDEBUG -DUSE_HAL_DRIVER -DSTM32F446xx -c -I../Core/Inc -I../Drivers/STM32F4xx_HAL_Driver/Inc -I../Drivers/STM32F4xx_HAL_Driver/Inc/Legacy -I../Drivers/CMSIS/Device/ST/STM32F4xx/Include -I../Drivers/CMSIS/Include -O0 -ffunction-sections -fdata-sections -Wall -fstack-usage -fcyclomatic-complexity -MMD -MP -MF"Core/Src/main.d" -MT"Core/Src/main.o" --specs=nano.specs -mfpu=fpv4-sp-d16 -mfloat-abi=hard -mthumb -o "Core/Src/main.o"
arm-none-eabi-gcc -o "FND_control_switch.elf" @"objects.list"   -mcpu=cortex-m4 -T"C:\Study\STM32\OJ_tube\FND_control_switch\STM32F446RETX_FLASH.ld" --specs=nosys.specs -Wl,-Map="FND_control_switch.map" -Wl,--gc-sections -static --specs=nano.specs -mfpu=fpv4-sp-d16 -mfloat-abi=hard -mthumb -Wl,--start-group -lc -lm -Wl,--end-group
Finished building target: FND_control_switch.elf
 
arm-none-eabi-size  FND_control_switch.elf 
arm-none-eabi-objdump -h -S FND_control_switch.elf  > "FND_control_switch.list"
   text	   data	    bss	    dec	    hex	filename
   7252	     12	   1604	   8868	   22a4	FND_control_switch.elf
Finished building: default.size.stdout
 
Finished building: FND_control_switch.list
 
14:20:02 **** Clean-only build of configuration Debug for project FND_control_switch ****
make -j8 clean 
rm -rf ./Drivers/STM32F4xx_HAL_Driver/Src/stm32f4xx_hal.cyclo ./Drivers/STM32F4xx_HAL_Driver/Src/stm32f4xx_hal.d ./Drivers/STM32F4xx_HAL_Driver/Src/stm32f4xx_hal.o ./Drivers/STM32F4xx_HAL_Driver/Src/stm32f4xx_hal.su ./Drivers/STM32F4xx_HAL_Driver/Src/stm32f4xx_hal_cortex.cyclo ./Drivers/STM32F4xx_HAL_Driver/Src/stm32f4xx_hal_cortex.d ./Drivers/STM32F4xx_HAL_Driver/Src/stm32f4xx_hal_cortex.o ./Drivers/STM32F4xx_HAL_Driver/Src/stm32f4xx_hal_cortex.su ./Drivers/STM32F4xx_HAL_Driver/Src/stm32f4xx_hal_dma.cyclo ./Drivers/STM32F4xx_HAL_Driver/Src/stm32f4xx_hal_dma.d ./Drivers/STM32F4xx_HAL_Driver/Src/stm32f4xx_hal_dma.o ./Drivers/STM32F4xx_HAL_Driver/Src/stm32f4xx_hal_dma.su ./Drivers/STM32F4xx_HAL_Driver/Src/stm32f4xx_hal_dma_ex.cyclo ./Drivers/STM32F4xx_HAL_Driver/Src/stm32f4xx_hal_dma_ex.d ./Drivers/STM32F4xx_HAL_Driver/Src/stm32f4xx_hal_dma_ex.o ./Drivers/STM32F4xx_HAL_Driver/Src/stm32f4xx_hal_dma_ex.su ./Drivers/STM32F4xx_HAL_Driver/Src/stm32f4xx_hal_exti.cyclo ./Drivers/STM32F4xx_HAL_Driver/Src/stm32f4xx_hal_exti.d ./Drivers/STM32F4xx_HAL_Driver/Src/stm32f4xx_hal_exti.o ./Drivers/STM32F4xx_HAL_Driver/Src/stm32f4xx_hal_exti.su ./Drivers/STM32F4xx_HAL_Driver/Src/stm32f4xx_hal_flash.cyclo ./Drivers/STM32F4xx_HAL_Driver/Src/stm32f4xx_hal_flash.d ./Drivers/STM32F4xx_HAL_Driver/Src/stm32f4xx_hal_flash.o ./Drivers/STM32F4xx_HAL_Driver/Src/stm32f4xx_hal_flash.su ./Drivers/STM32F4xx_HAL_Driver/Src/stm32f4xx_hal_flash_ex.cyclo ./Drivers/STM32F4xx_HAL_Driver/Src/stm32f4xx_hal_flash_ex.d ./Drivers/STM32F4xx_HAL_Driver/Src/stm32f4xx_hal_flash_ex.o ./Drivers/STM32F4xx_HAL_Driver/Src/stm32f4xx_hal_flash_ex.su ./Drivers/STM32F4xx_HAL_Driver/Src/stm32f4xx_hal_flash_ramfunc.cyclo ./Drivers/STM32F4xx_HAL_Driver/Src/stm32f4xx_hal_flash_ramfunc.d ./Drivers/STM32F4xx_HAL_Driver/Src/stm32f4xx_hal_flash_ramfunc.o ./Drivers/STM32F4xx_HAL_Driver/Src/stm32f4xx_hal_flash_ramfunc.su ./Drivers/STM32F4xx_HAL_Driver/Src/stm32f4xx_hal_gpio.cyclo ./Drivers/STM32F4xx_HAL_Driver/Src/stm32f4xx_hal_gpio.d ./Drivers/STM32F4xx_HAL_Driver/Src/stm32f4xx_hal_gpio.o ./Drivers/STM32F4xx_HAL_Driver/Src/stm32f4xx_hal_gpio.su ./Drivers/STM32F4xx_HAL_Driver/Src/stm32f4xx_hal_pwr.cyclo ./Drivers/STM32F4xx_HAL_Driver/Src/stm32f4xx_hal_pwr.d ./Drivers/STM32F4xx_HAL_Driver/Src/stm32f4xx_hal_pwr.o ./Drivers/STM32F4xx_HAL_Driver/Src/stm32f4xx_hal_pwr.su ./Drivers/STM32F4xx_HAL_Driver/Src/stm32f4xx_hal_pwr_ex.cyclo ./Drivers/STM32F4xx_HAL_Driver/Src/stm32f4xx_hal_pwr_ex.d ./Drivers/STM32F4xx_HAL_Driver/Src/stm32f4xx_hal_pwr_ex.o ./Drivers/STM32F4xx_HAL_Driver/Src/stm32f4xx_hal_pwr_ex.su ./Drivers/STM32F4xx_HAL_Driver/Src/stm32f4xx_hal_rcc.cyclo ./Drivers/STM32F4xx_HAL_Driver/Src/stm32f4xx_hal_rcc.d ./Drivers/STM32F4xx_HAL_Driver/Src/stm32f4xx_hal_rcc.o ./Drivers/STM32F4xx_HAL_Driver/Src/stm32f4xx_hal_rcc.su ./Drivers/STM32F4xx_HAL_Driver/Src/stm32f4xx_hal_rcc_ex.cyclo ./Drivers/STM32F4xx_HAL_Driver/Src/stm32f4xx_hal_rcc_ex.d ./Drivers/STM32F4xx_HAL_Driver/Src/stm32f4xx_hal_rcc_ex.o ./Drivers/STM32F4xx_HAL_Driver/Src/stm32f4xx_hal_rcc_ex.su
rm -rf ./Core/Startup/startup_stm32f446retx.d ./Core/Startup/startup_stm32f446retx.o
rm -rf ./Core/Src/FND_controller.cyclo ./Core/Src/FND_controller.d ./Core/Src/FND_controller.o ./Core/Src/FND_controller.su ./Core/Src/main.cyclo ./Core/Src/main.d ./Core/Src/main.o ./Core/Src/main.su ./Core/Src/stm32f4xx_hal_msp.cyclo ./Core/Src/stm32f4xx_hal_msp.d ./Core/Src/stm32f4xx_hal_msp.o ./Core/Src/stm32f4xx_hal_msp.su ./Core/Src/stm32f4xx_it.cyclo ./Core/Src/stm32f4xx_it.d ./Core/Src/stm32f4xx_it.o ./Core/Src/stm32f4xx_it.su ./Core/Src/syscalls.cyclo ./Core/Src/syscalls.d ./Core/Src/syscalls.o ./Core/Src/syscalls.su ./Core/Src/sysmem.cyclo ./Core/Src/sysmem.d ./Core/Src/sysmem.o ./Core/Src/sysmem.su ./Core/Src/system_stm32f4xx.cyclo ./Core/Src/system_stm32f4xx.d ./Core/Src/system_stm32f4xx.o ./Core/Src/system_stm32f4xx.su
rm -rf FND_control_switch.elf FND_control_switch.list FND_control_switch.map default.size.stdout
 
14:20:04 **** Build of configuration Debug for project FND_control_switch ****
make -j8 all 
arm-none-eabi-gcc "../Drivers/STM32F4xx_HAL_Driver/Src/stm32f4xx_hal.c" -mcpu=cortex-m4 -std=gnu11 -g3 -DDEBUG -DUSE_HAL_DRIVER -DSTM32F446xx -c -I../Core/Inc -I../Drivers/STM32F4xx_HAL_Driver/Inc -I../Drivers/STM32F4xx_HAL_Driver/Inc/Legacy -I../Drivers/CMSIS/Device/ST/STM32F4xx/Include -I../Drivers/CMSIS/Include -O0 -ffunction-sections -fdata-sections -Wall -fstack-usage -fcyclomatic-complexity -MMD -MP -MF"Drivers/STM32F4xx_HAL_Driver/Src/stm32f4xx_hal.d" -MT"Drivers/STM32F4xx_HAL_Driver/Src/stm32f4xx_hal.o" --specs=nano.specs -mfpu=fpv4-sp-d16 -mfloat-abi=hard -mthumb -o "Drivers/STM32F4xx_HAL_Driver/Src/stm32f4xx_hal.o"
arm-none-eabi-gcc "../Drivers/STM32F4xx_HAL_Driver/Src/stm32f4xx_hal_cortex.c" -mcpu=cortex-m4 -std=gnu11 -g3 -DDEBUG -DUSE_HAL_DRIVER -DSTM32F446xx -c -I../Core/Inc -I../Drivers/STM32F4xx_HAL_Driver/Inc -I../Drivers/STM32F4xx_HAL_Driver/Inc/Legacy -I../Drivers/CMSIS/Device/ST/STM32F4xx/Include -I../Drivers/CMSIS/Include -O0 -ffunction-sections -fdata-sections -Wall -fstack-usage -fcyclomatic-complexity -MMD -MP -MF"Drivers/STM32F4xx_HAL_Driver/Src/stm32f4xx_hal_cortex.d" -MT"Drivers/STM32F4xx_HAL_Driver/Src/stm32f4xx_hal_cortex.o" --specs=nano.specs -mfpu=fpv4-sp-d16 -mfloat-abi=hard -mthumb -o "Drivers/STM32F4xx_HAL_Driver/Src/stm32f4xx_hal_cortex.o"
arm-none-eabi-gcc "../Drivers/STM32F4xx_HAL_Driver/Src/stm32f4xx_hal_dma.c" -mcpu=cortex-m4 -std=gnu11 -g3 -DDEBUG -DUSE_HAL_DRIVER -DSTM32F446xx -c -I../Core/Inc -I../Drivers/STM32F4xx_HAL_Driver/Inc -I../Drivers/STM32F4xx_HAL_Driver/Inc/Legacy -I../Drivers/CMSIS/Device/ST/STM32F4xx/Include -I../Drivers/CMSIS/Include -O0 -ffunction-sections -fdata-sections -Wall -fstack-usage -fcyclomatic-complexity -MMD -MP -MF"Drivers/STM32F4xx_HAL_Driver/Src/stm32f4xx_hal_dma.d" -MT"Drivers/STM32F4xx_HAL_Driver/Src/stm32f4xx_hal_dma.o" --specs=nano.specs -mfpu=fpv4-sp-d16 -mfloat-abi=hard -mthumb -o "Drivers/STM32F4xx_HAL_Driver/Src/stm32f4xx_hal_dma.o"
arm-none-eabi-gcc "../Drivers/STM32F4xx_HAL_Driver/Src/stm32f4xx_hal_dma_ex.c" -mcpu=cortex-m4 -std=gnu11 -g3 -DDEBUG -DUSE_HAL_DRIVER -DSTM32F446xx -c -I../Core/Inc -I../Drivers/STM32F4xx_HAL_Driver/Inc -I../Drivers/STM32F4xx_HAL_Driver/Inc/Legacy -I../Drivers/CMSIS/Device/ST/STM32F4xx/Include -I../Drivers/CMSIS/Include -O0 -ffunction-sections -fdata-sections -Wall -fstack-usage -fcyclomatic-complexity -MMD -MP -MF"Drivers/STM32F4xx_HAL_Driver/Src/stm32f4xx_hal_dma_ex.d" -MT"Drivers/STM32F4xx_HAL_Driver/Src/stm32f4xx_hal_dma_ex.o" --specs=nano.specs -mfpu=fpv4-sp-d16 -mfloat-abi=hard -mthumb -o "Drivers/STM32F4xx_HAL_Driver/Src/stm32f4xx_hal_dma_ex.o"
arm-none-eabi-gcc "../Drivers/STM32F4xx_HAL_Driver/Src/stm32f4xx_hal_exti.c" -mcpu=cortex-m4 -std=gnu11 -g3 -DDEBUG -DUSE_HAL_DRIVER -DSTM32F446xx -c -I../Core/Inc -I../Drivers/STM32F4xx_HAL_Driver/Inc -I../Drivers/STM32F4xx_HAL_Driver/Inc/Legacy -I../Drivers/CMSIS/Device/ST/STM32F4xx/Include -I../Drivers/CMSIS/Include -O0 -ffunction-sections -fdata-sections -Wall -fstack-usage -fcyclomatic-complexity -MMD -MP -MF"Drivers/STM32F4xx_HAL_Driver/Src/stm32f4xx_hal_exti.d" -MT"Drivers/STM32F4xx_HAL_Driver/Src/stm32f4xx_hal_exti.o" --specs=nano.specs -mfpu=fpv4-sp-d16 -mfloat-abi=hard -mthumb -o "Drivers/STM32F4xx_HAL_Driver/Src/stm32f4xx_hal_exti.o"
arm-none-eabi-gcc "../Drivers/STM32F4xx_HAL_Driver/Src/stm32f4xx_hal_flash.c" -mcpu=cortex-m4 -std=gnu11 -g3 -DDEBUG -DUSE_HAL_DRIVER -DSTM32F446xx -c -I../Core/Inc -I../Drivers/STM32F4xx_HAL_Driver/Inc -I../Drivers/STM32F4xx_HAL_Driver/Inc/Legacy -I../Drivers/CMSIS/Device/ST/STM32F4xx/Include -I../Drivers/CMSIS/Include -O0 -ffunction-sections -fdata-sections -Wall -fstack-usage -fcyclomatic-complexity -MMD -MP -MF"Drivers/STM32F4xx_HAL_Driver/Src/stm32f4xx_hal_flash.d" -MT"Drivers/STM32F4xx_HAL_Driver/Src/stm32f4xx_hal_flash.o" --specs=nano.specs -mfpu=fpv4-sp-d16 -mfloat-abi=hard -mthumb -o "Drivers/STM32F4xx_HAL_Driver/Src/stm32f4xx_hal_flash.o"
arm-none-eabi-gcc "../Drivers/STM32F4xx_HAL_Driver/Src/stm32f4xx_hal_flash_ex.c" -mcpu=cortex-m4 -std=gnu11 -g3 -DDEBUG -DUSE_HAL_DRIVER -DSTM32F446xx -c -I../Core/Inc -I../Drivers/STM32F4xx_HAL_Driver/Inc -I../Drivers/STM32F4xx_HAL_Driver/Inc/Legacy -I../Drivers/CMSIS/Device/ST/STM32F4xx/Include -I../Drivers/CMSIS/Include -O0 -ffunction-sections -fdata-sections -Wall -fstack-usage -fcyclomatic-complexity -MMD -MP -MF"Drivers/STM32F4xx_HAL_Driver/Src/stm32f4xx_hal_flash_ex.d" -MT"Drivers/STM32F4xx_HAL_Driver/Src/stm32f4xx_hal_flash_ex.o" --specs=nano.specs -mfpu=fpv4-sp-d16 -mfloat-abi=hard -mthumb -o "Drivers/STM32F4xx_HAL_Driver/Src/stm32f4xx_hal_flash_ex.o"
arm-none-eabi-gcc "../Drivers/STM32F4xx_HAL_Driver/Src/stm32f4xx_hal_flash_ramfunc.c" -mcpu=cortex-m4 -std=gnu11 -g3 -DDEBUG -DUSE_HAL_DRIVER -DSTM32F446xx -c -I../Core/Inc -I../Drivers/STM32F4xx_HAL_Driver/Inc -I../Drivers/STM32F4xx_HAL_Driver/Inc/Legacy -I../Drivers/CMSIS/Device/ST/STM32F4xx/Include -I../Drivers/CMSIS/Include -O0 -ffunction-sections -fdata-sections -Wall -fstack-usage -fcyclomatic-complexity -MMD -MP -MF"Drivers/STM32F4xx_HAL_Driver/Src/stm32f4xx_hal_flash_ramfunc.d" -MT"Drivers/STM32F4xx_HAL_Driver/Src/stm32f4xx_hal_flash_ramfunc.o" --specs=nano.specs -mfpu=fpv4-sp-d16 -mfloat-abi=hard -mthumb -o "Drivers/STM32F4xx_HAL_Driver/Src/stm32f4xx_hal_flash_ramfunc.o"
arm-none-eabi-gcc "../Drivers/STM32F4xx_HAL_Driver/Src/stm32f4xx_hal_gpio.c" -mcpu=cortex-m4 -std=gnu11 -g3 -DDEBUG -DUSE_HAL_DRIVER -DSTM32F446xx -c -I../Core/Inc -I../Drivers/STM32F4xx_HAL_Driver/Inc -I../Drivers/STM32F4xx_HAL_Driver/Inc/Legacy -I../Drivers/CMSIS/Device/ST/STM32F4xx/Include -I../Drivers/CMSIS/Include -O0 -ffunction-sections -fdata-sections -Wall -fstack-usage -fcyclomatic-complexity -MMD -MP -MF"Drivers/STM32F4xx_HAL_Driver/Src/stm32f4xx_hal_gpio.d" -MT"Drivers/STM32F4xx_HAL_Driver/Src/stm32f4xx_hal_gpio.o" --specs=nano.specs -mfpu=fpv4-sp-d16 -mfloat-abi=hard -mthumb -o "Drivers/STM32F4xx_HAL_Driver/Src/stm32f4xx_hal_gpio.o"
arm-none-eabi-gcc "../Drivers/STM32F4xx_HAL_Driver/Src/stm32f4xx_hal_pwr.c" -mcpu=cortex-m4 -std=gnu11 -g3 -DDEBUG -DUSE_HAL_DRIVER -DSTM32F446xx -c -I../Core/Inc -I../Drivers/STM32F4xx_HAL_Driver/Inc -I../Drivers/STM32F4xx_HAL_Driver/Inc/Legacy -I../Drivers/CMSIS/Device/ST/STM32F4xx/Include -I../Drivers/CMSIS/Include -O0 -ffunction-sections -fdata-sections -Wall -fstack-usage -fcyclomatic-complexity -MMD -MP -MF"Drivers/STM32F4xx_HAL_Driver/Src/stm32f4xx_hal_pwr.d" -MT"Drivers/STM32F4xx_HAL_Driver/Src/stm32f4xx_hal_pwr.o" --specs=nano.specs -mfpu=fpv4-sp-d16 -mfloat-abi=hard -mthumb -o "Drivers/STM32F4xx_HAL_Driver/Src/stm32f4xx_hal_pwr.o"
arm-none-eabi-gcc "../Drivers/STM32F4xx_HAL_Driver/Src/stm32f4xx_hal_pwr_ex.c" -mcpu=cortex-m4 -std=gnu11 -g3 -DDEBUG -DUSE_HAL_DRIVER -DSTM32F446xx -c -I../Core/Inc -I../Drivers/STM32F4xx_HAL_Driver/Inc -I../Drivers/STM32F4xx_HAL_Driver/Inc/Legacy -I../Drivers/CMSIS/Device/ST/STM32F4xx/Include -I../Drivers/CMSIS/Include -O0 -ffunction-sections -fdata-sections -Wall -fstack-usage -fcyclomatic-complexity -MMD -MP -MF"Drivers/STM32F4xx_HAL_Driver/Src/stm32f4xx_hal_pwr_ex.d" -MT"Drivers/STM32F4xx_HAL_Driver/Src/stm32f4xx_hal_pwr_ex.o" --specs=nano.specs -mfpu=fpv4-sp-d16 -mfloat-abi=hard -mthumb -o "Drivers/STM32F4xx_HAL_Driver/Src/stm32f4xx_hal_pwr_ex.o"
arm-none-eabi-gcc "../Drivers/STM32F4xx_HAL_Driver/Src/stm32f4xx_hal_rcc.c" -mcpu=cortex-m4 -std=gnu11 -g3 -DDEBUG -DUSE_HAL_DRIVER -DSTM32F446xx -c -I../Core/Inc -I../Drivers/STM32F4xx_HAL_Driver/Inc -I../Drivers/STM32F4xx_HAL_Driver/Inc/Legacy -I../Drivers/CMSIS/Device/ST/STM32F4xx/Include -I../Drivers/CMSIS/Include -O0 -ffunction-sections -fdata-sections -Wall -fstack-usage -fcyclomatic-complexity -MMD -MP -MF"Drivers/STM32F4xx_HAL_Driver/Src/stm32f4xx_hal_rcc.d" -MT"Drivers/STM32F4xx_HAL_Driver/Src/stm32f4xx_hal_rcc.o" --specs=nano.specs -mfpu=fpv4-sp-d16 -mfloat-abi=hard -mthumb -o "Drivers/STM32F4xx_HAL_Driver/Src/stm32f4xx_hal_rcc.o"
arm-none-eabi-gcc "../Drivers/STM32F4xx_HAL_Driver/Src/stm32f4xx_hal_rcc_ex.c" -mcpu=cortex-m4 -std=gnu11 -g3 -DDEBUG -DUSE_HAL_DRIVER -DSTM32F446xx -c -I../Core/Inc -I../Drivers/STM32F4xx_HAL_Driver/Inc -I../Drivers/STM32F4xx_HAL_Driver/Inc/Legacy -I../Drivers/CMSIS/Device/ST/STM32F4xx/Include -I../Drivers/CMSIS/Include -O0 -ffunction-sections -fdata-sections -Wall -fstack-usage -fcyclomatic-complexity -MMD -MP -MF"Drivers/STM32F4xx_HAL_Driver/Src/stm32f4xx_hal_rcc_ex.d" -MT"Drivers/STM32F4xx_HAL_Driver/Src/stm32f4xx_hal_rcc_ex.o" --specs=nano.specs -mfpu=fpv4-sp-d16 -mfloat-abi=hard -mthumb -o "Drivers/STM32F4xx_HAL_Driver/Src/stm32f4xx_hal_rcc_ex.o"
arm-none-eabi-gcc -mcpu=cortex-m4 -g3 -DDEBUG -c -x assembler-with-cpp -MMD -MP -MF"Core/Startup/startup_stm32f446retx.d" -MT"Core/Startup/startup_stm32f446retx.o" --specs=nano.specs -mfpu=fpv4-sp-d16 -mfloat-abi=hard -mthumb -o "Core/Startup/startup_stm32f446retx.o" "../Core/Startup/startup_stm32f446retx.s"
arm-none-eabi-gcc "../Core/Src/FND_controller.c" -mcpu=cortex-m4 -std=gnu11 -g3 -DDEBUG -DUSE_HAL_DRIVER -DSTM32F446xx -c -I../Core/Inc -I../Drivers/STM32F4xx_HAL_Driver/Inc -I../Drivers/STM32F4xx_HAL_Driver/Inc/Legacy -I../Drivers/CMSIS/Device/ST/STM32F4xx/Include -I../Drivers/CMSIS/Include -O0 -ffunction-sections -fdata-sections -Wall -fstack-usage -fcyclomatic-complexity -MMD -MP -MF"Core/Src/FND_controller.d" -MT"Core/Src/FND_controller.o" --specs=nano.specs -mfpu=fpv4-sp-d16 -mfloat-abi=hard -mthumb -o "Core/Src/FND_controller.o"
arm-none-eabi-gcc "../Core/Src/main.c" -mcpu=cortex-m4 -std=gnu11 -g3 -DDEBUG -DUSE_HAL_DRIVER -DSTM32F446xx -c -I../Core/Inc -I../Drivers/STM32F4xx_HAL_Driver/Inc -I../Drivers/STM32F4xx_HAL_Driver/Inc/Legacy -I../Drivers/CMSIS/Device/ST/STM32F4xx/Include -I../Drivers/CMSIS/Include -O0 -ffunction-sections -fdata-sections -Wall -fstack-usage -fcyclomatic-complexity -MMD -MP -MF"Core/Src/main.d" -MT"Core/Src/main.o" --specs=nano.specs -mfpu=fpv4-sp-d16 -mfloat-abi=hard -mthumb -o "Core/Src/main.o"
arm-none-eabi-gcc "../Core/Src/stm32f4xx_hal_msp.c" -mcpu=cortex-m4 -std=gnu11 -g3 -DDEBUG -DUSE_HAL_DRIVER -DSTM32F446xx -c -I../Core/Inc -I../Drivers/STM32F4xx_HAL_Driver/Inc -I../Drivers/STM32F4xx_HAL_Driver/Inc/Legacy -I../Drivers/CMSIS/Device/ST/STM32F4xx/Include -I../Drivers/CMSIS/Include -O0 -ffunction-sections -fdata-sections -Wall -fstack-usage -fcyclomatic-complexity -MMD -MP -MF"Core/Src/stm32f4xx_hal_msp.d" -MT"Core/Src/stm32f4xx_hal_msp.o" --specs=nano.specs -mfpu=fpv4-sp-d16 -mfloat-abi=hard -mthumb -o "Core/Src/stm32f4xx_hal_msp.o"
arm-none-eabi-gcc "../Core/Src/stm32f4xx_it.c" -mcpu=cortex-m4 -std=gnu11 -g3 -DDEBUG -DUSE_HAL_DRIVER -DSTM32F446xx -c -I../Core/Inc -I../Drivers/STM32F4xx_HAL_Driver/Inc -I../Drivers/STM32F4xx_HAL_Driver/Inc/Legacy -I../Drivers/CMSIS/Device/ST/STM32F4xx/Include -I../Drivers/CMSIS/Include -O0 -ffunction-sections -fdata-sections -Wall -fstack-usage -fcyclomatic-complexity -MMD -MP -MF"Core/Src/stm32f4xx_it.d" -MT"Core/Src/stm32f4xx_it.o" --specs=nano.specs -mfpu=fpv4-sp-d16 -mfloat-abi=hard -mthumb -o "Core/Src/stm32f4xx_it.o"
arm-none-eabi-gcc "../Core/Src/syscalls.c" -mcpu=cortex-m4 -std=gnu11 -g3 -DDEBUG -DUSE_HAL_DRIVER -DSTM32F446xx -c -I../Core/Inc -I../Drivers/STM32F4xx_HAL_Driver/Inc -I../Drivers/STM32F4xx_HAL_Driver/Inc/Legacy -I../Drivers/CMSIS/Device/ST/STM32F4xx/Include -I../Drivers/CMSIS/Include -O0 -ffunction-sections -fdata-sections -Wall -fstack-usage -fcyclomatic-complexity -MMD -MP -MF"Core/Src/syscalls.d" -MT"Core/Src/syscalls.o" --specs=nano.specs -mfpu=fpv4-sp-d16 -mfloat-abi=hard -mthumb -o "Core/Src/syscalls.o"
arm-none-eabi-gcc "../Core/Src/sysmem.c" -mcpu=cortex-m4 -std=gnu11 -g3 -DDEBUG -DUSE_HAL_DRIVER -DSTM32F446xx -c -I../Core/Inc -I../Drivers/STM32F4xx_HAL_Driver/Inc -I../Drivers/STM32F4xx_HAL_Driver/Inc/Legacy -I../Drivers/CMSIS/Device/ST/STM32F4xx/Include -I../Drivers/CMSIS/Include -O0 -ffunction-sections -fdata-sections -Wall -fstack-usage -fcyclomatic-complexity -MMD -MP -MF"Core/Src/sysmem.d" -MT"Core/Src/sysmem.o" --specs=nano.specs -mfpu=fpv4-sp-d16 -mfloat-abi=hard -mthumb -o "Core/Src/sysmem.o"
arm-none-eabi-gcc "../Core/Src/system_stm32f4xx.c" -mcpu=cortex-m4 -std=gnu11 -g3 -DDEBUG -DUSE_HAL_DRIVER -DSTM32F446xx -c -I../Core/Inc -I../Drivers/STM32F4xx_HAL_Driver/Inc -I../Drivers/STM32F4xx_HAL_Driver/Inc/Legacy -I../Drivers/CMSIS/Device/ST/STM32F4xx/Include -I../Drivers/CMSIS/Include -O0 -ffunction-sections -fdata-sections -Wall -fstack-usage -fcyclomatic-complexity -MMD -MP -MF"Core/Src/system_stm32f4xx.d" -MT"Core/Src/system_stm32f4xx.o" --specs=nano.specs -mfpu=fpv4-sp-d16 -mfloat-abi=hard -mthumb -o "Core/Src/system_stm32f4xx.o"
arm-none-eabi-gcc -o "FND_control_switch.elf" @"objects.list"   -mcpu=cortex-m4 -T"C:\Study\STM32\OJ_tube\FND_control_switch\STM32F446RETX_FLASH.ld" --specs=nosys.specs -Wl,-Map="FND_control_switch.map" -Wl,--gc-sections -static --specs=nano.specs -mfpu=fpv4-sp-d16 -mfloat-abi=hard -mthumb -Wl,--start-group -lc -lm -Wl,--end-group
Finished building target: FND_control_switch.elf
 
arm-none-eabi-size  FND_control_switch.elf 
arm-none-eabi-objdump -h -S FND_control_switch.elf  > "FND_control_switch.list"
   text	   data	    bss	    dec	    hex	filename
   7252	     12	   1604	   8868	   22a4	FND_control_switch.elf
Finished building: default.size.stdout
 
Finished building: FND_control_switch.list
 
14:20:16 **** Incremental Build of configuration Debug for project FND_control_switch ****
make -j8 all 
arm-none-eabi-size  FND_control_switch.elf 
   text	   data	    bss	    dec	    hex	filename
   7252	     12	   1604	   8868	   22a4	FND_control_switch.elf
Finished building: default.size.stdout
 
14:21:09 **** Incremental Build of configuration Debug for project FND_control_switch ****
make -j8 all 
arm-none-eabi-size  FND_control_switch.elf 
   text	   data	    bss	    dec	    hex	filename
   7252	     12	   1604	   8868	   22a4	FND_control_switch.elf
Finished building: default.size.stdout
 
14:21:19 **** Incremental Build of configuration Debug for project FND_control_switch ****
make -j8 all 
arm-none-eabi-size  FND_control_switch.elf 
   text	   data	    bss	    dec	    hex	filename
   7252	     12	   1604	   8868	   22a4	FND_control_switch.elf
Finished building: default.size.stdout
 
14:22:19 **** Incremental Build of configuration Debug for project FND_control_switch ****
make -j8 all 
arm-none-eabi-size  FND_control_switch.elf 
   text	   data	    bss	    dec	    hex	filename
   7252	     12	   1604	   8868	   22a4	FND_control_switch.elf
Finished building: default.size.stdout
 
14:23:56 **** Incremental Build of configuration Debug for project FND_control_switch ****
make -j8 all 
arm-none-eabi-gcc "../Core/Src/main.c" -mcpu=cortex-m4 -std=gnu11 -g3 -DDEBUG -DUSE_HAL_DRIVER -DSTM32F446xx -c -I../Core/Inc -I../Drivers/STM32F4xx_HAL_Driver/Inc -I../Drivers/STM32F4xx_HAL_Driver/Inc/Legacy -I../Drivers/CMSIS/Device/ST/STM32F4xx/Include -I../Drivers/CMSIS/Include -O0 -ffunction-sections -fdata-sections -Wall -fstack-usage -fcyclomatic-complexity -MMD -MP -MF"Core/Src/main.d" -MT"Core/Src/main.o" --specs=nano.specs -mfpu=fpv4-sp-d16 -mfloat-abi=hard -mthumb -o "Core/Src/main.o"
arm-none-eabi-gcc -o "FND_control_switch.elf" @"objects.list"   -mcpu=cortex-m4 -T"C:\Study\STM32\OJ_tube\FND_control_switch\STM32F446RETX_FLASH.ld" --specs=nosys.specs -Wl,-Map="FND_control_switch.map" -Wl,--gc-sections -static --specs=nano.specs -mfpu=fpv4-sp-d16 -mfloat-abi=hard -mthumb -Wl,--start-group -lc -lm -Wl,--end-group
Finished building target: FND_control_switch.elf
 
arm-none-eabi-size  FND_control_switch.elf 
arm-none-eabi-objdump -h -S FND_control_switch.elf  > "FND_control_switch.list"
   text	   data	    bss	    dec	    hex	filename
   7252	     12	   1604	   8868	   22a4	FND_control_switch.elf
Finished building: default.size.stdout
 
Finished building: FND_control_switch.list
 
14:24:46 **** Incremental Build of configuration Debug for project FND_control_switch ****
make -j8 all 
arm-none-eabi-gcc "../Core/Src/main.c" -mcpu=cortex-m4 -std=gnu11 -g3 -DDEBUG -DUSE_HAL_DRIVER -DSTM32F446xx -c -I../Core/Inc -I../Drivers/STM32F4xx_HAL_Driver/Inc -I../Drivers/STM32F4xx_HAL_Driver/Inc/Legacy -I../Drivers/CMSIS/Device/ST/STM32F4xx/Include -I../Drivers/CMSIS/Include -O0 -ffunction-sections -fdata-sections -Wall -fstack-usage -fcyclomatic-complexity -MMD -MP -MF"Core/Src/main.d" -MT"Core/Src/main.o" --specs=nano.specs -mfpu=fpv4-sp-d16 -mfloat-abi=hard -mthumb -o "Core/Src/main.o"
arm-none-eabi-gcc -o "FND_control_switch.elf" @"objects.list"   -mcpu=cortex-m4 -T"C:\Study\STM32\OJ_tube\FND_control_switch\STM32F446RETX_FLASH.ld" --specs=nosys.specs -Wl,-Map="FND_control_switch.map" -Wl,--gc-sections -static --specs=nano.specs -mfpu=fpv4-sp-d16 -mfloat-abi=hard -mthumb -Wl,--start-group -lc -lm -Wl,--end-group
Finished building target: FND_control_switch.elf
 
arm-none-eabi-size  FND_control_switch.elf 
arm-none-eabi-objdump -h -S FND_control_switch.elf  > "FND_control_switch.list"
   text	   data	    bss	    dec	    hex	filename
   7336	     12	   1604	   8952	   22f8	FND_control_switch.elf
Finished building: default.size.stdout
 
Finished building: FND_control_switch.list
 
14:30:22 **** Incremental Build of configuration Debug for project FND_control_switch ****
make -j8 all 
arm-none-eabi-gcc "../Core/Src/main.c" -mcpu=cortex-m4 -std=gnu11 -g3 -DDEBUG -DUSE_HAL_DRIVER -DSTM32F446xx -c -I../Core/Inc -I../Drivers/STM32F4xx_HAL_Driver/Inc -I../Drivers/STM32F4xx_HAL_Driver/Inc/Legacy -I../Drivers/CMSIS/Device/ST/STM32F4xx/Include -I../Drivers/CMSIS/Include -O0 -ffunction-sections -fdata-sections -Wall -fstack-usage -fcyclomatic-complexity -MMD -MP -MF"Core/Src/main.d" -MT"Core/Src/main.o" --specs=nano.specs -mfpu=fpv4-sp-d16 -mfloat-abi=hard -mthumb -o "Core/Src/main.o"
arm-none-eabi-gcc -o "FND_control_switch.elf" @"objects.list"   -mcpu=cortex-m4 -T"C:\Study\STM32\OJ_tube\FND_control_switch\STM32F446RETX_FLASH.ld" --specs=nosys.specs -Wl,-Map="FND_control_switch.map" -Wl,--gc-sections -static --specs=nano.specs -mfpu=fpv4-sp-d16 -mfloat-abi=hard -mthumb -Wl,--start-group -lc -lm -Wl,--end-group
Finished building target: FND_control_switch.elf
 
arm-none-eabi-size  FND_control_switch.elf 
arm-none-eabi-objdump -h -S FND_control_switch.elf  > "FND_control_switch.list"
   text	   data	    bss	    dec	    hex	filename
   7328	     12	   1604	   8944	   22f0	FND_control_switch.elf
Finished building: default.size.stdout
 
Finished building: FND_control_switch.list
 
14:38:27 **** Incremental Build of configuration Debug for project FND_control_switch ****
make -j8 all 
arm-none-eabi-gcc "../Core/Src/main.c" -mcpu=cortex-m4 -std=gnu11 -g3 -DDEBUG -DUSE_HAL_DRIVER -DSTM32F446xx -c -I../Core/Inc -I../Drivers/STM32F4xx_HAL_Driver/Inc -I../Drivers/STM32F4xx_HAL_Driver/Inc/Legacy -I../Drivers/CMSIS/Device/ST/STM32F4xx/Include -I../Drivers/CMSIS/Include -O0 -ffunction-sections -fdata-sections -Wall -fstack-usage -fcyclomatic-complexity -MMD -MP -MF"Core/Src/main.d" -MT"Core/Src/main.o" --specs=nano.specs -mfpu=fpv4-sp-d16 -mfloat-abi=hard -mthumb -o "Core/Src/main.o"
../Core/Src/main.c: In function 'main':
../Core/Src/main.c:123:11: error: too many arguments to function 'digit4_replay'
  123 |           digit4_replay(cur_Num, 1, 0);
      |           ^~~~~~~~~~~~~
In file included from ../Core/Src/main.c:24:
../Core/Src/FND_controller.h:25:6: note: declared here
   25 | void digit4_replay(int n, int replay);
      |      ^~~~~~~~~~~~~
make: *** [Core/Src/subdir.mk:37: Core/Src/main.o] Error 1
"make -j8 all" terminated with exit code 2. Build might be incomplete.
14:38:43 **** Incremental Build of configuration Debug for project FND_control_switch ****
make -j8 all 
arm-none-eabi-gcc "../Core/Src/main.c" -mcpu=cortex-m4 -std=gnu11 -g3 -DDEBUG -DUSE_HAL_DRIVER -DSTM32F446xx -c -I../Core/Inc -I../Drivers/STM32F4xx_HAL_Driver/Inc -I../Drivers/STM32F4xx_HAL_Driver/Inc/Legacy -I../Drivers/CMSIS/Device/ST/STM32F4xx/Include -I../Drivers/CMSIS/Include -O0 -ffunction-sections -fdata-sections -Wall -fstack-usage -fcyclomatic-complexity -MMD -MP -MF"Core/Src/main.d" -MT"Core/Src/main.o" --specs=nano.specs -mfpu=fpv4-sp-d16 -mfloat-abi=hard -mthumb -o "Core/Src/main.o"
arm-none-eabi-gcc -o "FND_control_switch.elf" @"objects.list"   -mcpu=cortex-m4 -T"C:\Study\STM32\OJ_tube\FND_control_switch\STM32F446RETX_FLASH.ld" --specs=nosys.specs -Wl,-Map="FND_control_switch.map" -Wl,--gc-sections -static --specs=nano.specs -mfpu=fpv4-sp-d16 -mfloat-abi=hard -mthumb -Wl,--start-group -lc -lm -Wl,--end-group
Finished building target: FND_control_switch.elf
 
arm-none-eabi-size  FND_control_switch.elf 
arm-none-eabi-objdump -h -S FND_control_switch.elf  > "FND_control_switch.list"
   text	   data	    bss	    dec	    hex	filename
   7332	     12	   1604	   8948	   22f4	FND_control_switch.elf
Finished building: default.size.stdout
 
Finished building: FND_control_switch.list
 
18:11:33 **** Build of configuration Debug for project FND_control ****
make -j8 all 
arm-none-eabi-gcc "../Core/Src/FND_controller.c" -mcpu=cortex-m4 -std=gnu11 -g3 -DDEBUG -DUSE_HAL_DRIVER -DSTM32F446xx -c -I../Core/Inc -I../Drivers/STM32F4xx_HAL_Driver/Inc -I../Drivers/STM32F4xx_HAL_Driver/Inc/Legacy -I../Drivers/CMSIS/Device/ST/STM32F4xx/Include -I../Drivers/CMSIS/Include -O0 -ffunction-sections -fdata-sections -Wall -fstack-usage -fcyclomatic-complexity -MMD -MP -MF"Core/Src/FND_controller.d" -MT"Core/Src/FND_controller.o" --specs=nano.specs -mfpu=fpv4-sp-d16 -mfloat-abi=hard -mthumb -o "Core/Src/FND_controller.o"
arm-none-eabi-gcc "../Core/Src/main.c" -mcpu=cortex-m4 -std=gnu11 -g3 -DDEBUG -DUSE_HAL_DRIVER -DSTM32F446xx -c -I../Core/Inc -I../Drivers/STM32F4xx_HAL_Driver/Inc -I../Drivers/STM32F4xx_HAL_Driver/Inc/Legacy -I../Drivers/CMSIS/Device/ST/STM32F4xx/Include -I../Drivers/CMSIS/Include -O0 -ffunction-sections -fdata-sections -Wall -fstack-usage -fcyclomatic-complexity -MMD -MP -MF"Core/Src/main.d" -MT"Core/Src/main.o" --specs=nano.specs -mfpu=fpv4-sp-d16 -mfloat-abi=hard -mthumb -o "Core/Src/main.o"
../Core/Src/main.c: In function 'main':
../Core/Src/main.c:111:19: warning: implicit declaration of function 'digit4ShowZero_replay'; did you mean 'digit4ShowZero_n'? [-Wimplicit-function-declaration]
  111 |                   digit4ShowZero_replay(i, 50);
      |                   ^~~~~~~~~~~~~~~~~~~~~
      |                   digit4ShowZero_n
arm-none-eabi-gcc -o "FND_control.elf" @"objects.list"   -mcpu=cortex-m4 -T"C:\Study\STM32\OJ_tube\FND_module\STM32F446RETX_FLASH.ld" --specs=nosys.specs -Wl,-Map="FND_control.map" -Wl,--gc-sections -static --specs=nano.specs -mfpu=fpv4-sp-d16 -mfloat-abi=hard -mthumb -Wl,--start-group -lc -lm -Wl,--end-group
Finished building target: FND_control.elf
 
arm-none-eabi-size  FND_control.elf 
arm-none-eabi-objdump -h -S FND_control.elf  > "FND_control.list"
   text	   data	    bss	    dec	    hex	filename
   7032	     12	   1604	   8648	   21c8	FND_control.elf
Finished building: default.size.stdout
 
Finished building: FND_control.list
 
18:12:04 **** Incremental Build of configuration Debug for project FND_control ****
make -j8 all 
arm-none-eabi-gcc "../Core/Src/FND_controller.c" -mcpu=cortex-m4 -std=gnu11 -g3 -DDEBUG -DUSE_HAL_DRIVER -DSTM32F446xx -c -I../Core/Inc -I../Drivers/STM32F4xx_HAL_Driver/Inc -I../Drivers/STM32F4xx_HAL_Driver/Inc/Legacy -I../Drivers/CMSIS/Device/ST/STM32F4xx/Include -I../Drivers/CMSIS/Include -O0 -ffunction-sections -fdata-sections -Wall -fstack-usage -fcyclomatic-complexity -MMD -MP -MF"Core/Src/FND_controller.d" -MT"Core/Src/FND_controller.o" --specs=nano.specs -mfpu=fpv4-sp-d16 -mfloat-abi=hard -mthumb -o "Core/Src/FND_controller.o"
arm-none-eabi-gcc "../Core/Src/main.c" -mcpu=cortex-m4 -std=gnu11 -g3 -DDEBUG -DUSE_HAL_DRIVER -DSTM32F446xx -c -I../Core/Inc -I../Drivers/STM32F4xx_HAL_Driver/Inc -I../Drivers/STM32F4xx_HAL_Driver/Inc/Legacy -I../Drivers/CMSIS/Device/ST/STM32F4xx/Include -I../Drivers/CMSIS/Include -O0 -ffunction-sections -fdata-sections -Wall -fstack-usage -fcyclomatic-complexity -MMD -MP -MF"Core/Src/main.d" -MT"Core/Src/main.o" --specs=nano.specs -mfpu=fpv4-sp-d16 -mfloat-abi=hard -mthumb -o "Core/Src/main.o"
arm-none-eabi-gcc -o "FND_control.elf" @"objects.list"   -mcpu=cortex-m4 -T"C:\Study\STM32\OJ_tube\FND_module\STM32F446RETX_FLASH.ld" --specs=nosys.specs -Wl,-Map="FND_control.map" -Wl,--gc-sections -static --specs=nano.specs -mfpu=fpv4-sp-d16 -mfloat-abi=hard -mthumb -Wl,--start-group -lc -lm -Wl,--end-group
Finished building target: FND_control.elf
 
arm-none-eabi-size  FND_control.elf 
arm-none-eabi-objdump -h -S FND_control.elf  > "FND_control.list"
   text	   data	    bss	    dec	    hex	filename
   7032	     12	   1604	   8648	   21c8	FND_control.elf
Finished building: default.size.stdout
 
Finished building: FND_control.list
 
18:12:53 **** Incremental Build of configuration Debug for project FND_control ****
make -j8 all 
arm-none-eabi-gcc "../Core/Src/FND_controller.c" -mcpu=cortex-m4 -std=gnu11 -g3 -DDEBUG -DUSE_HAL_DRIVER -DSTM32F446xx -c -I../Core/Inc -I../Drivers/STM32F4xx_HAL_Driver/Inc -I../Drivers/STM32F4xx_HAL_Driver/Inc/Legacy -I../Drivers/CMSIS/Device/ST/STM32F4xx/Include -I../Drivers/CMSIS/Include -O0 -ffunction-sections -fdata-sections -Wall -fstack-usage -fcyclomatic-complexity -MMD -MP -MF"Core/Src/FND_controller.d" -MT"Core/Src/FND_controller.o" --specs=nano.specs -mfpu=fpv4-sp-d16 -mfloat-abi=hard -mthumb -o "Core/Src/FND_controller.o"
arm-none-eabi-gcc "../Core/Src/main.c" -mcpu=cortex-m4 -std=gnu11 -g3 -DDEBUG -DUSE_HAL_DRIVER -DSTM32F446xx -c -I../Core/Inc -I../Drivers/STM32F4xx_HAL_Driver/Inc -I../Drivers/STM32F4xx_HAL_Driver/Inc/Legacy -I../Drivers/CMSIS/Device/ST/STM32F4xx/Include -I../Drivers/CMSIS/Include -O0 -ffunction-sections -fdata-sections -Wall -fstack-usage -fcyclomatic-complexity -MMD -MP -MF"Core/Src/main.d" -MT"Core/Src/main.o" --specs=nano.specs -mfpu=fpv4-sp-d16 -mfloat-abi=hard -mthumb -o "Core/Src/main.o"
arm-none-eabi-gcc -o "FND_control.elf" @"objects.list"   -mcpu=cortex-m4 -T"C:\Study\STM32\OJ_tube\FND_module\STM32F446RETX_FLASH.ld" --specs=nosys.specs -Wl,-Map="FND_control.map" -Wl,--gc-sections -static --specs=nano.specs -mfpu=fpv4-sp-d16 -mfloat-abi=hard -mthumb -Wl,--start-group -lc -lm -Wl,--end-group
Finished building target: FND_control.elf
 
arm-none-eabi-size  FND_control.elf 
arm-none-eabi-objdump -h -S FND_control.elf  > "FND_control.list"
   text	   data	    bss	    dec	    hex	filename
   7032	     12	   1604	   8648	   21c8	FND_control.elf
Finished building: default.size.stdout
 
Finished building: FND_control.list
 
18:13:41 **** Incremental Build of configuration Debug for project FND_control ****
make -j8 all 
arm-none-eabi-gcc "../Core/Src/main.c" -mcpu=cortex-m4 -std=gnu11 -g3 -DDEBUG -DUSE_HAL_DRIVER -DSTM32F446xx -c -I../Core/Inc -I../Drivers/STM32F4xx_HAL_Driver/Inc -I../Drivers/STM32F4xx_HAL_Driver/Inc/Legacy -I../Drivers/CMSIS/Device/ST/STM32F4xx/Include -I../Drivers/CMSIS/Include -O0 -ffunction-sections -fdata-sections -Wall -fstack-usage -fcyclomatic-complexity -MMD -MP -MF"Core/Src/main.d" -MT"Core/Src/main.o" --specs=nano.specs -mfpu=fpv4-sp-d16 -mfloat-abi=hard -mthumb -o "Core/Src/main.o"
arm-none-eabi-gcc -o "FND_control.elf" @"objects.list"   -mcpu=cortex-m4 -T"C:\Study\STM32\OJ_tube\FND_module\STM32F446RETX_FLASH.ld" --specs=nosys.specs -Wl,-Map="FND_control.map" -Wl,--gc-sections -static --specs=nano.specs -mfpu=fpv4-sp-d16 -mfloat-abi=hard -mthumb -Wl,--start-group -lc -lm -Wl,--end-group
Finished building target: FND_control.elf
 
arm-none-eabi-size  FND_control.elf 
arm-none-eabi-objdump -h -S FND_control.elf  > "FND_control.list"
   text	   data	    bss	    dec	    hex	filename
   6984	     12	   1604	   8600	   2198	FND_control.elf
Finished building: default.size.stdout
 
Finished building: FND_control.list
 
15:07:42 **** Build of configuration Debug for project FND_control ****
make -j8 all 
arm-none-eabi-gcc -o "FND_control.elf" @"objects.list"   -mcpu=cortex-m4 -T"C:\Study\STM32\OJ_tube\FND_control\STM32F446RETX_FLASH.ld" --specs=nosys.specs -Wl,-Map="FND_control.map" -Wl,--gc-sections -static --specs=nano.specs -mfpu=fpv4-sp-d16 -mfloat-abi=hard -mthumb -Wl,--start-group -lc -lm -Wl,--end-group
Finished building target: FND_control.elf
 
arm-none-eabi-size  FND_control.elf 
arm-none-eabi-objdump -h -S FND_control.elf  > "FND_control.list"
   text	   data	    bss	    dec	    hex	filename
   6984	     12	   1604	   8600	   2198	FND_control.elf
Finished building: default.size.stdout
 
Finished building: FND_control.list
 
15:07:50 **** Build of configuration Debug for project FND_control_SPI ****
make -j8 all 
arm-none-eabi-gcc "../Drivers/STM32F4xx_HAL_Driver/Src/stm32f4xx_hal.c" -mcpu=cortex-m4 -std=gnu11 -g3 -DDEBUG -DUSE_HAL_DRIVER -DSTM32F446xx -c -I../Core/Inc -I../Drivers/STM32F4xx_HAL_Driver/Inc -I../Drivers/STM32F4xx_HAL_Driver/Inc/Legacy -I../Drivers/CMSIS/Device/ST/STM32F4xx/Include -I../Drivers/CMSIS/Include -O0 -ffunction-sections -fdata-sections -Wall -fstack-usage -fcyclomatic-complexity -MMD -MP -MF"Drivers/STM32F4xx_HAL_Driver/Src/stm32f4xx_hal.d" -MT"Drivers/STM32F4xx_HAL_Driver/Src/stm32f4xx_hal.o" --specs=nano.specs -mfpu=fpv4-sp-d16 -mfloat-abi=hard -mthumb -o "Drivers/STM32F4xx_HAL_Driver/Src/stm32f4xx_hal.o"
arm-none-eabi-gcc "../Drivers/STM32F4xx_HAL_Driver/Src/stm32f4xx_hal_cortex.c" -mcpu=cortex-m4 -std=gnu11 -g3 -DDEBUG -DUSE_HAL_DRIVER -DSTM32F446xx -c -I../Core/Inc -I../Drivers/STM32F4xx_HAL_Driver/Inc -I../Drivers/STM32F4xx_HAL_Driver/Inc/Legacy -I../Drivers/CMSIS/Device/ST/STM32F4xx/Include -I../Drivers/CMSIS/Include -O0 -ffunction-sections -fdata-sections -Wall -fstack-usage -fcyclomatic-complexity -MMD -MP -MF"Drivers/STM32F4xx_HAL_Driver/Src/stm32f4xx_hal_cortex.d" -MT"Drivers/STM32F4xx_HAL_Driver/Src/stm32f4xx_hal_cortex.o" --specs=nano.specs -mfpu=fpv4-sp-d16 -mfloat-abi=hard -mthumb -o "Drivers/STM32F4xx_HAL_Driver/Src/stm32f4xx_hal_cortex.o"
arm-none-eabi-gcc "../Drivers/STM32F4xx_HAL_Driver/Src/stm32f4xx_hal_dma.c" -mcpu=cortex-m4 -std=gnu11 -g3 -DDEBUG -DUSE_HAL_DRIVER -DSTM32F446xx -c -I../Core/Inc -I../Drivers/STM32F4xx_HAL_Driver/Inc -I../Drivers/STM32F4xx_HAL_Driver/Inc/Legacy -I../Drivers/CMSIS/Device/ST/STM32F4xx/Include -I../Drivers/CMSIS/Include -O0 -ffunction-sections -fdata-sections -Wall -fstack-usage -fcyclomatic-complexity -MMD -MP -MF"Drivers/STM32F4xx_HAL_Driver/Src/stm32f4xx_hal_dma.d" -MT"Drivers/STM32F4xx_HAL_Driver/Src/stm32f4xx_hal_dma.o" --specs=nano.specs -mfpu=fpv4-sp-d16 -mfloat-abi=hard -mthumb -o "Drivers/STM32F4xx_HAL_Driver/Src/stm32f4xx_hal_dma.o"
arm-none-eabi-gcc "../Drivers/STM32F4xx_HAL_Driver/Src/stm32f4xx_hal_dma_ex.c" -mcpu=cortex-m4 -std=gnu11 -g3 -DDEBUG -DUSE_HAL_DRIVER -DSTM32F446xx -c -I../Core/Inc -I../Drivers/STM32F4xx_HAL_Driver/Inc -I../Drivers/STM32F4xx_HAL_Driver/Inc/Legacy -I../Drivers/CMSIS/Device/ST/STM32F4xx/Include -I../Drivers/CMSIS/Include -O0 -ffunction-sections -fdata-sections -Wall -fstack-usage -fcyclomatic-complexity -MMD -MP -MF"Drivers/STM32F4xx_HAL_Driver/Src/stm32f4xx_hal_dma_ex.d" -MT"Drivers/STM32F4xx_HAL_Driver/Src/stm32f4xx_hal_dma_ex.o" --specs=nano.specs -mfpu=fpv4-sp-d16 -mfloat-abi=hard -mthumb -o "Drivers/STM32F4xx_HAL_Driver/Src/stm32f4xx_hal_dma_ex.o"
arm-none-eabi-gcc "../Drivers/STM32F4xx_HAL_Driver/Src/stm32f4xx_hal_exti.c" -mcpu=cortex-m4 -std=gnu11 -g3 -DDEBUG -DUSE_HAL_DRIVER -DSTM32F446xx -c -I../Core/Inc -I../Drivers/STM32F4xx_HAL_Driver/Inc -I../Drivers/STM32F4xx_HAL_Driver/Inc/Legacy -I../Drivers/CMSIS/Device/ST/STM32F4xx/Include -I../Drivers/CMSIS/Include -O0 -ffunction-sections -fdata-sections -Wall -fstack-usage -fcyclomatic-complexity -MMD -MP -MF"Drivers/STM32F4xx_HAL_Driver/Src/stm32f4xx_hal_exti.d" -MT"Drivers/STM32F4xx_HAL_Driver/Src/stm32f4xx_hal_exti.o" --specs=nano.specs -mfpu=fpv4-sp-d16 -mfloat-abi=hard -mthumb -o "Drivers/STM32F4xx_HAL_Driver/Src/stm32f4xx_hal_exti.o"
arm-none-eabi-gcc "../Drivers/STM32F4xx_HAL_Driver/Src/stm32f4xx_hal_flash.c" -mcpu=cortex-m4 -std=gnu11 -g3 -DDEBUG -DUSE_HAL_DRIVER -DSTM32F446xx -c -I../Core/Inc -I../Drivers/STM32F4xx_HAL_Driver/Inc -I../Drivers/STM32F4xx_HAL_Driver/Inc/Legacy -I../Drivers/CMSIS/Device/ST/STM32F4xx/Include -I../Drivers/CMSIS/Include -O0 -ffunction-sections -fdata-sections -Wall -fstack-usage -fcyclomatic-complexity -MMD -MP -MF"Drivers/STM32F4xx_HAL_Driver/Src/stm32f4xx_hal_flash.d" -MT"Drivers/STM32F4xx_HAL_Driver/Src/stm32f4xx_hal_flash.o" --specs=nano.specs -mfpu=fpv4-sp-d16 -mfloat-abi=hard -mthumb -o "Drivers/STM32F4xx_HAL_Driver/Src/stm32f4xx_hal_flash.o"
arm-none-eabi-gcc "../Drivers/STM32F4xx_HAL_Driver/Src/stm32f4xx_hal_flash_ex.c" -mcpu=cortex-m4 -std=gnu11 -g3 -DDEBUG -DUSE_HAL_DRIVER -DSTM32F446xx -c -I../Core/Inc -I../Drivers/STM32F4xx_HAL_Driver/Inc -I../Drivers/STM32F4xx_HAL_Driver/Inc/Legacy -I../Drivers/CMSIS/Device/ST/STM32F4xx/Include -I../Drivers/CMSIS/Include -O0 -ffunction-sections -fdata-sections -Wall -fstack-usage -fcyclomatic-complexity -MMD -MP -MF"Drivers/STM32F4xx_HAL_Driver/Src/stm32f4xx_hal_flash_ex.d" -MT"Drivers/STM32F4xx_HAL_Driver/Src/stm32f4xx_hal_flash_ex.o" --specs=nano.specs -mfpu=fpv4-sp-d16 -mfloat-abi=hard -mthumb -o "Drivers/STM32F4xx_HAL_Driver/Src/stm32f4xx_hal_flash_ex.o"
arm-none-eabi-gcc "../Drivers/STM32F4xx_HAL_Driver/Src/stm32f4xx_hal_flash_ramfunc.c" -mcpu=cortex-m4 -std=gnu11 -g3 -DDEBUG -DUSE_HAL_DRIVER -DSTM32F446xx -c -I../Core/Inc -I../Drivers/STM32F4xx_HAL_Driver/Inc -I../Drivers/STM32F4xx_HAL_Driver/Inc/Legacy -I../Drivers/CMSIS/Device/ST/STM32F4xx/Include -I../Drivers/CMSIS/Include -O0 -ffunction-sections -fdata-sections -Wall -fstack-usage -fcyclomatic-complexity -MMD -MP -MF"Drivers/STM32F4xx_HAL_Driver/Src/stm32f4xx_hal_flash_ramfunc.d" -MT"Drivers/STM32F4xx_HAL_Driver/Src/stm32f4xx_hal_flash_ramfunc.o" --specs=nano.specs -mfpu=fpv4-sp-d16 -mfloat-abi=hard -mthumb -o "Drivers/STM32F4xx_HAL_Driver/Src/stm32f4xx_hal_flash_ramfunc.o"
arm-none-eabi-gcc "../Drivers/STM32F4xx_HAL_Driver/Src/stm32f4xx_hal_gpio.c" -mcpu=cortex-m4 -std=gnu11 -g3 -DDEBUG -DUSE_HAL_DRIVER -DSTM32F446xx -c -I../Core/Inc -I../Drivers/STM32F4xx_HAL_Driver/Inc -I../Drivers/STM32F4xx_HAL_Driver/Inc/Legacy -I../Drivers/CMSIS/Device/ST/STM32F4xx/Include -I../Drivers/CMSIS/Include -O0 -ffunction-sections -fdata-sections -Wall -fstack-usage -fcyclomatic-complexity -MMD -MP -MF"Drivers/STM32F4xx_HAL_Driver/Src/stm32f4xx_hal_gpio.d" -MT"Drivers/STM32F4xx_HAL_Driver/Src/stm32f4xx_hal_gpio.o" --specs=nano.specs -mfpu=fpv4-sp-d16 -mfloat-abi=hard -mthumb -o "Drivers/STM32F4xx_HAL_Driver/Src/stm32f4xx_hal_gpio.o"
arm-none-eabi-gcc "../Drivers/STM32F4xx_HAL_Driver/Src/stm32f4xx_hal_pwr.c" -mcpu=cortex-m4 -std=gnu11 -g3 -DDEBUG -DUSE_HAL_DRIVER -DSTM32F446xx -c -I../Core/Inc -I../Drivers/STM32F4xx_HAL_Driver/Inc -I../Drivers/STM32F4xx_HAL_Driver/Inc/Legacy -I../Drivers/CMSIS/Device/ST/STM32F4xx/Include -I../Drivers/CMSIS/Include -O0 -ffunction-sections -fdata-sections -Wall -fstack-usage -fcyclomatic-complexity -MMD -MP -MF"Drivers/STM32F4xx_HAL_Driver/Src/stm32f4xx_hal_pwr.d" -MT"Drivers/STM32F4xx_HAL_Driver/Src/stm32f4xx_hal_pwr.o" --specs=nano.specs -mfpu=fpv4-sp-d16 -mfloat-abi=hard -mthumb -o "Drivers/STM32F4xx_HAL_Driver/Src/stm32f4xx_hal_pwr.o"
arm-none-eabi-gcc "../Drivers/STM32F4xx_HAL_Driver/Src/stm32f4xx_hal_pwr_ex.c" -mcpu=cortex-m4 -std=gnu11 -g3 -DDEBUG -DUSE_HAL_DRIVER -DSTM32F446xx -c -I../Core/Inc -I../Drivers/STM32F4xx_HAL_Driver/Inc -I../Drivers/STM32F4xx_HAL_Driver/Inc/Legacy -I../Drivers/CMSIS/Device/ST/STM32F4xx/Include -I../Drivers/CMSIS/Include -O0 -ffunction-sections -fdata-sections -Wall -fstack-usage -fcyclomatic-complexity -MMD -MP -MF"Drivers/STM32F4xx_HAL_Driver/Src/stm32f4xx_hal_pwr_ex.d" -MT"Drivers/STM32F4xx_HAL_Driver/Src/stm32f4xx_hal_pwr_ex.o" --specs=nano.specs -mfpu=fpv4-sp-d16 -mfloat-abi=hard -mthumb -o "Drivers/STM32F4xx_HAL_Driver/Src/stm32f4xx_hal_pwr_ex.o"
arm-none-eabi-gcc "../Drivers/STM32F4xx_HAL_Driver/Src/stm32f4xx_hal_rcc.c" -mcpu=cortex-m4 -std=gnu11 -g3 -DDEBUG -DUSE_HAL_DRIVER -DSTM32F446xx -c -I../Core/Inc -I../Drivers/STM32F4xx_HAL_Driver/Inc -I../Drivers/STM32F4xx_HAL_Driver/Inc/Legacy -I../Drivers/CMSIS/Device/ST/STM32F4xx/Include -I../Drivers/CMSIS/Include -O0 -ffunction-sections -fdata-sections -Wall -fstack-usage -fcyclomatic-complexity -MMD -MP -MF"Drivers/STM32F4xx_HAL_Driver/Src/stm32f4xx_hal_rcc.d" -MT"Drivers/STM32F4xx_HAL_Driver/Src/stm32f4xx_hal_rcc.o" --specs=nano.specs -mfpu=fpv4-sp-d16 -mfloat-abi=hard -mthumb -o "Drivers/STM32F4xx_HAL_Driver/Src/stm32f4xx_hal_rcc.o"
arm-none-eabi-gcc "../Drivers/STM32F4xx_HAL_Driver/Src/stm32f4xx_hal_rcc_ex.c" -mcpu=cortex-m4 -std=gnu11 -g3 -DDEBUG -DUSE_HAL_DRIVER -DSTM32F446xx -c -I../Core/Inc -I../Drivers/STM32F4xx_HAL_Driver/Inc -I../Drivers/STM32F4xx_HAL_Driver/Inc/Legacy -I../Drivers/CMSIS/Device/ST/STM32F4xx/Include -I../Drivers/CMSIS/Include -O0 -ffunction-sections -fdata-sections -Wall -fstack-usage -fcyclomatic-complexity -MMD -MP -MF"Drivers/STM32F4xx_HAL_Driver/Src/stm32f4xx_hal_rcc_ex.d" -MT"Drivers/STM32F4xx_HAL_Driver/Src/stm32f4xx_hal_rcc_ex.o" --specs=nano.specs -mfpu=fpv4-sp-d16 -mfloat-abi=hard -mthumb -o "Drivers/STM32F4xx_HAL_Driver/Src/stm32f4xx_hal_rcc_ex.o"
arm-none-eabi-gcc "../Drivers/STM32F4xx_HAL_Driver/Src/stm32f4xx_hal_spi.c" -mcpu=cortex-m4 -std=gnu11 -g3 -DDEBUG -DUSE_HAL_DRIVER -DSTM32F446xx -c -I../Core/Inc -I../Drivers/STM32F4xx_HAL_Driver/Inc -I../Drivers/STM32F4xx_HAL_Driver/Inc/Legacy -I../Drivers/CMSIS/Device/ST/STM32F4xx/Include -I../Drivers/CMSIS/Include -O0 -ffunction-sections -fdata-sections -Wall -fstack-usage -fcyclomatic-complexity -MMD -MP -MF"Drivers/STM32F4xx_HAL_Driver/Src/stm32f4xx_hal_spi.d" -MT"Drivers/STM32F4xx_HAL_Driver/Src/stm32f4xx_hal_spi.o" --specs=nano.specs -mfpu=fpv4-sp-d16 -mfloat-abi=hard -mthumb -o "Drivers/STM32F4xx_HAL_Driver/Src/stm32f4xx_hal_spi.o"
arm-none-eabi-gcc -mcpu=cortex-m4 -g3 -DDEBUG -c -x assembler-with-cpp -MMD -MP -MF"Core/Startup/startup_stm32f446retx.d" -MT"Core/Startup/startup_stm32f446retx.o" --specs=nano.specs -mfpu=fpv4-sp-d16 -mfloat-abi=hard -mthumb -o "Core/Startup/startup_stm32f446retx.o" "../Core/Startup/startup_stm32f446retx.s"
arm-none-eabi-gcc "../Core/Src/FND_controller.c" -mcpu=cortex-m4 -std=gnu11 -g3 -DDEBUG -DUSE_HAL_DRIVER -DSTM32F446xx -c -I../Core/Inc -I../Drivers/STM32F4xx_HAL_Driver/Inc -I../Drivers/STM32F4xx_HAL_Driver/Inc/Legacy -I../Drivers/CMSIS/Device/ST/STM32F4xx/Include -I../Drivers/CMSIS/Include -O0 -ffunction-sections -fdata-sections -Wall -fstack-usage -fcyclomatic-complexity -MMD -MP -MF"Core/Src/FND_controller.d" -MT"Core/Src/FND_controller.o" --specs=nano.specs -mfpu=fpv4-sp-d16 -mfloat-abi=hard -mthumb -o "Core/Src/FND_controller.o"
arm-none-eabi-gcc "../Core/Src/main.c" -mcpu=cortex-m4 -std=gnu11 -g3 -DDEBUG -DUSE_HAL_DRIVER -DSTM32F446xx -c -I../Core/Inc -I../Drivers/STM32F4xx_HAL_Driver/Inc -I../Drivers/STM32F4xx_HAL_Driver/Inc/Legacy -I../Drivers/CMSIS/Device/ST/STM32F4xx/Include -I../Drivers/CMSIS/Include -O0 -ffunction-sections -fdata-sections -Wall -fstack-usage -fcyclomatic-complexity -MMD -MP -MF"Core/Src/main.d" -MT"Core/Src/main.o" --specs=nano.specs -mfpu=fpv4-sp-d16 -mfloat-abi=hard -mthumb -o "Core/Src/main.o"
arm-none-eabi-gcc "../Core/Src/stm32f4xx_hal_msp.c" -mcpu=cortex-m4 -std=gnu11 -g3 -DDEBUG -DUSE_HAL_DRIVER -DSTM32F446xx -c -I../Core/Inc -I../Drivers/STM32F4xx_HAL_Driver/Inc -I../Drivers/STM32F4xx_HAL_Driver/Inc/Legacy -I../Drivers/CMSIS/Device/ST/STM32F4xx/Include -I../Drivers/CMSIS/Include -O0 -ffunction-sections -fdata-sections -Wall -fstack-usage -fcyclomatic-complexity -MMD -MP -MF"Core/Src/stm32f4xx_hal_msp.d" -MT"Core/Src/stm32f4xx_hal_msp.o" --specs=nano.specs -mfpu=fpv4-sp-d16 -mfloat-abi=hard -mthumb -o "Core/Src/stm32f4xx_hal_msp.o"
arm-none-eabi-gcc "../Core/Src/stm32f4xx_it.c" -mcpu=cortex-m4 -std=gnu11 -g3 -DDEBUG -DUSE_HAL_DRIVER -DSTM32F446xx -c -I../Core/Inc -I../Drivers/STM32F4xx_HAL_Driver/Inc -I../Drivers/STM32F4xx_HAL_Driver/Inc/Legacy -I../Drivers/CMSIS/Device/ST/STM32F4xx/Include -I../Drivers/CMSIS/Include -O0 -ffunction-sections -fdata-sections -Wall -fstack-usage -fcyclomatic-complexity -MMD -MP -MF"Core/Src/stm32f4xx_it.d" -MT"Core/Src/stm32f4xx_it.o" --specs=nano.specs -mfpu=fpv4-sp-d16 -mfloat-abi=hard -mthumb -o "Core/Src/stm32f4xx_it.o"
arm-none-eabi-gcc "../Core/Src/syscalls.c" -mcpu=cortex-m4 -std=gnu11 -g3 -DDEBUG -DUSE_HAL_DRIVER -DSTM32F446xx -c -I../Core/Inc -I../Drivers/STM32F4xx_HAL_Driver/Inc -I../Drivers/STM32F4xx_HAL_Driver/Inc/Legacy -I../Drivers/CMSIS/Device/ST/STM32F4xx/Include -I../Drivers/CMSIS/Include -O0 -ffunction-sections -fdata-sections -Wall -fstack-usage -fcyclomatic-complexity -MMD -MP -MF"Core/Src/syscalls.d" -MT"Core/Src/syscalls.o" --specs=nano.specs -mfpu=fpv4-sp-d16 -mfloat-abi=hard -mthumb -o "Core/Src/syscalls.o"
../Core/Src/FND_controller.c: In function 'send_port':
../Core/Src/FND_controller.c:65:27: error: 'PB13_FND_RCLK_GPIO_Port' undeclared (first use in this function); did you mean 'FND_RCLK_GPIO_Port'?
   65 |         HAL_GPIO_WritePin(PB13_FND_RCLK_GPIO_Port, PB13_FND_RCLK_Pin, 0);
      |                           ^~~~~~~~~~~~~~~~~~~~~~~
      |                           FND_RCLK_GPIO_Port
../Core/Src/FND_controller.c:65:27: note: each undeclared identifier is reported only once for each function it appears in
../Core/Src/FND_controller.c:65:52: error: 'PB13_FND_RCLK_Pin' undeclared (first use in this function); did you mean 'FND_RCLK_Pin'?
   65 |         HAL_GPIO_WritePin(PB13_FND_RCLK_GPIO_Port, PB13_FND_RCLK_Pin, 0);
      |                                                    ^~~~~~~~~~~~~~~~~
      |                                                    FND_RCLK_Pin
arm-none-eabi-gcc "../Core/Src/sysmem.c" -mcpu=cortex-m4 -std=gnu11 -g3 -DDEBUG -DUSE_HAL_DRIVER -DSTM32F446xx -c -I../Core/Inc -I../Drivers/STM32F4xx_HAL_Driver/Inc -I../Drivers/STM32F4xx_HAL_Driver/Inc/Legacy -I../Drivers/CMSIS/Device/ST/STM32F4xx/Include -I../Drivers/CMSIS/Include -O0 -ffunction-sections -fdata-sections -Wall -fstack-usage -fcyclomatic-complexity -MMD -MP -MF"Core/Src/sysmem.d" -MT"Core/Src/sysmem.o" --specs=nano.specs -mfpu=fpv4-sp-d16 -mfloat-abi=hard -mthumb -o "Core/Src/sysmem.o"
make: *** [Core/Src/subdir.mk:37: Core/Src/FND_controller.o] Error 1
make: *** Waiting for unfinished jobs....
"make -j8 all" terminated with exit code 2. Build might be incomplete.
15:07:55 **** Build of configuration Debug for project FND_control_switch ****
make -j8 all 
arm-none-eabi-gcc "../Core/Src/FND_controller.c" -mcpu=cortex-m4 -std=gnu11 -g3 -DDEBUG -DUSE_HAL_DRIVER -DSTM32F446xx -c -I../Core/Inc -I../Drivers/STM32F4xx_HAL_Driver/Inc -I../Drivers/STM32F4xx_HAL_Driver/Inc/Legacy -I../Drivers/CMSIS/Device/ST/STM32F4xx/Include -I../Drivers/CMSIS/Include -O0 -ffunction-sections -fdata-sections -Wall -fstack-usage -fcyclomatic-complexity -MMD -MP -MF"Core/Src/FND_controller.d" -MT"Core/Src/FND_controller.o" --specs=nano.specs -mfpu=fpv4-sp-d16 -mfloat-abi=hard -mthumb -o "Core/Src/FND_controller.o"
arm-none-eabi-gcc "../Core/Src/main.c" -mcpu=cortex-m4 -std=gnu11 -g3 -DDEBUG -DUSE_HAL_DRIVER -DSTM32F446xx -c -I../Core/Inc -I../Drivers/STM32F4xx_HAL_Driver/Inc -I../Drivers/STM32F4xx_HAL_Driver/Inc/Legacy -I../Drivers/CMSIS/Device/ST/STM32F4xx/Include -I../Drivers/CMSIS/Include -O0 -ffunction-sections -fdata-sections -Wall -fstack-usage -fcyclomatic-complexity -MMD -MP -MF"Core/Src/main.d" -MT"Core/Src/main.o" --specs=nano.specs -mfpu=fpv4-sp-d16 -mfloat-abi=hard -mthumb -o "Core/Src/main.o"
arm-none-eabi-gcc -o "FND_control_switch.elf" @"objects.list"   -mcpu=cortex-m4 -T"C:\Study\STM32\OJ_tube\FND_control_switch\STM32F446RETX_FLASH.ld" --specs=nosys.specs -Wl,-Map="FND_control_switch.map" -Wl,--gc-sections -static --specs=nano.specs -mfpu=fpv4-sp-d16 -mfloat-abi=hard -mthumb -Wl,--start-group -lc -lm -Wl,--end-group
Finished building target: FND_control_switch.elf
 
arm-none-eabi-size  FND_control_switch.elf 
arm-none-eabi-objdump -h -S FND_control_switch.elf  > "FND_control_switch.list"
   text	   data	    bss	    dec	    hex	filename
   7308	     12	   1604	   8924	   22dc	FND_control_switch.elf
Finished building: default.size.stdout
 
Finished building: FND_control_switch.list
 
15:07:59 **** Build of configuration Debug for project GPIO_HAL_X ****
make -j8 all 
arm-none-eabi-size  GPIO_HAL_X.elf 
   text	   data	    bss	    dec	    hex	filename
   6468	     12	   1572	   8052	   1f74	GPIO_HAL_X.elf
Finished building: default.size.stdout
 
15:08:00 **** Build of configuration Debug for project Hello_GPIO ****
make -j8 all 
arm-none-eabi-size  Hello_GPIO.elf 
   text	   data	    bss	    dec	    hex	filename
   6464	     12	   1572	   8048	   1f70	Hello_GPIO.elf
Finished building: default.size.stdout
 
15:08:00 **** Build of configuration Debug for project LED_control ****
make -j8 all 
arm-none-eabi-size  LED_control.elf 
   text	   data	    bss	    dec	    hex	filename
   6404	     12	   1572	   7988	   1f34	LED_control.elf
Finished building: default.size.stdout
 
15:08:01 **** Build of configuration Debug for project LED_control_switch ****
make -j8 all 
arm-none-eabi-size  LED_control_switch.elf 
   text	   data	    bss	    dec	    hex	filename
   6416	     12	   1572	   8000	   1f40	LED_control_switch.elf
Finished building: default.size.stdout
 
15:08:02 **** Build of configuration Debug for project first_ ****
make -j8 all 
arm-none-eabi-size  first_.elf 
   text	   data	    bss	    dec	    hex	filename
   8640	     12	   1644	  10296	   2838	first_.elf
Finished building: default.size.stdout
 
15:08:03 **** Build of configuration Debug for project switch_test ****
make -j8 all 
arm-none-eabi-size  switch_test.elf 
   text	   data	    bss	    dec	    hex	filename
   6380	     12	   1572	   7964	   1f1c	switch_test.elf
Finished building: default.size.stdout
 
15:08:04 **** Build of configuration Debug for project uart_printf ****
make -j8 all 
arm-none-eabi-size  uart_printf.elf 
   text	   data	    bss	    dec	    hex	filename
  23324	    468	   1988	  25780	   64b4	uart_printf.elf
Finished building: default.size.stdout
 
15:12:56 **** Incremental Build of configuration Debug for project FND_control_SPI ****
make -j8 all 
arm-none-eabi-gcc "../Core/Src/FND_controller.c" -mcpu=cortex-m4 -std=gnu11 -g3 -DDEBUG -DUSE_HAL_DRIVER -DSTM32F446xx -c -I../Core/Inc -I../Drivers/STM32F4xx_HAL_Driver/Inc -I../Drivers/STM32F4xx_HAL_Driver/Inc/Legacy -I../Drivers/CMSIS/Device/ST/STM32F4xx/Include -I../Drivers/CMSIS/Include -O0 -ffunction-sections -fdata-sections -Wall -fstack-usage -fcyclomatic-complexity -MMD -MP -MF"Core/Src/FND_controller.d" -MT"Core/Src/FND_controller.o" --specs=nano.specs -mfpu=fpv4-sp-d16 -mfloat-abi=hard -mthumb -o "Core/Src/FND_controller.o"
arm-none-eabi-gcc "../Core/Src/main.c" -mcpu=cortex-m4 -std=gnu11 -g3 -DDEBUG -DUSE_HAL_DRIVER -DSTM32F446xx -c -I../Core/Inc -I../Drivers/STM32F4xx_HAL_Driver/Inc -I../Drivers/STM32F4xx_HAL_Driver/Inc/Legacy -I../Drivers/CMSIS/Device/ST/STM32F4xx/Include -I../Drivers/CMSIS/Include -O0 -ffunction-sections -fdata-sections -Wall -fstack-usage -fcyclomatic-complexity -MMD -MP -MF"Core/Src/main.d" -MT"Core/Src/main.o" --specs=nano.specs -mfpu=fpv4-sp-d16 -mfloat-abi=hard -mthumb -o "Core/Src/main.o"
arm-none-eabi-gcc "../Core/Src/system_stm32f4xx.c" -mcpu=cortex-m4 -std=gnu11 -g3 -DDEBUG -DUSE_HAL_DRIVER -DSTM32F446xx -c -I../Core/Inc -I../Drivers/STM32F4xx_HAL_Driver/Inc -I../Drivers/STM32F4xx_HAL_Driver/Inc/Legacy -I../Drivers/CMSIS/Device/ST/STM32F4xx/Include -I../Drivers/CMSIS/Include -O0 -ffunction-sections -fdata-sections -Wall -fstack-usage -fcyclomatic-complexity -MMD -MP -MF"Core/Src/system_stm32f4xx.d" -MT"Core/Src/system_stm32f4xx.o" --specs=nano.specs -mfpu=fpv4-sp-d16 -mfloat-abi=hard -mthumb -o "Core/Src/system_stm32f4xx.o"
../Core/Src/FND_controller.c: In function 'send_port':
../Core/Src/FND_controller.c:65:27: error: 'PB13_FND_RCLK_GPIO_Port' undeclared (first use in this function); did you mean 'FND_RCLK_GPIO_Port'?
   65 |         HAL_GPIO_WritePin(PB13_FND_RCLK_GPIO_Port, PB13_FND_RCLK_Pin, 0);
      |                           ^~~~~~~~~~~~~~~~~~~~~~~
      |                           FND_RCLK_GPIO_Port
../Core/Src/FND_controller.c:65:27: note: each undeclared identifier is reported only once for each function it appears in
../Core/Src/FND_controller.c:65:52: error: 'PB13_FND_RCLK_Pin' undeclared (first use in this function); did you mean 'FND_RCLK_Pin'?
   65 |         HAL_GPIO_WritePin(PB13_FND_RCLK_GPIO_Port, PB13_FND_RCLK_Pin, 0);
      |                                                    ^~~~~~~~~~~~~~~~~
      |                                                    FND_RCLK_Pin
make: *** [Core/Src/subdir.mk:37: Core/Src/FND_controller.o] Error 1
make: *** Waiting for unfinished jobs....
"make -j8 all" terminated with exit code 2. Build might be incomplete.
15:14:07 **** Incremental Build of configuration Debug for project FND_control_SPI ****
make -j8 all 
arm-none-eabi-gcc "../Core/Src/FND_controller.c" -mcpu=cortex-m4 -std=gnu11 -g3 -DDEBUG -DUSE_HAL_DRIVER -DSTM32F446xx -c -I../Core/Inc -I../Drivers/STM32F4xx_HAL_Driver/Inc -I../Drivers/STM32F4xx_HAL_Driver/Inc/Legacy -I../Drivers/CMSIS/Device/ST/STM32F4xx/Include -I../Drivers/CMSIS/Include -O0 -ffunction-sections -fdata-sections -Wall -fstack-usage -fcyclomatic-complexity -MMD -MP -MF"Core/Src/FND_controller.d" -MT"Core/Src/FND_controller.o" --specs=nano.specs -mfpu=fpv4-sp-d16 -mfloat-abi=hard -mthumb -o "Core/Src/FND_controller.o"
arm-none-eabi-gcc -o "FND_control_SPI.elf" @"objects.list"   -mcpu=cortex-m4 -T"C:\Study\STM32\OJ_tube\FND_control_SPI\STM32F446RETX_FLASH.ld" --specs=nosys.specs -Wl,-Map="FND_control_SPI.map" -Wl,--gc-sections -static --specs=nano.specs -mfpu=fpv4-sp-d16 -mfloat-abi=hard -mthumb -Wl,--start-group -lc -lm -Wl,--end-group
Finished building target: FND_control_SPI.elf
 
arm-none-eabi-size  FND_control_SPI.elf 
arm-none-eabi-objdump -h -S FND_control_SPI.elf  > "FND_control_SPI.list"
   text	   data	    bss	    dec	    hex	filename
   8592	     12	   1692	  10296	   2838	FND_control_SPI.elf
Finished building: default.size.stdout
 
Finished building: FND_control_SPI.list
 
15:14:14 **** Incremental Build of configuration Debug for project FND_control_SPI ****
make -j8 all 
arm-none-eabi-size  FND_control_SPI.elf 
   text	   data	    bss	    dec	    hex	filename
   8592	     12	   1692	  10296	   2838	FND_control_SPI.elf
Finished building: default.size.stdout
 
15:15:53 **** Incremental Build of configuration Debug for project FND_control_SPI ****
make -j8 all 
arm-none-eabi-gcc "../Core/Src/FND_controller.c" -mcpu=cortex-m4 -std=gnu11 -g3 -DDEBUG -DUSE_HAL_DRIVER -DSTM32F446xx -c -I../Core/Inc -I../Drivers/STM32F4xx_HAL_Driver/Inc -I../Drivers/STM32F4xx_HAL_Driver/Inc/Legacy -I../Drivers/CMSIS/Device/ST/STM32F4xx/Include -I../Drivers/CMSIS/Include -O0 -ffunction-sections -fdata-sections -Wall -fstack-usage -fcyclomatic-complexity -MMD -MP -MF"Core/Src/FND_controller.d" -MT"Core/Src/FND_controller.o" --specs=nano.specs -mfpu=fpv4-sp-d16 -mfloat-abi=hard -mthumb -o "Core/Src/FND_controller.o"
arm-none-eabi-gcc -o "FND_control_SPI.elf" @"objects.list"   -mcpu=cortex-m4 -T"C:\Study\STM32\OJ_tube\FND_control_SPI\STM32F446RETX_FLASH.ld" --specs=nosys.specs -Wl,-Map="FND_control_SPI.map" -Wl,--gc-sections -static --specs=nano.specs -mfpu=fpv4-sp-d16 -mfloat-abi=hard -mthumb -Wl,--start-group -lc -lm -Wl,--end-group
Finished building target: FND_control_SPI.elf
 
arm-none-eabi-size  FND_control_SPI.elf 
arm-none-eabi-objdump -h -S FND_control_SPI.elf  > "FND_control_SPI.list"
   text	   data	    bss	    dec	    hex	filename
   8592	     12	   1692	  10296	   2838	FND_control_SPI.elf
Finished building: default.size.stdout
 
Finished building: FND_control_SPI.list
 
15:16:36 **** Incremental Build of configuration Debug for project FND_control_SPI ****
make -j8 all 
arm-none-eabi-gcc "../Core/Src/FND_controller.c" -mcpu=cortex-m4 -std=gnu11 -g3 -DDEBUG -DUSE_HAL_DRIVER -DSTM32F446xx -c -I../Core/Inc -I../Drivers/STM32F4xx_HAL_Driver/Inc -I../Drivers/STM32F4xx_HAL_Driver/Inc/Legacy -I../Drivers/CMSIS/Device/ST/STM32F4xx/Include -I../Drivers/CMSIS/Include -O0 -ffunction-sections -fdata-sections -Wall -fstack-usage -fcyclomatic-complexity -MMD -MP -MF"Core/Src/FND_controller.d" -MT"Core/Src/FND_controller.o" --specs=nano.specs -mfpu=fpv4-sp-d16 -mfloat-abi=hard -mthumb -o "Core/Src/FND_controller.o"
../Core/Src/FND_controller.c: In function 'send':
../Core/Src/FND_controller.c:48:33: warning: passing argument 2 of 'HAL_SPI_Transmit' makes pointer from integer without a cast [-Wint-conversion]
   48 |         HAL_SPI_Transmit(mhspi, x, 1, 1);
      |                                 ^
      |                                 |
      |                                 uint8_t {aka unsigned char}
In file included from ../Core/Inc/stm32f4xx_hal_conf.h:403,
                 from ../Drivers/STM32F4xx_HAL_Driver/Inc/stm32f4xx_hal.h:29,
                 from ../Core/Inc/main.h:30,
                 from ../Core/Src/FND_controller.h:12,
                 from ../Core/Src/FND_controller.c:1:
../Drivers/STM32F4xx_HAL_Driver/Inc/stm32f4xx_hal_spi.h:674:76: note: expected 'const uint8_t *' {aka 'const unsigned char *'} but argument is of type 'uint8_t' {aka 'unsigned char'}
  674 | HAL_StatusTypeDef HAL_SPI_Transmit(SPI_HandleTypeDef *hspi, const uint8_t *pData, uint16_t Size, uint32_t Timeout);
      |                                                             ~~~~~~~~~~~~~~~^~~~~
arm-none-eabi-gcc -o "FND_control_SPI.elf" @"objects.list"   -mcpu=cortex-m4 -T"C:\Study\STM32\OJ_tube\FND_control_SPI\STM32F446RETX_FLASH.ld" --specs=nosys.specs -Wl,-Map="FND_control_SPI.map" -Wl,--gc-sections -static --specs=nano.specs -mfpu=fpv4-sp-d16 -mfloat-abi=hard -mthumb -Wl,--start-group -lc -lm -Wl,--end-group
Finished building target: FND_control_SPI.elf
 
arm-none-eabi-size  FND_control_SPI.elf 
arm-none-eabi-objdump -h -S FND_control_SPI.elf  > "FND_control_SPI.list"
   text	   data	    bss	    dec	    hex	filename
   8596	     12	   1692	  10300	   283c	FND_control_SPI.elf
Finished building: default.size.stdout
 
Finished building: FND_control_SPI.list
 
15:19:02 **** Incremental Build of configuration Debug for project FND_control_SPI ****
make -j8 all 
arm-none-eabi-gcc "../Core/Src/FND_controller.c" -mcpu=cortex-m4 -std=gnu11 -g3 -DDEBUG -DUSE_HAL_DRIVER -DSTM32F446xx -c -I../Core/Inc -I../Drivers/STM32F4xx_HAL_Driver/Inc -I../Drivers/STM32F4xx_HAL_Driver/Inc/Legacy -I../Drivers/CMSIS/Device/ST/STM32F4xx/Include -I../Drivers/CMSIS/Include -O0 -ffunction-sections -fdata-sections -Wall -fstack-usage -fcyclomatic-complexity -MMD -MP -MF"Core/Src/FND_controller.d" -MT"Core/Src/FND_controller.o" --specs=nano.specs -mfpu=fpv4-sp-d16 -mfloat-abi=hard -mthumb -o "Core/Src/FND_controller.o"
arm-none-eabi-gcc "../Core/Src/main.c" -mcpu=cortex-m4 -std=gnu11 -g3 -DDEBUG -DUSE_HAL_DRIVER -DSTM32F446xx -c -I../Core/Inc -I../Drivers/STM32F4xx_HAL_Driver/Inc -I../Drivers/STM32F4xx_HAL_Driver/Inc/Legacy -I../Drivers/CMSIS/Device/ST/STM32F4xx/Include -I../Drivers/CMSIS/Include -O0 -ffunction-sections -fdata-sections -Wall -fstack-usage -fcyclomatic-complexity -MMD -MP -MF"Core/Src/main.d" -MT"Core/Src/main.o" --specs=nano.specs -mfpu=fpv4-sp-d16 -mfloat-abi=hard -mthumb -o "Core/Src/main.o"
arm-none-eabi-gcc -o "FND_control_SPI.elf" @"objects.list"   -mcpu=cortex-m4 -T"C:\Study\STM32\OJ_tube\FND_control_SPI\STM32F446RETX_FLASH.ld" --specs=nosys.specs -Wl,-Map="FND_control_SPI.map" -Wl,--gc-sections -static --specs=nano.specs -mfpu=fpv4-sp-d16 -mfloat-abi=hard -mthumb -Wl,--start-group -lc -lm -Wl,--end-group
Finished building target: FND_control_SPI.elf
 
arm-none-eabi-size  FND_control_SPI.elf 
arm-none-eabi-objdump -h -S FND_control_SPI.elf  > "FND_control_SPI.list"
   text	   data	    bss	    dec	    hex	filename
   7044	     12	   1692	   8748	   222c	FND_control_SPI.elf
Finished building: default.size.stdout
 
Finished building: FND_control_SPI.list
 
15:19:33 **** Incremental Build of configuration Debug for project FND_control_SPI ****
make -j8 all 
arm-none-eabi-size  FND_control_SPI.elf 
   text	   data	    bss	    dec	    hex	filename
   7044	     12	   1692	   8748	   222c	FND_control_SPI.elf
Finished building: default.size.stdout
 
15:19:36 **** Incremental Build of configuration Debug for project FND_control_SPI ****
make -j8 all 
arm-none-eabi-size  FND_control_SPI.elf 
   text	   data	    bss	    dec	    hex	filename
   7044	     12	   1692	   8748	   222c	FND_control_SPI.elf
Finished building: default.size.stdout
 
15:19:59 **** Incremental Build of configuration Debug for project FND_control_SPI ****
make -j8 all 
arm-none-eabi-size  FND_control_SPI.elf 
   text	   data	    bss	    dec	    hex	filename
   7044	     12	   1692	   8748	   222c	FND_control_SPI.elf
Finished building: default.size.stdout
 
15:21:18 **** Incremental Build of configuration Debug for project FND_control_SPI ****
make -j8 all 
arm-none-eabi-gcc "../Core/Src/main.c" -mcpu=cortex-m4 -std=gnu11 -g3 -DDEBUG -DUSE_HAL_DRIVER -DSTM32F446xx -c -I../Core/Inc -I../Drivers/STM32F4xx_HAL_Driver/Inc -I../Drivers/STM32F4xx_HAL_Driver/Inc/Legacy -I../Drivers/CMSIS/Device/ST/STM32F4xx/Include -I../Drivers/CMSIS/Include -O0 -ffunction-sections -fdata-sections -Wall -fstack-usage -fcyclomatic-complexity -MMD -MP -MF"Core/Src/main.d" -MT"Core/Src/main.o" --specs=nano.specs -mfpu=fpv4-sp-d16 -mfloat-abi=hard -mthumb -o "Core/Src/main.o"
arm-none-eabi-gcc -o "FND_control_SPI.elf" @"objects.list"   -mcpu=cortex-m4 -T"C:\Study\STM32\OJ_tube\FND_control_SPI\STM32F446RETX_FLASH.ld" --specs=nosys.specs -Wl,-Map="FND_control_SPI.map" -Wl,--gc-sections -static --specs=nano.specs -mfpu=fpv4-sp-d16 -mfloat-abi=hard -mthumb -Wl,--start-group -lc -lm -Wl,--end-group
Finished building target: FND_control_SPI.elf
 
arm-none-eabi-size  FND_control_SPI.elf 
arm-none-eabi-objdump -h -S FND_control_SPI.elf  > "FND_control_SPI.list"
   text	   data	    bss	    dec	    hex	filename
   8592	     12	   1692	  10296	   2838	FND_control_SPI.elf
Finished building: default.size.stdout
 
Finished building: FND_control_SPI.list
 
15:22:15 **** Incremental Build of configuration Debug for project FND_control_SPI ****
make -j8 all 
arm-none-eabi-size  FND_control_SPI.elf 
   text	   data	    bss	    dec	    hex	filename
   8592	     12	   1692	  10296	   2838	FND_control_SPI.elf
Finished building: default.size.stdout
 
15:23:33 **** Incremental Build of configuration Debug for project FND_control_SPI ****
make -j8 all 
arm-none-eabi-size  FND_control_SPI.elf 
   text	   data	    bss	    dec	    hex	filename
   8592	     12	   1692	  10296	   2838	FND_control_SPI.elf
Finished building: default.size.stdout
 
14:54:46 **** Incremental Build of configuration Debug for project FND_control ****
make -j8 all 
arm-none-eabi-size  FND_control.elf 
   text	   data	    bss	    dec	    hex	filename
   6984	     12	   1604	   8600	   2198	FND_control.elf
Finished building: default.size.stdout
 
14:54:49 **** Incremental Build of configuration Debug for project FND_control_SPI ****
make -j8 all 
arm-none-eabi-size  FND_control_SPI.elf 
   text	   data	    bss	    dec	    hex	filename
   8592	     12	   1692	  10296	   2838	FND_control_SPI.elf
Finished building: default.size.stdout
 
14:54:51 **** Incremental Build of configuration Debug for project FND_control_switch ****
make -j8 all 
arm-none-eabi-size  FND_control_switch.elf 
   text	   data	    bss	    dec	    hex	filename
   7308	     12	   1604	   8924	   22dc	FND_control_switch.elf
Finished building: default.size.stdout
 
14:54:51 **** Incremental Build of configuration Debug for project GPIO_HAL_X ****
make -j8 all 
arm-none-eabi-size  GPIO_HAL_X.elf 
   text	   data	    bss	    dec	    hex	filename
   6468	     12	   1572	   8052	   1f74	GPIO_HAL_X.elf
Finished building: default.size.stdout
 
14:54:52 **** Incremental Build of configuration Debug for project Hello_GPIO ****
make -j8 all 
arm-none-eabi-size  Hello_GPIO.elf 
   text	   data	    bss	    dec	    hex	filename
   6464	     12	   1572	   8048	   1f70	Hello_GPIO.elf
Finished building: default.size.stdout
 
14:54:53 **** Incremental Build of configuration Debug for project LED_control ****
make -j8 all 
arm-none-eabi-size  LED_control.elf 
   text	   data	    bss	    dec	    hex	filename
   6404	     12	   1572	   7988	   1f34	LED_control.elf
Finished building: default.size.stdout
 
14:54:53 **** Incremental Build of configuration Debug for project LED_control_switch ****
make -j8 all 
arm-none-eabi-size  LED_control_switch.elf 
   text	   data	    bss	    dec	    hex	filename
   6416	     12	   1572	   8000	   1f40	LED_control_switch.elf
Finished building: default.size.stdout
 
14:54:54 **** Build of configuration Debug for project TEMP_sensor ****
make -j8 all 
arm-none-eabi-gcc "../Core/Lib/Src/ds18b20.c" -mcpu=cortex-m4 -std=gnu11 -g3 -DDEBUG -DUSE_HAL_DRIVER -DSTM32F446xx -c -I../Core/Inc -I../Drivers/STM32F4xx_HAL_Driver/Inc -I../Drivers/STM32F4xx_HAL_Driver/Inc/Legacy -I../Drivers/CMSIS/Device/ST/STM32F4xx/Include -I../Drivers/CMSIS/Include -O0 -ffunction-sections -fdata-sections -Wall -fstack-usage -fcyclomatic-complexity -MMD -MP -MF"Core/Lib/Src/ds18b20.d" -MT"Core/Lib/Src/ds18b20.o" --specs=nano.specs -mfpu=fpv4-sp-d16 -mfloat-abi=hard -mthumb -o "Core/Lib/Src/ds18b20.o"
arm-none-eabi-gcc "../Core/Lib/Src/onewire.c" -mcpu=cortex-m4 -std=gnu11 -g3 -DDEBUG -DUSE_HAL_DRIVER -DSTM32F446xx -c -I../Core/Inc -I../Drivers/STM32F4xx_HAL_Driver/Inc -I../Drivers/STM32F4xx_HAL_Driver/Inc/Legacy -I../Drivers/CMSIS/Device/ST/STM32F4xx/Include -I../Drivers/CMSIS/Include -O0 -ffunction-sections -fdata-sections -Wall -fstack-usage -fcyclomatic-complexity -MMD -MP -MF"Core/Lib/Src/onewire.d" -MT"Core/Lib/Src/onewire.o" --specs=nano.specs -mfpu=fpv4-sp-d16 -mfloat-abi=hard -mthumb -o "Core/Lib/Src/onewire.o"
../Core/Lib/Src/ds18b20.c:3:10: fatal error: ds18b20.h: No such file or directory
    3 | #include "ds18b20.h"
      |          ^~~~~~~~~~~
compilation terminated.
../Core/Lib/Src/onewire.c:19:10: fatal error: onewire.h: No such file or directory
   19 | #include "onewire.h"
      |          ^~~~~~~~~~~
compilation terminated.
make: *** [Core/Lib/Src/subdir.mk:22: Core/Lib/Src/ds18b20.o] Error 1
make: *** Waiting for unfinished jobs....
make: *** [Core/Lib/Src/subdir.mk:22: Core/Lib/Src/onewire.o] Error 1
"make -j8 all" terminated with exit code 2. Build might be incomplete.
14:54:55 **** Incremental Build of configuration Debug for project first_ ****
make -j8 all 
arm-none-eabi-size  first_.elf 
   text	   data	    bss	    dec	    hex	filename
   8640	     12	   1644	  10296	   2838	first_.elf
Finished building: default.size.stdout
 
14:54:57 **** Incremental Build of configuration Debug for project switch_test ****
make -j8 all 
arm-none-eabi-size  switch_test.elf 
   text	   data	    bss	    dec	    hex	filename
   6380	     12	   1572	   7964	   1f1c	switch_test.elf
Finished building: default.size.stdout
 
14:54:58 **** Incremental Build of configuration Debug for project uart_printf ****
make -j8 all 
arm-none-eabi-size  uart_printf.elf 
   text	   data	    bss	    dec	    hex	filename
  23324	    468	   1988	  25780	   64b4	uart_printf.elf
Finished building: default.size.stdout
 
14:57:40 **** Incremental Build of configuration Debug for project FND_control ****
make -j8 all 
arm-none-eabi-size  FND_control.elf 
   text	   data	    bss	    dec	    hex	filename
   6984	     12	   1604	   8600	   2198	FND_control.elf
Finished building: default.size.stdout
 
14:57:40 **** Incremental Build of configuration Debug for project FND_control_SPI ****
make -j8 all 
arm-none-eabi-size  FND_control_SPI.elf 
   text	   data	    bss	    dec	    hex	filename
   8592	     12	   1692	  10296	   2838	FND_control_SPI.elf
Finished building: default.size.stdout
 
14:57:41 **** Incremental Build of configuration Debug for project FND_control_switch ****
make -j8 all 
arm-none-eabi-size  FND_control_switch.elf 
   text	   data	    bss	    dec	    hex	filename
   7308	     12	   1604	   8924	   22dc	FND_control_switch.elf
Finished building: default.size.stdout
 
14:57:41 **** Incremental Build of configuration Debug for project GPIO_HAL_X ****
make -j8 all 
arm-none-eabi-size  GPIO_HAL_X.elf 
   text	   data	    bss	    dec	    hex	filename
   6468	     12	   1572	   8052	   1f74	GPIO_HAL_X.elf
Finished building: default.size.stdout
 
14:57:42 **** Incremental Build of configuration Debug for project Hello_GPIO ****
make -j8 all 
arm-none-eabi-size  Hello_GPIO.elf 
   text	   data	    bss	    dec	    hex	filename
   6464	     12	   1572	   8048	   1f70	Hello_GPIO.elf
Finished building: default.size.stdout
 
14:57:42 **** Incremental Build of configuration Debug for project LED_control ****
make -j8 all 
arm-none-eabi-size  LED_control.elf 
   text	   data	    bss	    dec	    hex	filename
   6404	     12	   1572	   7988	   1f34	LED_control.elf
Finished building: default.size.stdout
 
14:57:43 **** Incremental Build of configuration Debug for project LED_control_switch ****
make -j8 all 
arm-none-eabi-size  LED_control_switch.elf 
   text	   data	    bss	    dec	    hex	filename
   6416	     12	   1572	   8000	   1f40	LED_control_switch.elf
Finished building: default.size.stdout
 
14:57:43 **** Incremental Build of configuration Debug for project TEMP_sensor ****
make -j8 all 
arm-none-eabi-gcc -mcpu=cortex-m4 -g3 -DDEBUG -c -x assembler-with-cpp -MMD -MP -MF"Core/Startup/startup_stm32f446retx.d" -MT"Core/Startup/startup_stm32f446retx.o" --specs=nano.specs -mfpu=fpv4-sp-d16 -mfloat-abi=hard -mthumb -o "Core/Startup/startup_stm32f446retx.o" "../Core/Startup/startup_stm32f446retx.s"
arm-none-eabi-gcc "../Core/Src/FND_controller.c" -mcpu=cortex-m4 -std=gnu11 -g3 -DDEBUG -DUSE_HAL_DRIVER -DSTM32F446xx -c -I../Core/Inc -I../Drivers/STM32F4xx_HAL_Driver/Inc -I../Drivers/STM32F4xx_HAL_Driver/Inc/Legacy -I../Drivers/CMSIS/Device/ST/STM32F4xx/Include -I../Drivers/CMSIS/Include -I"C:/Study/STM32/OJ_tube/TEMP_sensor/Core/Lib/Inc" -O0 -ffunction-sections -fdata-sections -Wall -fstack-usage -fcyclomatic-complexity -MMD -MP -MF"Core/Src/FND_controller.d" -MT"Core/Src/FND_controller.o" --specs=nano.specs -mfpu=fpv4-sp-d16 -mfloat-abi=hard -mthumb -o "Core/Src/FND_controller.o"
arm-none-eabi-gcc "../Core/Src/main.c" -mcpu=cortex-m4 -std=gnu11 -g3 -DDEBUG -DUSE_HAL_DRIVER -DSTM32F446xx -c -I../Core/Inc -I../Drivers/STM32F4xx_HAL_Driver/Inc -I../Drivers/STM32F4xx_HAL_Driver/Inc/Legacy -I../Drivers/CMSIS/Device/ST/STM32F4xx/Include -I../Drivers/CMSIS/Include -I"C:/Study/STM32/OJ_tube/TEMP_sensor/Core/Lib/Inc" -O0 -ffunction-sections -fdata-sections -Wall -fstack-usage -fcyclomatic-complexity -MMD -MP -MF"Core/Src/main.d" -MT"Core/Src/main.o" --specs=nano.specs -mfpu=fpv4-sp-d16 -mfloat-abi=hard -mthumb -o "Core/Src/main.o"
arm-none-eabi-gcc "../Core/Src/stm32f4xx_hal_msp.c" -mcpu=cortex-m4 -std=gnu11 -g3 -DDEBUG -DUSE_HAL_DRIVER -DSTM32F446xx -c -I../Core/Inc -I../Drivers/STM32F4xx_HAL_Driver/Inc -I../Drivers/STM32F4xx_HAL_Driver/Inc/Legacy -I../Drivers/CMSIS/Device/ST/STM32F4xx/Include -I../Drivers/CMSIS/Include -I"C:/Study/STM32/OJ_tube/TEMP_sensor/Core/Lib/Inc" -O0 -ffunction-sections -fdata-sections -Wall -fstack-usage -fcyclomatic-complexity -MMD -MP -MF"Core/Src/stm32f4xx_hal_msp.d" -MT"Core/Src/stm32f4xx_hal_msp.o" --specs=nano.specs -mfpu=fpv4-sp-d16 -mfloat-abi=hard -mthumb -o "Core/Src/stm32f4xx_hal_msp.o"
arm-none-eabi-gcc "../Core/Src/stm32f4xx_it.c" -mcpu=cortex-m4 -std=gnu11 -g3 -DDEBUG -DUSE_HAL_DRIVER -DSTM32F446xx -c -I../Core/Inc -I../Drivers/STM32F4xx_HAL_Driver/Inc -I../Drivers/STM32F4xx_HAL_Driver/Inc/Legacy -I../Drivers/CMSIS/Device/ST/STM32F4xx/Include -I../Drivers/CMSIS/Include -I"C:/Study/STM32/OJ_tube/TEMP_sensor/Core/Lib/Inc" -O0 -ffunction-sections -fdata-sections -Wall -fstack-usage -fcyclomatic-complexity -MMD -MP -MF"Core/Src/stm32f4xx_it.d" -MT"Core/Src/stm32f4xx_it.o" --specs=nano.specs -mfpu=fpv4-sp-d16 -mfloat-abi=hard -mthumb -o "Core/Src/stm32f4xx_it.o"
arm-none-eabi-gcc "../Core/Src/syscalls.c" -mcpu=cortex-m4 -std=gnu11 -g3 -DDEBUG -DUSE_HAL_DRIVER -DSTM32F446xx -c -I../Core/Inc -I../Drivers/STM32F4xx_HAL_Driver/Inc -I../Drivers/STM32F4xx_HAL_Driver/Inc/Legacy -I../Drivers/CMSIS/Device/ST/STM32F4xx/Include -I../Drivers/CMSIS/Include -I"C:/Study/STM32/OJ_tube/TEMP_sensor/Core/Lib/Inc" -O0 -ffunction-sections -fdata-sections -Wall -fstack-usage -fcyclomatic-complexity -MMD -MP -MF"Core/Src/syscalls.d" -MT"Core/Src/syscalls.o" --specs=nano.specs -mfpu=fpv4-sp-d16 -mfloat-abi=hard -mthumb -o "Core/Src/syscalls.o"
arm-none-eabi-gcc "../Core/Src/sysmem.c" -mcpu=cortex-m4 -std=gnu11 -g3 -DDEBUG -DUSE_HAL_DRIVER -DSTM32F446xx -c -I../Core/Inc -I../Drivers/STM32F4xx_HAL_Driver/Inc -I../Drivers/STM32F4xx_HAL_Driver/Inc/Legacy -I../Drivers/CMSIS/Device/ST/STM32F4xx/Include -I../Drivers/CMSIS/Include -I"C:/Study/STM32/OJ_tube/TEMP_sensor/Core/Lib/Inc" -O0 -ffunction-sections -fdata-sections -Wall -fstack-usage -fcyclomatic-complexity -MMD -MP -MF"Core/Src/sysmem.d" -MT"Core/Src/sysmem.o" --specs=nano.specs -mfpu=fpv4-sp-d16 -mfloat-abi=hard -mthumb -o "Core/Src/sysmem.o"
arm-none-eabi-gcc "../Core/Src/system_stm32f4xx.c" -mcpu=cortex-m4 -std=gnu11 -g3 -DDEBUG -DUSE_HAL_DRIVER -DSTM32F446xx -c -I../Core/Inc -I../Drivers/STM32F4xx_HAL_Driver/Inc -I../Drivers/STM32F4xx_HAL_Driver/Inc/Legacy -I../Drivers/CMSIS/Device/ST/STM32F4xx/Include -I../Drivers/CMSIS/Include -I"C:/Study/STM32/OJ_tube/TEMP_sensor/Core/Lib/Inc" -O0 -ffunction-sections -fdata-sections -Wall -fstack-usage -fcyclomatic-complexity -MMD -MP -MF"Core/Src/system_stm32f4xx.d" -MT"Core/Src/system_stm32f4xx.o" --specs=nano.specs -mfpu=fpv4-sp-d16 -mfloat-abi=hard -mthumb -o "Core/Src/system_stm32f4xx.o"
arm-none-eabi-gcc "../Core/Lib/Src/ds18b20.c" -mcpu=cortex-m4 -std=gnu11 -g3 -DDEBUG -DUSE_HAL_DRIVER -DSTM32F446xx -c -I../Core/Inc -I../Drivers/STM32F4xx_HAL_Driver/Inc -I../Drivers/STM32F4xx_HAL_Driver/Inc/Legacy -I../Drivers/CMSIS/Device/ST/STM32F4xx/Include -I../Drivers/CMSIS/Include -I"C:/Study/STM32/OJ_tube/TEMP_sensor/Core/Lib/Inc" -O0 -ffunction-sections -fdata-sections -Wall -fstack-usage -fcyclomatic-complexity -MMD -MP -MF"Core/Lib/Src/ds18b20.d" -MT"Core/Lib/Src/ds18b20.o" --specs=nano.specs -mfpu=fpv4-sp-d16 -mfloat-abi=hard -mthumb -o "Core/Lib/Src/ds18b20.o"
arm-none-eabi-gcc "../Core/Lib/Src/onewire.c" -mcpu=cortex-m4 -std=gnu11 -g3 -DDEBUG -DUSE_HAL_DRIVER -DSTM32F446xx -c -I../Core/Inc -I../Drivers/STM32F4xx_HAL_Driver/Inc -I../Drivers/STM32F4xx_HAL_Driver/Inc/Legacy -I../Drivers/CMSIS/Device/ST/STM32F4xx/Include -I../Drivers/CMSIS/Include -I"C:/Study/STM32/OJ_tube/TEMP_sensor/Core/Lib/Inc" -O0 -ffunction-sections -fdata-sections -Wall -fstack-usage -fcyclomatic-complexity -MMD -MP -MF"Core/Lib/Src/onewire.d" -MT"Core/Lib/Src/onewire.o" --specs=nano.specs -mfpu=fpv4-sp-d16 -mfloat-abi=hard -mthumb -o "Core/Lib/Src/onewire.o"
In file included from ../Core/Lib/Src/onewire.c:19:
C:/Study/STM32/OJ_tube/TEMP_sensor/Core/Lib/Inc/onewire.h:10:10: fatal error: gpio.h: No such file or directory
   10 | #include "gpio.h"
      |          ^~~~~~~~
In file included from C:/Study/STM32/OJ_tube/TEMP_sensor/Core/Lib/Inc/ds18b20.h:7,
                 from ../Core/Lib/Src/ds18b20.c:3:
C:/Study/STM32/OJ_tube/TEMP_sensor/Core/Lib/Inc/onewire.h:10:10: fatal error: gpio.h: No such file or directory
   10 | #include "gpio.h"
      |          ^~~~~~~~
compilation terminated.
compilation terminated.
make: *** [Core/Lib/Src/subdir.mk:22: Core/Lib/Src/ds18b20.o] Error 1
make: *** Waiting for unfinished jobs....
make: *** [Core/Lib/Src/subdir.mk:22: Core/Lib/Src/onewire.o] Error 1
"make -j8 all" terminated with exit code 2. Build might be incomplete.
14:57:45 **** Incremental Build of configuration Debug for project first_ ****
make -j8 all 
arm-none-eabi-size  first_.elf 
   text	   data	    bss	    dec	    hex	filename
   8640	     12	   1644	  10296	   2838	first_.elf
Finished building: default.size.stdout
 
14:57:46 **** Incremental Build of configuration Debug for project switch_test ****
make -j8 all 
arm-none-eabi-size  switch_test.elf 
   text	   data	    bss	    dec	    hex	filename
   6380	     12	   1572	   7964	   1f1c	switch_test.elf
Finished building: default.size.stdout
 
14:57:46 **** Incremental Build of configuration Debug for project uart_printf ****
make -j8 all 
arm-none-eabi-size  uart_printf.elf 
   text	   data	    bss	    dec	    hex	filename
  23324	    468	   1988	  25780	   64b4	uart_printf.elf
Finished building: default.size.stdout
 
14:57:59 **** Incremental Build of configuration Debug for project FND_control ****
make -j8 all 
arm-none-eabi-size  FND_control.elf 
   text	   data	    bss	    dec	    hex	filename
   6984	     12	   1604	   8600	   2198	FND_control.elf
Finished building: default.size.stdout
 
14:58:00 **** Incremental Build of configuration Debug for project FND_control_SPI ****
make -j8 all 
arm-none-eabi-size  FND_control_SPI.elf 
   text	   data	    bss	    dec	    hex	filename
   8592	     12	   1692	  10296	   2838	FND_control_SPI.elf
Finished building: default.size.stdout
 
14:58:01 **** Incremental Build of configuration Debug for project FND_control_switch ****
make -j8 all 
arm-none-eabi-size  FND_control_switch.elf 
   text	   data	    bss	    dec	    hex	filename
   7308	     12	   1604	   8924	   22dc	FND_control_switch.elf
Finished building: default.size.stdout
 
14:58:01 **** Incremental Build of configuration Debug for project GPIO_HAL_X ****
make -j8 all 
arm-none-eabi-size  GPIO_HAL_X.elf 
   text	   data	    bss	    dec	    hex	filename
   6468	     12	   1572	   8052	   1f74	GPIO_HAL_X.elf
Finished building: default.size.stdout
 
14:58:02 **** Incremental Build of configuration Debug for project Hello_GPIO ****
make -j8 all 
arm-none-eabi-size  Hello_GPIO.elf 
   text	   data	    bss	    dec	    hex	filename
   6464	     12	   1572	   8048	   1f70	Hello_GPIO.elf
Finished building: default.size.stdout
 
14:58:02 **** Incremental Build of configuration Debug for project LED_control ****
make -j8 all 
arm-none-eabi-size  LED_control.elf 
   text	   data	    bss	    dec	    hex	filename
   6404	     12	   1572	   7988	   1f34	LED_control.elf
Finished building: default.size.stdout
 
14:58:03 **** Incremental Build of configuration Debug for project LED_control_switch ****
make -j8 all 
arm-none-eabi-size  LED_control_switch.elf 
   text	   data	    bss	    dec	    hex	filename
   6416	     12	   1572	   8000	   1f40	LED_control_switch.elf
Finished building: default.size.stdout
 
14:58:04 **** Incremental Build of configuration Debug for project TEMP_sensor ****
make -j8 all 
arm-none-eabi-gcc "../Core/Lib/Src/ds18b20.c" -mcpu=cortex-m4 -std=gnu11 -g3 -DDEBUG -DUSE_HAL_DRIVER -DSTM32F446xx -c -I../Core/Inc -I../Drivers/STM32F4xx_HAL_Driver/Inc -I../Drivers/STM32F4xx_HAL_Driver/Inc/Legacy -I../Drivers/CMSIS/Device/ST/STM32F4xx/Include -I../Drivers/CMSIS/Include -I"C:/Study/STM32/OJ_tube/TEMP_sensor/Core/Lib/Inc" -O0 -ffunction-sections -fdata-sections -Wall -fstack-usage -fcyclomatic-complexity -MMD -MP -MF"Core/Lib/Src/ds18b20.d" -MT"Core/Lib/Src/ds18b20.o" --specs=nano.specs -mfpu=fpv4-sp-d16 -mfloat-abi=hard -mthumb -o "Core/Lib/Src/ds18b20.o"
arm-none-eabi-gcc "../Core/Lib/Src/onewire.c" -mcpu=cortex-m4 -std=gnu11 -g3 -DDEBUG -DUSE_HAL_DRIVER -DSTM32F446xx -c -I../Core/Inc -I../Drivers/STM32F4xx_HAL_Driver/Inc -I../Drivers/STM32F4xx_HAL_Driver/Inc/Legacy -I../Drivers/CMSIS/Device/ST/STM32F4xx/Include -I../Drivers/CMSIS/Include -I"C:/Study/STM32/OJ_tube/TEMP_sensor/Core/Lib/Inc" -O0 -ffunction-sections -fdata-sections -Wall -fstack-usage -fcyclomatic-complexity -MMD -MP -MF"Core/Lib/Src/onewire.d" -MT"Core/Lib/Src/onewire.o" --specs=nano.specs -mfpu=fpv4-sp-d16 -mfloat-abi=hard -mthumb -o "Core/Lib/Src/onewire.o"
In file included from ../Core/Lib/Src/onewire.c:19:
C:/Study/STM32/OJ_tube/TEMP_sensor/Core/Lib/Inc/onewire.h:20:9: error: unknown type name 'GPIO_TypeDef'
   20 |         GPIO_TypeDef* GPIOx;           /*!< GPIOx port to be used for I/O functions */
      |         ^~~~~~~~~~~~
In file included from C:/Study/STM32/OJ_tube/TEMP_sensor/Core/Lib/Inc/ds18b20.h:7,
                 from ../Core/Lib/Src/ds18b20.c:3:
C:/Study/STM32/OJ_tube/TEMP_sensor/Core/Lib/Inc/onewire.h:20:9: error: unknown type name 'GPIO_TypeDef'
   20 |         GPIO_TypeDef* GPIOx;           /*!< GPIOx port to be used for I/O functions */
      |         ^~~~~~~~~~~~
C:/Study/STM32/OJ_tube/TEMP_sensor/Core/Lib/Inc/onewire.h:21:9: error: unknown type name 'uint16_t'
   21 |         uint16_t GPIO_Pin;             /*!< GPIO Pin to be used for I/O functions */
      |         ^~~~~~~~
C:/Study/STM32/OJ_tube/TEMP_sensor/Core/Lib/Inc/onewire.h:22:9: error: unknown type name 'uint8_t'
   22 |         uint8_t LastDiscrepancy;       /*!< Search private */
      |         ^~~~~~~
C:/Study/STM32/OJ_tube/TEMP_sensor/Core/Lib/Inc/onewire.h:23:9: error: unknown type name 'uint8_t'
   23 |         uint8_t LastFamilyDiscrepancy; /*!< Search private */
      |         ^~~~~~~
C:/Study/STM32/OJ_tube/TEMP_sensor/Core/Lib/Inc/onewire.h:21:9: error: unknown type name 'uint16_t'
   21 |         uint16_t GPIO_Pin;             /*!< GPIO Pin to be used for I/O functions */
      |         ^~~~~~~~
C:/Study/STM32/OJ_tube/TEMP_sensor/Core/Lib/Inc/onewire.h:22:9: error: unknown type name 'uint8_t'
   22 |         uint8_t LastDiscrepancy;       /*!< Search private */
      |         ^~~~~~~
C:/Study/STM32/OJ_tube/TEMP_sensor/Core/Lib/Inc/onewire.h:24:9: error: unknown type name 'uint8_t'
   24 |         uint8_t LastDeviceFlag;        /*!< Search private */
      |         ^~~~~~~
C:/Study/STM32/OJ_tube/TEMP_sensor/Core/Lib/Inc/onewire.h:23:9: error: unknown type name 'uint8_t'
   23 |         uint8_t LastFamilyDiscrepancy; /*!< Search private */
      |         ^~~~~~~
C:/Study/STM32/OJ_tube/TEMP_sensor/Core/Lib/Inc/onewire.h:25:9: error: unknown type name 'uint8_t'
   25 |         uint8_t ROM_NO[8];             /*!< 8-bytes address of last search device */
      |         ^~~~~~~
C:/Study/STM32/OJ_tube/TEMP_sensor/Core/Lib/Inc/onewire.h:24:9: error: unknown type name 'uint8_t'
   24 |         uint8_t LastDeviceFlag;        /*!< Search private */
      |         ^~~~~~~
C:/Study/STM32/OJ_tube/TEMP_sensor/Core/Lib/Inc/onewire.h:25:9: error: unknown type name 'uint8_t'
   25 |         uint8_t ROM_NO[8];             /*!< 8-bytes address of last search device */
      |         ^~~~~~~
C:/Study/STM32/OJ_tube/TEMP_sensor/Core/Lib/Inc/onewire.h:29:20: error: unknown type name 'uint16_t'
   29 | void ONEWIRE_DELAY(uint16_t time_us);
      |                    ^~~~~~~~
C:/Study/STM32/OJ_tube/TEMP_sensor/Core/Lib/Inc/onewire.h:29:20: error: unknown type name 'uint16_t'
   29 | void ONEWIRE_DELAY(uint16_t time_us);
      |                    ^~~~~~~~
C:/Study/STM32/OJ_tube/TEMP_sensor/Core/Lib/Inc/onewire.h:1:1: note: 'uint16_t' is defined in header '<stdint.h>'; did you forget to '#include <stdint.h>'?
  +++ |+#include <stdint.h>
    1 | 
C:/Study/STM32/OJ_tube/TEMP_sensor/Core/Lib/Inc/onewire.h:1:1: note: 'uint16_t' is defined in header '<stdint.h>'; did you forget to '#include <stdint.h>'?
  +++ |+#include <stdint.h>
    1 | 
C:/Study/STM32/OJ_tube/TEMP_sensor/Core/Lib/Inc/onewire.h:49:45: error: unknown type name 'GPIO_TypeDef'
   49 | void OneWire_Init(OneWire_t* OneWireStruct, GPIO_TypeDef* GPIOx, uint16_t GPIO_Pin);
      |                                             ^~~~~~~~~~~~
C:/Study/STM32/OJ_tube/TEMP_sensor/Core/Lib/Inc/onewire.h:49:45: error: unknown type name 'GPIO_TypeDef'
   49 | void OneWire_Init(OneWire_t* OneWireStruct, GPIO_TypeDef* GPIOx, uint16_t GPIO_Pin);
      |                                             ^~~~~~~~~~~~
C:/Study/STM32/OJ_tube/TEMP_sensor/Core/Lib/Inc/onewire.h:49:66: error: unknown type name 'uint16_t'
   49 | void OneWire_Init(OneWire_t* OneWireStruct, GPIO_TypeDef* GPIOx, uint16_t GPIO_Pin);
      |                                                                  ^~~~~~~~
C:/Study/STM32/OJ_tube/TEMP_sensor/Core/Lib/Inc/onewire.h:49:66: note: 'uint16_t' is defined in header '<stdint.h>'; did you forget to '#include <stdint.h>'?
C:/Study/STM32/OJ_tube/TEMP_sensor/Core/Lib/Inc/onewire.h:50:1: error: unknown type name 'uint8_t'
   50 | uint8_t OneWire_Reset(OneWire_t* OneWireStruct);
      | ^~~~~~~
C:/Study/STM32/OJ_tube/TEMP_sensor/Core/Lib/Inc/onewire.h:50:1: note: 'uint8_t' is defined in header '<stdint.h>'; did you forget to '#include <stdint.h>'?
C:/Study/STM32/OJ_tube/TEMP_sensor/Core/Lib/Inc/onewire.h:51:1: error: unknown type name 'uint8_t'
   51 | uint8_t OneWire_ReadByte(OneWire_t* OneWireStruct);
      | ^~~~~~~
C:/Study/STM32/OJ_tube/TEMP_sensor/Core/Lib/Inc/onewire.h:51:1: note: 'uint8_t' is defined in header '<stdint.h>'; did you forget to '#include <stdint.h>'?
C:/Study/STM32/OJ_tube/TEMP_sensor/Core/Lib/Inc/onewire.h:52:50: error: unknown type name 'uint8_t'
   52 | void OneWire_WriteByte(OneWire_t* OneWireStruct, uint8_t byte);
      |                                                  ^~~~~~~
C:/Study/STM32/OJ_tube/TEMP_sensor/Core/Lib/Inc/onewire.h:52:50: note: 'uint8_t' is defined in header '<stdint.h>'; did you forget to '#include <stdint.h>'?
C:/Study/STM32/OJ_tube/TEMP_sensor/Core/Lib/Inc/onewire.h:53:49: error: unknown type name 'uint8_t'
   53 | void OneWire_WriteBit(OneWire_t* OneWireStruct, uint8_t bit);
      |                                                 ^~~~~~~
C:/Study/STM32/OJ_tube/TEMP_sensor/Core/Lib/Inc/onewire.h:53:49: note: 'uint8_t' is defined in header '<stdint.h>'; did you forget to '#include <stdint.h>'?
C:/Study/STM32/OJ_tube/TEMP_sensor/Core/Lib/Inc/onewire.h:49:66: error: unknown type name 'uint16_t'
   49 | void OneWire_Init(OneWire_t* OneWireStruct, GPIO_TypeDef* GPIOx, uint16_t GPIO_Pin);
      |                                                                  ^~~~~~~~
C:/Study/STM32/OJ_tube/TEMP_sensor/Core/Lib/Inc/onewire.h:49:66: note: 'uint16_t' is defined in header '<stdint.h>'; did you forget to '#include <stdint.h>'?
C:/Study/STM32/OJ_tube/TEMP_sensor/Core/Lib/Inc/onewire.h:54:1: error: unknown type name 'uint8_t'
   54 | uint8_t OneWire_ReadBit(OneWire_t* OneWireStruct);
      | ^~~~~~~
C:/Study/STM32/OJ_tube/TEMP_sensor/Core/Lib/Inc/onewire.h:50:1: error: unknown type name 'uint8_t'
   50 | uint8_t OneWire_Reset(OneWire_t* OneWireStruct);
      | ^~~~~~~
C:/Study/STM32/OJ_tube/TEMP_sensor/Core/Lib/Inc/onewire.h:54:1: note: 'uint8_t' is defined in header '<stdint.h>'; did you forget to '#include <stdint.h>'?
C:/Study/STM32/OJ_tube/TEMP_sensor/Core/Lib/Inc/onewire.h:50:1: note: 'uint8_t' is defined in header '<stdint.h>'; did you forget to '#include <stdint.h>'?
C:/Study/STM32/OJ_tube/TEMP_sensor/Core/Lib/Inc/onewire.h:51:1: error: unknown type name 'uint8_t'
   51 | uint8_t OneWire_ReadByte(OneWire_t* OneWireStruct);
      | ^~~~~~~
C:/Study/STM32/OJ_tube/TEMP_sensor/Core/Lib/Inc/onewire.h:51:1: note: 'uint8_t' is defined in header '<stdint.h>'; did you forget to '#include <stdint.h>'?
C:/Study/STM32/OJ_tube/TEMP_sensor/Core/Lib/Inc/onewire.h:52:50: error: unknown type name 'uint8_t'
   52 | void OneWire_WriteByte(OneWire_t* OneWireStruct, uint8_t byte);
      |                                                  ^~~~~~~
C:/Study/STM32/OJ_tube/TEMP_sensor/Core/Lib/Inc/onewire.h:52:50: note: 'uint8_t' is defined in header '<stdint.h>'; did you forget to '#include <stdint.h>'?
C:/Study/STM32/OJ_tube/TEMP_sensor/Core/Lib/Inc/onewire.h:53:49: error: unknown type name 'uint8_t'
   53 | void OneWire_WriteBit(OneWire_t* OneWireStruct, uint8_t bit);
      |                                                 ^~~~~~~
C:/Study/STM32/OJ_tube/TEMP_sensor/Core/Lib/Inc/onewire.h:53:49: note: 'uint8_t' is defined in header '<stdint.h>'; did you forget to '#include <stdint.h>'?
C:/Study/STM32/OJ_tube/TEMP_sensor/Core/Lib/Inc/onewire.h:54:1: error: unknown type name 'uint8_t'
   54 | uint8_t OneWire_ReadBit(OneWire_t* OneWireStruct);
      | ^~~~~~~
C:/Study/STM32/OJ_tube/TEMP_sensor/Core/Lib/Inc/onewire.h:54:1: note: 'uint8_t' is defined in header '<stdint.h>'; did you forget to '#include <stdint.h>'?
C:/Study/STM32/OJ_tube/TEMP_sensor/Core/Lib/Inc/onewire.h:55:1: error: unknown type name 'uint8_t'
   55 | uint8_t OneWire_Search(OneWire_t* OneWireStruct, uint8_t command);
      | ^~~~~~~
C:/Study/STM32/OJ_tube/TEMP_sensor/Core/Lib/Inc/onewire.h:55:1: note: 'uint8_t' is defined in header '<stdint.h>'; did you forget to '#include <stdint.h>'?
C:/Study/STM32/OJ_tube/TEMP_sensor/Core/Lib/Inc/onewire.h:55:50: error: unknown type name 'uint8_t'
   55 | uint8_t OneWire_Search(OneWire_t* OneWireStruct, uint8_t command);
      |                                                  ^~~~~~~
C:/Study/STM32/OJ_tube/TEMP_sensor/Core/Lib/Inc/onewire.h:55:50: note: 'uint8_t' is defined in header '<stdint.h>'; did you forget to '#include <stdint.h>'?
C:/Study/STM32/OJ_tube/TEMP_sensor/Core/Lib/Inc/onewire.h:55:1: error: unknown type name 'uint8_t'
   55 | uint8_t OneWire_Search(OneWire_t* OneWireStruct, uint8_t command);
      | ^~~~~~~
C:/Study/STM32/OJ_tube/TEMP_sensor/Core/Lib/Inc/onewire.h:57:1: error: unknown type name 'uint8_t'
   57 | uint8_t OneWire_First(OneWire_t* OneWireStruct);
      | ^~~~~~~
C:/Study/STM32/OJ_tube/TEMP_sensor/Core/Lib/Inc/onewire.h:57:1: note: 'uint8_t' is defined in header '<stdint.h>'; did you forget to '#include <stdint.h>'?
C:/Study/STM32/OJ_tube/TEMP_sensor/Core/Lib/Inc/onewire.h:58:1: error: unknown type name 'uint8_t'
   58 | uint8_t OneWire_Next(OneWire_t* OneWireStruct);
      | ^~~~~~~
C:/Study/STM32/OJ_tube/TEMP_sensor/Core/Lib/Inc/onewire.h:58:1: note: 'uint8_t' is defined in header '<stdint.h>'; did you forget to '#include <stdint.h>'?
C:/Study/STM32/OJ_tube/TEMP_sensor/Core/Lib/Inc/onewire.h:59:51: error: unknown type name 'uint8_t'
   59 | void OneWire_GetFullROM(OneWire_t* OneWireStruct, uint8_t *firstIndex);
      |                                                   ^~~~~~~
C:/Study/STM32/OJ_tube/TEMP_sensor/Core/Lib/Inc/onewire.h:59:51: note: 'uint8_t' is defined in header '<stdint.h>'; did you forget to '#include <stdint.h>'?
C:/Study/STM32/OJ_tube/TEMP_sensor/Core/Lib/Inc/onewire.h:60:47: error: unknown type name 'uint8_t'
   60 | void OneWire_Select(OneWire_t* OneWireStruct, uint8_t* addr);
      |                                               ^~~~~~~
C:/Study/STM32/OJ_tube/TEMP_sensor/Core/Lib/Inc/onewire.h:60:47: note: 'uint8_t' is defined in header '<stdint.h>'; did you forget to '#include <stdint.h>'?
C:/Study/STM32/OJ_tube/TEMP_sensor/Core/Lib/Inc/onewire.h:55:1: note: 'uint8_t' is defined in header '<stdint.h>'; did you forget to '#include <stdint.h>'?
C:/Study/STM32/OJ_tube/TEMP_sensor/Core/Lib/Inc/onewire.h:61:58: error: unknown type name 'uint8_t'
   61 | void OneWire_SelectWithPointer(OneWire_t* OneWireStruct, uint8_t* ROM);
      |                                                          ^~~~~~~
C:/Study/STM32/OJ_tube/TEMP_sensor/Core/Lib/Inc/onewire.h:61:58: note: 'uint8_t' is defined in header '<stdint.h>'; did you forget to '#include <stdint.h>'?
C:/Study/STM32/OJ_tube/TEMP_sensor/Core/Lib/Inc/onewire.h:62:1: error: unknown type name 'uint8_t'
   62 | uint8_t OneWire_CRC8(uint8_t* addr, uint8_t len);
      | ^~~~~~~
C:/Study/STM32/OJ_tube/TEMP_sensor/Core/Lib/Inc/onewire.h:62:1: note: 'uint8_t' is defined in header '<stdint.h>'; did you forget to '#include <stdint.h>'?
C:/Study/STM32/OJ_tube/TEMP_sensor/Core/Lib/Inc/onewire.h:62:22: error: unknown type name 'uint8_t'
   62 | uint8_t OneWire_CRC8(uint8_t* addr, uint8_t len);
      |                      ^~~~~~~
C:/Study/STM32/OJ_tube/TEMP_sensor/Core/Lib/Inc/onewire.h:62:22: note: 'uint8_t' is defined in header '<stdint.h>'; did you forget to '#include <stdint.h>'?
C:/Study/STM32/OJ_tube/TEMP_sensor/Core/Lib/Inc/onewire.h:62:37: error: unknown type name 'uint8_t'
   62 | uint8_t OneWire_CRC8(uint8_t* addr, uint8_t len);
      |                                     ^~~~~~~
C:/Study/STM32/OJ_tube/TEMP_sensor/Core/Lib/Inc/onewire.h:62:37: note: 'uint8_t' is defined in header '<stdint.h>'; did you forget to '#include <stdint.h>'?
C:/Study/STM32/OJ_tube/TEMP_sensor/Core/Lib/Inc/onewire.h:55:50: error: unknown type name 'uint8_t'
   55 | uint8_t OneWire_Search(OneWire_t* OneWireStruct, uint8_t command);
      |                                                  ^~~~~~~
C:/Study/STM32/OJ_tube/TEMP_sensor/Core/Lib/Inc/onewire.h:55:50: note: 'uint8_t' is defined in header '<stdint.h>'; did you forget to '#include <stdint.h>'?
C:/Study/STM32/OJ_tube/TEMP_sensor/Core/Lib/Inc/onewire.h:57:1: error: unknown type name 'uint8_t'
   57 | uint8_t OneWire_First(OneWire_t* OneWireStruct);
      | ^~~~~~~
C:/Study/STM32/OJ_tube/TEMP_sensor/Core/Lib/Inc/onewire.h:57:1: note: 'uint8_t' is defined in header '<stdint.h>'; did you forget to '#include <stdint.h>'?
C:/Study/STM32/OJ_tube/TEMP_sensor/Core/Lib/Inc/onewire.h:58:1: error: unknown type name 'uint8_t'
   58 | uint8_t OneWire_Next(OneWire_t* OneWireStruct);
      | ^~~~~~~
C:/Study/STM32/OJ_tube/TEMP_sensor/Core/Lib/Inc/onewire.h:58:1: note: 'uint8_t' is defined in header '<stdint.h>'; did you forget to '#include <stdint.h>'?
C:/Study/STM32/OJ_tube/TEMP_sensor/Core/Lib/Inc/onewire.h:59:51: error: unknown type name 'uint8_t'
   59 | void OneWire_GetFullROM(OneWire_t* OneWireStruct, uint8_t *firstIndex);
      |                                                   ^~~~~~~
C:/Study/STM32/OJ_tube/TEMP_sensor/Core/Lib/Inc/onewire.h:59:51: note: 'uint8_t' is defined in header '<stdint.h>'; did you forget to '#include <stdint.h>'?
C:/Study/STM32/OJ_tube/TEMP_sensor/Core/Lib/Inc/onewire.h:60:47: error: unknown type name 'uint8_t'
   60 | void OneWire_Select(OneWire_t* OneWireStruct, uint8_t* addr);
      |                                               ^~~~~~~
C:/Study/STM32/OJ_tube/TEMP_sensor/Core/Lib/Inc/onewire.h:60:47: note: 'uint8_t' is defined in header '<stdint.h>'; did you forget to '#include <stdint.h>'?
C:/Study/STM32/OJ_tube/TEMP_sensor/Core/Lib/Inc/onewire.h:61:58: error: unknown type name 'uint8_t'
   61 | void OneWire_SelectWithPointer(OneWire_t* OneWireStruct, uint8_t* ROM);
      |                                                          ^~~~~~~
C:/Study/STM32/OJ_tube/TEMP_sensor/Core/Lib/Inc/onewire.h:61:58: note: 'uint8_t' is defined in header '<stdint.h>'; did you forget to '#include <stdint.h>'?
C:/Study/STM32/OJ_tube/TEMP_sensor/Core/Lib/Inc/onewire.h:62:1: error: unknown type name 'uint8_t'
   62 | uint8_t OneWire_CRC8(uint8_t* addr, uint8_t len);
      | ^~~~~~~
C:/Study/STM32/OJ_tube/TEMP_sensor/Core/Lib/Inc/onewire.h:62:1: note: 'uint8_t' is defined in header '<stdint.h>'; did you forget to '#include <stdint.h>'?
C:/Study/STM32/OJ_tube/TEMP_sensor/Core/Lib/Inc/onewire.h:62:22: error: unknown type name 'uint8_t'
   62 | uint8_t OneWire_CRC8(uint8_t* addr, uint8_t len);
      |                      ^~~~~~~
C:/Study/STM32/OJ_tube/TEMP_sensor/Core/Lib/Inc/onewire.h:62:22: note: 'uint8_t' is defined in header '<stdint.h>'; did you forget to '#include <stdint.h>'?
C:/Study/STM32/OJ_tube/TEMP_sensor/Core/Lib/Inc/onewire.h:62:37: error: unknown type name 'uint8_t'
   62 | uint8_t OneWire_CRC8(uint8_t* addr, uint8_t len);
      |                                     ^~~~~~~
C:/Study/STM32/OJ_tube/TEMP_sensor/Core/Lib/Inc/onewire.h:62:37: note: 'uint8_t' is defined in header '<stdint.h>'; did you forget to '#include <stdint.h>'?
../Core/Lib/Src/onewire.c:21:10: fatal error: tim.h: No such file or directory
   21 | #include "tim.h"
      |          ^~~~~~~
compilation terminated.
make: *** [Core/Lib/Src/subdir.mk:22: Core/Lib/Src/onewire.o] Error 1
make: *** Waiting for unfinished jobs....
C:/Study/STM32/OJ_tube/TEMP_sensor/Core/Lib/Inc/ds18b20.h:12:10: fatal error: cmsis_os.h: No such file or directory
   12 | #include "cmsis_os.h"
      |          ^~~~~~~~~~~~
compilation terminated.
make: *** [Core/Lib/Src/subdir.mk:22: Core/Lib/Src/ds18b20.o] Error 1
"make -j8 all" terminated with exit code 2. Build might be incomplete.
14:58:04 **** Incremental Build of configuration Debug for project first_ ****
make -j8 all 
arm-none-eabi-size  first_.elf 
   text	   data	    bss	    dec	    hex	filename
   8640	     12	   1644	  10296	   2838	first_.elf
Finished building: default.size.stdout
 
14:58:05 **** Incremental Build of configuration Debug for project switch_test ****
make -j8 all 
arm-none-eabi-size  switch_test.elf 
   text	   data	    bss	    dec	    hex	filename
   6380	     12	   1572	   7964	   1f1c	switch_test.elf
Finished building: default.size.stdout
 
14:58:06 **** Incremental Build of configuration Debug for project uart_printf ****
make -j8 all 
arm-none-eabi-size  uart_printf.elf 
   text	   data	    bss	    dec	    hex	filename
  23324	    468	   1988	  25780	   64b4	uart_printf.elf
Finished building: default.size.stdout
 
14:59:37 **** Incremental Build of configuration Debug for project FND_control ****
make -j8 all 
arm-none-eabi-size  FND_control.elf 
   text	   data	    bss	    dec	    hex	filename
   6984	     12	   1604	   8600	   2198	FND_control.elf
Finished building: default.size.stdout
 
14:59:38 **** Incremental Build of configuration Debug for project FND_control_SPI ****
make -j8 all 
arm-none-eabi-size  FND_control_SPI.elf 
   text	   data	    bss	    dec	    hex	filename
   8592	     12	   1692	  10296	   2838	FND_control_SPI.elf
Finished building: default.size.stdout
 
14:59:38 **** Incremental Build of configuration Debug for project FND_control_switch ****
make -j8 all 
arm-none-eabi-size  FND_control_switch.elf 
   text	   data	    bss	    dec	    hex	filename
   7308	     12	   1604	   8924	   22dc	FND_control_switch.elf
Finished building: default.size.stdout
 
14:59:39 **** Incremental Build of configuration Debug for project GPIO_HAL_X ****
make -j8 all 
arm-none-eabi-size  GPIO_HAL_X.elf 
   text	   data	    bss	    dec	    hex	filename
   6468	     12	   1572	   8052	   1f74	GPIO_HAL_X.elf
Finished building: default.size.stdout
 
14:59:39 **** Incremental Build of configuration Debug for project Hello_GPIO ****
make -j8 all 
arm-none-eabi-size  Hello_GPIO.elf 
   text	   data	    bss	    dec	    hex	filename
   6464	     12	   1572	   8048	   1f70	Hello_GPIO.elf
Finished building: default.size.stdout
 
14:59:40 **** Incremental Build of configuration Debug for project LED_control ****
make -j8 all 
arm-none-eabi-size  LED_control.elf 
   text	   data	    bss	    dec	    hex	filename
   6404	     12	   1572	   7988	   1f34	LED_control.elf
Finished building: default.size.stdout
 
14:59:40 **** Incremental Build of configuration Debug for project LED_control_switch ****
make -j8 all 
arm-none-eabi-size  LED_control_switch.elf 
   text	   data	    bss	    dec	    hex	filename
   6416	     12	   1572	   8000	   1f40	LED_control_switch.elf
Finished building: default.size.stdout
 
14:59:41 **** Incremental Build of configuration Debug for project TEMP_sensor ****
make -j8 all 
arm-none-eabi-gcc "../Core/Lib/Src/ds18b20.c" -mcpu=cortex-m4 -std=gnu11 -g3 -DDEBUG -DUSE_HAL_DRIVER -DSTM32F446xx -c -I../Core/Inc -I../Drivers/STM32F4xx_HAL_Driver/Inc -I../Drivers/STM32F4xx_HAL_Driver/Inc/Legacy -I../Drivers/CMSIS/Device/ST/STM32F4xx/Include -I../Drivers/CMSIS/Include -I"C:/Study/STM32/OJ_tube/TEMP_sensor/Core/Lib/Inc" -O0 -ffunction-sections -fdata-sections -Wall -fstack-usage -fcyclomatic-complexity -MMD -MP -MF"Core/Lib/Src/ds18b20.d" -MT"Core/Lib/Src/ds18b20.o" --specs=nano.specs -mfpu=fpv4-sp-d16 -mfloat-abi=hard -mthumb -o "Core/Lib/Src/ds18b20.o"
arm-none-eabi-gcc "../Core/Lib/Src/onewire.c" -mcpu=cortex-m4 -std=gnu11 -g3 -DDEBUG -DUSE_HAL_DRIVER -DSTM32F446xx -c -I../Core/Inc -I../Drivers/STM32F4xx_HAL_Driver/Inc -I../Drivers/STM32F4xx_HAL_Driver/Inc/Legacy -I../Drivers/CMSIS/Device/ST/STM32F4xx/Include -I../Drivers/CMSIS/Include -I"C:/Study/STM32/OJ_tube/TEMP_sensor/Core/Lib/Inc" -O0 -ffunction-sections -fdata-sections -Wall -fstack-usage -fcyclomatic-complexity -MMD -MP -MF"Core/Lib/Src/onewire.d" -MT"Core/Lib/Src/onewire.o" --specs=nano.specs -mfpu=fpv4-sp-d16 -mfloat-abi=hard -mthumb -o "Core/Lib/Src/onewire.o"
In file included from ../Core/Lib/Src/ds18b20.c:3:
C:/Study/STM32/OJ_tube/TEMP_sensor/Core/Lib/Inc/ds18b20.h:12:10: fatal error: cmsis_os.h: No such file or directory
   12 | #include "cmsis_os.h"
      |          ^~~~~~~~~~~~
compilation terminated.
../Core/Lib/Src/onewire.c:21:10: fatal error: tim.h: No such file or directory
   21 | #include "tim.h"
      |          ^~~~~~~
compilation terminated.
make: *** [Core/Lib/Src/subdir.mk:22: Core/Lib/Src/ds18b20.o] Error 1
make: *** Waiting for unfinished jobs....
make: *** [Core/Lib/Src/subdir.mk:22: Core/Lib/Src/onewire.o] Error 1
"make -j8 all" terminated with exit code 2. Build might be incomplete.
14:59:41 **** Incremental Build of configuration Debug for project first_ ****
make -j8 all 
arm-none-eabi-size  first_.elf 
   text	   data	    bss	    dec	    hex	filename
   8640	     12	   1644	  10296	   2838	first_.elf
Finished building: default.size.stdout
 
14:59:42 **** Incremental Build of configuration Debug for project switch_test ****
make -j8 all 
arm-none-eabi-size  switch_test.elf 
   text	   data	    bss	    dec	    hex	filename
   6380	     12	   1572	   7964	   1f1c	switch_test.elf
Finished building: default.size.stdout
 
14:59:43 **** Incremental Build of configuration Debug for project uart_printf ****
make -j8 all 
arm-none-eabi-size  uart_printf.elf 
   text	   data	    bss	    dec	    hex	filename
  23324	    468	   1988	  25780	   64b4	uart_printf.elf
Finished building: default.size.stdout
 
15:00:39 **** Incremental Build of configuration Debug for project FND_control ****
make -j8 all 
arm-none-eabi-size  FND_control.elf 
   text	   data	    bss	    dec	    hex	filename
   6984	     12	   1604	   8600	   2198	FND_control.elf
Finished building: default.size.stdout
 
15:00:39 **** Incremental Build of configuration Debug for project FND_control_SPI ****
make -j8 all 
arm-none-eabi-size  FND_control_SPI.elf 
   text	   data	    bss	    dec	    hex	filename
   8592	     12	   1692	  10296	   2838	FND_control_SPI.elf
Finished building: default.size.stdout
 
15:00:40 **** Incremental Build of configuration Debug for project FND_control_switch ****
make -j8 all 
arm-none-eabi-size  FND_control_switch.elf 
   text	   data	    bss	    dec	    hex	filename
   7308	     12	   1604	   8924	   22dc	FND_control_switch.elf
Finished building: default.size.stdout
 
15:00:40 **** Incremental Build of configuration Debug for project GPIO_HAL_X ****
make -j8 all 
arm-none-eabi-size  GPIO_HAL_X.elf 
   text	   data	    bss	    dec	    hex	filename
   6468	     12	   1572	   8052	   1f74	GPIO_HAL_X.elf
Finished building: default.size.stdout
 
15:00:41 **** Incremental Build of configuration Debug for project Hello_GPIO ****
make -j8 all 
arm-none-eabi-size  Hello_GPIO.elf 
   text	   data	    bss	    dec	    hex	filename
   6464	     12	   1572	   8048	   1f70	Hello_GPIO.elf
Finished building: default.size.stdout
 
15:00:41 **** Incremental Build of configuration Debug for project LED_control ****
make -j8 all 
arm-none-eabi-size  LED_control.elf 
   text	   data	    bss	    dec	    hex	filename
   6404	     12	   1572	   7988	   1f34	LED_control.elf
Finished building: default.size.stdout
 
15:00:42 **** Incremental Build of configuration Debug for project LED_control_switch ****
make -j8 all 
arm-none-eabi-size  LED_control_switch.elf 
   text	   data	    bss	    dec	    hex	filename
   6416	     12	   1572	   8000	   1f40	LED_control_switch.elf
Finished building: default.size.stdout
 
15:00:42 **** Incremental Build of configuration Debug for project TEMP_sensor ****
make -j8 all 
arm-none-eabi-gcc "../Core/Lib/Src/ds18b20.c" -mcpu=cortex-m4 -std=gnu11 -g3 -DDEBUG -DUSE_HAL_DRIVER -DSTM32F446xx -c -I../Core/Inc -I../Drivers/STM32F4xx_HAL_Driver/Inc -I../Drivers/STM32F4xx_HAL_Driver/Inc/Legacy -I../Drivers/CMSIS/Device/ST/STM32F4xx/Include -I../Drivers/CMSIS/Include -I"C:/Study/STM32/OJ_tube/TEMP_sensor/Core/Lib/Inc" -O0 -ffunction-sections -fdata-sections -Wall -fstack-usage -fcyclomatic-complexity -MMD -MP -MF"Core/Lib/Src/ds18b20.d" -MT"Core/Lib/Src/ds18b20.o" --specs=nano.specs -mfpu=fpv4-sp-d16 -mfloat-abi=hard -mthumb -o "Core/Lib/Src/ds18b20.o"
arm-none-eabi-gcc "../Core/Lib/Src/onewire.c" -mcpu=cortex-m4 -std=gnu11 -g3 -DDEBUG -DUSE_HAL_DRIVER -DSTM32F446xx -c -I../Core/Inc -I../Drivers/STM32F4xx_HAL_Driver/Inc -I../Drivers/STM32F4xx_HAL_Driver/Inc/Legacy -I../Drivers/CMSIS/Device/ST/STM32F4xx/Include -I../Drivers/CMSIS/Include -I"C:/Study/STM32/OJ_tube/TEMP_sensor/Core/Lib/Inc" -O0 -ffunction-sections -fdata-sections -Wall -fstack-usage -fcyclomatic-complexity -MMD -MP -MF"Core/Lib/Src/onewire.d" -MT"Core/Lib/Src/onewire.o" --specs=nano.specs -mfpu=fpv4-sp-d16 -mfloat-abi=hard -mthumb -o "Core/Lib/Src/onewire.o"
../Core/Lib/Src/onewire.c:21:10: fatal error: tim.h: No such file or directory
   21 | #include "tim.h"
      |          ^~~~~~~
compilation terminated.
make: *** [Core/Lib/Src/subdir.mk:22: Core/Lib/Src/onewire.o] Error 1
make: *** Waiting for unfinished jobs....
In file included from C:/Study/STM32/OJ_tube/TEMP_sensor/Core/Lib/Inc/ds18b20.h:8,
                 from ../Core/Lib/Src/ds18b20.c:3:
../Core/Lib/Src/ds18b20.c: In function 'Ds18b20_Init':
C:/Study/STM32/OJ_tube/TEMP_sensor/Core/Lib/Inc/ds18b20Config.h:9:113: error: 'DS18B20_GPIO_Port' undeclared (first use in this function)
    9 | #define _DS18B20_GPIO                                                                                           DS18B20_GPIO_Port
      |                                                                                                                 ^~~~~~~~~~~~~~~~~
../Core/Lib/Src/ds18b20.c:32:39: note: in expansion of macro '_DS18B20_GPIO'
   32 |                 OneWire_Init(&OneWire,_DS18B20_GPIO ,_DS18B20_PIN);
      |                                       ^~~~~~~~~~~~~
C:/Study/STM32/OJ_tube/TEMP_sensor/Core/Lib/Inc/ds18b20Config.h:9:113: note: each undeclared identifier is reported only once for each function it appears in
    9 | #define _DS18B20_GPIO                                                                                           DS18B20_GPIO_Port
      |                                                                                                                 ^~~~~~~~~~~~~~~~~
../Core/Lib/Src/ds18b20.c:32:39: note: in expansion of macro '_DS18B20_GPIO'
   32 |                 OneWire_Init(&OneWire,_DS18B20_GPIO ,_DS18B20_PIN);
      |                                       ^~~~~~~~~~~~~
C:/Study/STM32/OJ_tube/TEMP_sensor/Core/Lib/Inc/ds18b20Config.h:10:113: error: 'DS18B20_Pin' undeclared (first use in this function); did you mean 'DS18B20_Is'?
   10 | #define _DS18B20_PIN                                                                                            DS18B20_Pin
      |                                                                                                                 ^~~~~~~~~~~
../Core/Lib/Src/ds18b20.c:32:54: note: in expansion of macro '_DS18B20_PIN'
   32 |                 OneWire_Init(&OneWire,_DS18B20_GPIO ,_DS18B20_PIN);
      |                                                      ^~~~~~~~~~~~
make: *** [Core/Lib/Src/subdir.mk:22: Core/Lib/Src/ds18b20.o] Error 1
"make -j8 all" terminated with exit code 2. Build might be incomplete.
15:00:43 **** Incremental Build of configuration Debug for project first_ ****
make -j8 all 
arm-none-eabi-size  first_.elf 
   text	   data	    bss	    dec	    hex	filename
   8640	     12	   1644	  10296	   2838	first_.elf
Finished building: default.size.stdout
 
15:00:44 **** Incremental Build of configuration Debug for project switch_test ****
make -j8 all 
arm-none-eabi-size  switch_test.elf 
   text	   data	    bss	    dec	    hex	filename
   6380	     12	   1572	   7964	   1f1c	switch_test.elf
Finished building: default.size.stdout
 
15:00:44 **** Incremental Build of configuration Debug for project uart_printf ****
make -j8 all 
arm-none-eabi-size  uart_printf.elf 
   text	   data	    bss	    dec	    hex	filename
  23324	    468	   1988	  25780	   64b4	uart_printf.elf
Finished building: default.size.stdout
 
15:02:21 **** Incremental Build of configuration Debug for project FND_control ****
make -j8 all 
arm-none-eabi-size  FND_control.elf 
   text	   data	    bss	    dec	    hex	filename
   6984	     12	   1604	   8600	   2198	FND_control.elf
Finished building: default.size.stdout
 
15:02:22 **** Incremental Build of configuration Debug for project FND_control_SPI ****
make -j8 all 
arm-none-eabi-size  FND_control_SPI.elf 
   text	   data	    bss	    dec	    hex	filename
   8592	     12	   1692	  10296	   2838	FND_control_SPI.elf
Finished building: default.size.stdout
 
15:02:22 **** Incremental Build of configuration Debug for project FND_control_switch ****
make -j8 all 
arm-none-eabi-size  FND_control_switch.elf 
   text	   data	    bss	    dec	    hex	filename
   7308	     12	   1604	   8924	   22dc	FND_control_switch.elf
Finished building: default.size.stdout
 
15:02:23 **** Incremental Build of configuration Debug for project GPIO_HAL_X ****
make -j8 all 
arm-none-eabi-size  GPIO_HAL_X.elf 
   text	   data	    bss	    dec	    hex	filename
   6468	     12	   1572	   8052	   1f74	GPIO_HAL_X.elf
Finished building: default.size.stdout
 
15:02:23 **** Incremental Build of configuration Debug for project Hello_GPIO ****
make -j8 all 
arm-none-eabi-size  Hello_GPIO.elf 
   text	   data	    bss	    dec	    hex	filename
   6464	     12	   1572	   8048	   1f70	Hello_GPIO.elf
Finished building: default.size.stdout
 
15:02:24 **** Incremental Build of configuration Debug for project LED_control ****
make -j8 all 
arm-none-eabi-size  LED_control.elf 
   text	   data	    bss	    dec	    hex	filename
   6404	     12	   1572	   7988	   1f34	LED_control.elf
Finished building: default.size.stdout
 
15:02:24 **** Incremental Build of configuration Debug for project LED_control_switch ****
make -j8 all 
arm-none-eabi-size  LED_control_switch.elf 
   text	   data	    bss	    dec	    hex	filename
   6416	     12	   1572	   8000	   1f40	LED_control_switch.elf
Finished building: default.size.stdout
 
15:02:25 **** Incremental Build of configuration Debug for project TEMP_sensor ****
make -j8 all 
arm-none-eabi-gcc "../Core/Lib/Src/ds18b20.c" -mcpu=cortex-m4 -std=gnu11 -g3 -DDEBUG -DUSE_HAL_DRIVER -DSTM32F446xx -c -I../Core/Inc -I../Drivers/STM32F4xx_HAL_Driver/Inc -I../Drivers/STM32F4xx_HAL_Driver/Inc/Legacy -I../Drivers/CMSIS/Device/ST/STM32F4xx/Include -I../Drivers/CMSIS/Include -I"C:/Study/STM32/OJ_tube/TEMP_sensor/Core/Lib/Inc" -O0 -ffunction-sections -fdata-sections -Wall -fstack-usage -fcyclomatic-complexity -MMD -MP -MF"Core/Lib/Src/ds18b20.d" -MT"Core/Lib/Src/ds18b20.o" --specs=nano.specs -mfpu=fpv4-sp-d16 -mfloat-abi=hard -mthumb -o "Core/Lib/Src/ds18b20.o"
arm-none-eabi-gcc "../Core/Lib/Src/onewire.c" -mcpu=cortex-m4 -std=gnu11 -g3 -DDEBUG -DUSE_HAL_DRIVER -DSTM32F446xx -c -I../Core/Inc -I../Drivers/STM32F4xx_HAL_Driver/Inc -I../Drivers/STM32F4xx_HAL_Driver/Inc/Legacy -I../Drivers/CMSIS/Device/ST/STM32F4xx/Include -I../Drivers/CMSIS/Include -I"C:/Study/STM32/OJ_tube/TEMP_sensor/Core/Lib/Inc" -O0 -ffunction-sections -fdata-sections -Wall -fstack-usage -fcyclomatic-complexity -MMD -MP -MF"Core/Lib/Src/onewire.d" -MT"Core/Lib/Src/onewire.o" --specs=nano.specs -mfpu=fpv4-sp-d16 -mfloat-abi=hard -mthumb -o "Core/Lib/Src/onewire.o"
In file included from C:/Study/STM32/OJ_tube/TEMP_sensor/Core/Lib/Inc/ds18b20.h:8,
                 from ../Core/Lib/Src/ds18b20.c:3:
../Core/Lib/Src/ds18b20.c: In function 'Ds18b20_Init':
C:/Study/STM32/OJ_tube/TEMP_sensor/Core/Lib/Inc/ds18b20Config.h:9:113: error: 'DS18B20_GPIO_Port' undeclared (first use in this function)
    9 | #define _DS18B20_GPIO                                                                                           DS18B20_GPIO_Port
      |                                                                                                                 ^~~~~~~~~~~~~~~~~
../Core/Lib/Src/ds18b20.c:32:39: note: in expansion of macro '_DS18B20_GPIO'
   32 |                 OneWire_Init(&OneWire,_DS18B20_GPIO ,_DS18B20_PIN);
      |                                       ^~~~~~~~~~~~~
C:/Study/STM32/OJ_tube/TEMP_sensor/Core/Lib/Inc/ds18b20Config.h:9:113: note: each undeclared identifier is reported only once for each function it appears in
    9 | #define _DS18B20_GPIO                                                                                           DS18B20_GPIO_Port
      |                                                                                                                 ^~~~~~~~~~~~~~~~~
../Core/Lib/Src/ds18b20.c:32:39: note: in expansion of macro '_DS18B20_GPIO'
   32 |                 OneWire_Init(&OneWire,_DS18B20_GPIO ,_DS18B20_PIN);
      |                                       ^~~~~~~~~~~~~
C:/Study/STM32/OJ_tube/TEMP_sensor/Core/Lib/Inc/ds18b20Config.h:10:113: error: 'DS18B20_Pin' undeclared (first use in this function); did you mean 'DS18B20_Is'?
   10 | #define _DS18B20_PIN                                                                                            DS18B20_Pin
      |                                                                                                                 ^~~~~~~~~~~
../Core/Lib/Src/ds18b20.c:32:54: note: in expansion of macro '_DS18B20_PIN'
   32 |                 OneWire_Init(&OneWire,_DS18B20_GPIO ,_DS18B20_PIN);
      |                                                      ^~~~~~~~~~~~
In file included from ../Core/Lib/Src/onewire.c:20:
../Core/Lib/Src/onewire.c: In function 'ONEWIRE_DELAY':
C:/Study/STM32/OJ_tube/TEMP_sensor/Core/Lib/Inc/ds18b20Config.h:18:105: error: 'htim13' undeclared (first use in this function)
   18 | #define _DS18B20_TIMER                                                                                  htim13
      |                                                                                                         ^~~~~~
../Core/Lib/Src/onewire.c:25:9: note: in expansion of macro '_DS18B20_TIMER'
   25 |         _DS18B20_TIMER.Instance->CNT = 0;
      |         ^~~~~~~~~~~~~~
C:/Study/STM32/OJ_tube/TEMP_sensor/Core/Lib/Inc/ds18b20Config.h:18:105: note: each undeclared identifier is reported only once for each function it appears in
   18 | #define _DS18B20_TIMER                                                                                  htim13
      |                                                                                                         ^~~~~~
../Core/Lib/Src/onewire.c:25:9: note: in expansion of macro '_DS18B20_TIMER'
   25 |         _DS18B20_TIMER.Instance->CNT = 0;
      |         ^~~~~~~~~~~~~~
make: *** [Core/Lib/Src/subdir.mk:22: Core/Lib/Src/ds18b20.o] Error 1
make: *** Waiting for unfinished jobs....
../Core/Lib/Src/onewire.c: In function 'OneWire_Init':
../Core/Lib/Src/onewire.c:57:9: warning: implicit declaration of function 'HAL_TIM_Base_Start'; did you mean 'HAL_DMA_Start'? [-Wimplicit-function-declaration]
   57 |         HAL_TIM_Base_Start(&_DS18B20_TIMER);
      |         ^~~~~~~~~~~~~~~~~~
      |         HAL_DMA_Start
C:/Study/STM32/OJ_tube/TEMP_sensor/Core/Lib/Inc/ds18b20Config.h:18:105: error: 'htim13' undeclared (first use in this function)
   18 | #define _DS18B20_TIMER                                                                                  htim13
      |                                                                                                         ^~~~~~
../Core/Lib/Src/onewire.c:57:29: note: in expansion of macro '_DS18B20_TIMER'
   57 |         HAL_TIM_Base_Start(&_DS18B20_TIMER);
      |                             ^~~~~~~~~~~~~~
make: *** [Core/Lib/Src/subdir.mk:22: Core/Lib/Src/onewire.o] Error 1
"make -j8 all" terminated with exit code 2. Build might be incomplete.
15:02:26 **** Incremental Build of configuration Debug for project first_ ****
make -j8 all 
arm-none-eabi-size  first_.elf 
   text	   data	    bss	    dec	    hex	filename
   8640	     12	   1644	  10296	   2838	first_.elf
Finished building: default.size.stdout
 
15:02:26 **** Incremental Build of configuration Debug for project switch_test ****
make -j8 all 
arm-none-eabi-size  switch_test.elf 
   text	   data	    bss	    dec	    hex	filename
   6380	     12	   1572	   7964	   1f1c	switch_test.elf
Finished building: default.size.stdout
 
15:02:27 **** Incremental Build of configuration Debug for project uart_printf ****
make -j8 all 
arm-none-eabi-size  uart_printf.elf 
   text	   data	    bss	    dec	    hex	filename
  23324	    468	   1988	  25780	   64b4	uart_printf.elf
Finished building: default.size.stdout
 
15:06:30 **** Incremental Build of configuration Debug for project FND_control ****
make -j8 all 
arm-none-eabi-size  FND_control.elf 
   text	   data	    bss	    dec	    hex	filename
   6984	     12	   1604	   8600	   2198	FND_control.elf
Finished building: default.size.stdout
 
15:06:30 **** Incremental Build of configuration Debug for project FND_control_SPI ****
make -j8 all 
arm-none-eabi-size  FND_control_SPI.elf 
   text	   data	    bss	    dec	    hex	filename
   8592	     12	   1692	  10296	   2838	FND_control_SPI.elf
Finished building: default.size.stdout
 
15:06:31 **** Incremental Build of configuration Debug for project FND_control_switch ****
make -j8 all 
arm-none-eabi-size  FND_control_switch.elf 
   text	   data	    bss	    dec	    hex	filename
   7308	     12	   1604	   8924	   22dc	FND_control_switch.elf
Finished building: default.size.stdout
 
15:06:31 **** Incremental Build of configuration Debug for project GPIO_HAL_X ****
make -j8 all 
arm-none-eabi-size  GPIO_HAL_X.elf 
   text	   data	    bss	    dec	    hex	filename
   6468	     12	   1572	   8052	   1f74	GPIO_HAL_X.elf
Finished building: default.size.stdout
 
15:06:32 **** Incremental Build of configuration Debug for project Hello_GPIO ****
make -j8 all 
arm-none-eabi-size  Hello_GPIO.elf 
   text	   data	    bss	    dec	    hex	filename
   6464	     12	   1572	   8048	   1f70	Hello_GPIO.elf
Finished building: default.size.stdout
 
15:06:32 **** Incremental Build of configuration Debug for project LED_control ****
make -j8 all 
arm-none-eabi-size  LED_control.elf 
   text	   data	    bss	    dec	    hex	filename
   6404	     12	   1572	   7988	   1f34	LED_control.elf
Finished building: default.size.stdout
 
15:06:33 **** Incremental Build of configuration Debug for project LED_control_switch ****
make -j8 all 
arm-none-eabi-size  LED_control_switch.elf 
   text	   data	    bss	    dec	    hex	filename
   6416	     12	   1572	   8000	   1f40	LED_control_switch.elf
Finished building: default.size.stdout
 
15:06:33 **** Incremental Build of configuration Debug for project TEMP_sensor ****
make -j8 all 
arm-none-eabi-gcc "../Core/Src/FND_controller.c" -mcpu=cortex-m4 -std=gnu11 -g3 -DDEBUG -DUSE_HAL_DRIVER -DSTM32F446xx -c -I../Core/Inc -I../Drivers/STM32F4xx_HAL_Driver/Inc -I../Drivers/STM32F4xx_HAL_Driver/Inc/Legacy -I../Drivers/CMSIS/Device/ST/STM32F4xx/Include -I../Drivers/CMSIS/Include -I"C:/Study/STM32/OJ_tube/TEMP_sensor/Core/Lib/Inc" -O0 -ffunction-sections -fdata-sections -Wall -fstack-usage -fcyclomatic-complexity -MMD -MP -MF"Core/Src/FND_controller.d" -MT"Core/Src/FND_controller.o" --specs=nano.specs -mfpu=fpv4-sp-d16 -mfloat-abi=hard -mthumb -o "Core/Src/FND_controller.o"
arm-none-eabi-gcc "../Core/Src/main.c" -mcpu=cortex-m4 -std=gnu11 -g3 -DDEBUG -DUSE_HAL_DRIVER -DSTM32F446xx -c -I../Core/Inc -I../Drivers/STM32F4xx_HAL_Driver/Inc -I../Drivers/STM32F4xx_HAL_Driver/Inc/Legacy -I../Drivers/CMSIS/Device/ST/STM32F4xx/Include -I../Drivers/CMSIS/Include -I"C:/Study/STM32/OJ_tube/TEMP_sensor/Core/Lib/Inc" -O0 -ffunction-sections -fdata-sections -Wall -fstack-usage -fcyclomatic-complexity -MMD -MP -MF"Core/Src/main.d" -MT"Core/Src/main.o" --specs=nano.specs -mfpu=fpv4-sp-d16 -mfloat-abi=hard -mthumb -o "Core/Src/main.o"
arm-none-eabi-gcc "../Core/Src/stm32f4xx_hal_msp.c" -mcpu=cortex-m4 -std=gnu11 -g3 -DDEBUG -DUSE_HAL_DRIVER -DSTM32F446xx -c -I../Core/Inc -I../Drivers/STM32F4xx_HAL_Driver/Inc -I../Drivers/STM32F4xx_HAL_Driver/Inc/Legacy -I../Drivers/CMSIS/Device/ST/STM32F4xx/Include -I../Drivers/CMSIS/Include -I"C:/Study/STM32/OJ_tube/TEMP_sensor/Core/Lib/Inc" -O0 -ffunction-sections -fdata-sections -Wall -fstack-usage -fcyclomatic-complexity -MMD -MP -MF"Core/Src/stm32f4xx_hal_msp.d" -MT"Core/Src/stm32f4xx_hal_msp.o" --specs=nano.specs -mfpu=fpv4-sp-d16 -mfloat-abi=hard -mthumb -o "Core/Src/stm32f4xx_hal_msp.o"
arm-none-eabi-gcc "../Core/Src/stm32f4xx_it.c" -mcpu=cortex-m4 -std=gnu11 -g3 -DDEBUG -DUSE_HAL_DRIVER -DSTM32F446xx -c -I../Core/Inc -I../Drivers/STM32F4xx_HAL_Driver/Inc -I../Drivers/STM32F4xx_HAL_Driver/Inc/Legacy -I../Drivers/CMSIS/Device/ST/STM32F4xx/Include -I../Drivers/CMSIS/Include -I"C:/Study/STM32/OJ_tube/TEMP_sensor/Core/Lib/Inc" -O0 -ffunction-sections -fdata-sections -Wall -fstack-usage -fcyclomatic-complexity -MMD -MP -MF"Core/Src/stm32f4xx_it.d" -MT"Core/Src/stm32f4xx_it.o" --specs=nano.specs -mfpu=fpv4-sp-d16 -mfloat-abi=hard -mthumb -o "Core/Src/stm32f4xx_it.o"
arm-none-eabi-gcc "../Core/Lib/Src/ds18b20.c" -mcpu=cortex-m4 -std=gnu11 -g3 -DDEBUG -DUSE_HAL_DRIVER -DSTM32F446xx -c -I../Core/Inc -I../Drivers/STM32F4xx_HAL_Driver/Inc -I../Drivers/STM32F4xx_HAL_Driver/Inc/Legacy -I../Drivers/CMSIS/Device/ST/STM32F4xx/Include -I../Drivers/CMSIS/Include -I"C:/Study/STM32/OJ_tube/TEMP_sensor/Core/Lib/Inc" -O0 -ffunction-sections -fdata-sections -Wall -fstack-usage -fcyclomatic-complexity -MMD -MP -MF"Core/Lib/Src/ds18b20.d" -MT"Core/Lib/Src/ds18b20.o" --specs=nano.specs -mfpu=fpv4-sp-d16 -mfloat-abi=hard -mthumb -o "Core/Lib/Src/ds18b20.o"
arm-none-eabi-gcc "../Core/Lib/Src/onewire.c" -mcpu=cortex-m4 -std=gnu11 -g3 -DDEBUG -DUSE_HAL_DRIVER -DSTM32F446xx -c -I../Core/Inc -I../Drivers/STM32F4xx_HAL_Driver/Inc -I../Drivers/STM32F4xx_HAL_Driver/Inc/Legacy -I../Drivers/CMSIS/Device/ST/STM32F4xx/Include -I../Drivers/CMSIS/Include -I"C:/Study/STM32/OJ_tube/TEMP_sensor/Core/Lib/Inc" -O0 -ffunction-sections -fdata-sections -Wall -fstack-usage -fcyclomatic-complexity -MMD -MP -MF"Core/Lib/Src/onewire.d" -MT"Core/Lib/Src/onewire.o" --specs=nano.specs -mfpu=fpv4-sp-d16 -mfloat-abi=hard -mthumb -o "Core/Lib/Src/onewire.o"
In file included from ../Core/Lib/Src/onewire.c:20:
../Core/Lib/Src/onewire.c: In function 'ONEWIRE_DELAY':
C:/Study/STM32/OJ_tube/TEMP_sensor/Core/Lib/Inc/ds18b20Config.h:20:105: error: 'htim13' undeclared (first use in this function)
   20 | #define _DS18B20_TIMER                                                                                  htim13
      |                                                                                                         ^~~~~~
../Core/Lib/Src/onewire.c:25:9: note: in expansion of macro '_DS18B20_TIMER'
   25 |         _DS18B20_TIMER.Instance->CNT = 0;
      |         ^~~~~~~~~~~~~~
C:/Study/STM32/OJ_tube/TEMP_sensor/Core/Lib/Inc/ds18b20Config.h:20:105: note: each undeclared identifier is reported only once for each function it appears in
   20 | #define _DS18B20_TIMER                                                                                  htim13
      |                                                                                                         ^~~~~~
../Core/Lib/Src/onewire.c:25:9: note: in expansion of macro '_DS18B20_TIMER'
   25 |         _DS18B20_TIMER.Instance->CNT = 0;
      |         ^~~~~~~~~~~~~~
../Core/Lib/Src/onewire.c: In function 'OneWire_Init':
../Core/Lib/Src/onewire.c:57:9: warning: implicit declaration of function 'HAL_TIM_Base_Start'; did you mean 'HAL_DMA_Start'? [-Wimplicit-function-declaration]
   57 |         HAL_TIM_Base_Start(&_DS18B20_TIMER);
      |         ^~~~~~~~~~~~~~~~~~
      |         HAL_DMA_Start
C:/Study/STM32/OJ_tube/TEMP_sensor/Core/Lib/Inc/ds18b20Config.h:20:105: error: 'htim13' undeclared (first use in this function)
   20 | #define _DS18B20_TIMER                                                                                  htim13
      |                                                                                                         ^~~~~~
../Core/Lib/Src/onewire.c:57:29: note: in expansion of macro '_DS18B20_TIMER'
   57 |         HAL_TIM_Base_Start(&_DS18B20_TIMER);
      |                             ^~~~~~~~~~~~~~
make: *** [Core/Lib/Src/subdir.mk:22: Core/Lib/Src/onewire.o] Error 1
make: *** Waiting for unfinished jobs....
"make -j8 all" terminated with exit code 2. Build might be incomplete.
15:06:35 **** Incremental Build of configuration Debug for project first_ ****
make -j8 all 
arm-none-eabi-size  first_.elf 
   text	   data	    bss	    dec	    hex	filename
   8640	     12	   1644	  10296	   2838	first_.elf
Finished building: default.size.stdout
 
15:06:36 **** Incremental Build of configuration Debug for project switch_test ****
make -j8 all 
arm-none-eabi-size  switch_test.elf 
   text	   data	    bss	    dec	    hex	filename
   6380	     12	   1572	   7964	   1f1c	switch_test.elf
Finished building: default.size.stdout
 
15:06:36 **** Incremental Build of configuration Debug for project uart_printf ****
make -j8 all 
arm-none-eabi-size  uart_printf.elf 
   text	   data	    bss	    dec	    hex	filename
  23324	    468	   1988	  25780	   64b4	uart_printf.elf
Finished building: default.size.stdout
 
15:10:08 **** Incremental Build of configuration Debug for project FND_control ****
make -j8 all 
arm-none-eabi-size  FND_control.elf 
   text	   data	    bss	    dec	    hex	filename
   6984	     12	   1604	   8600	   2198	FND_control.elf
Finished building: default.size.stdout
 
15:10:08 **** Incremental Build of configuration Debug for project FND_control_SPI ****
make -j8 all 
arm-none-eabi-size  FND_control_SPI.elf 
   text	   data	    bss	    dec	    hex	filename
   8592	     12	   1692	  10296	   2838	FND_control_SPI.elf
Finished building: default.size.stdout
 
15:10:09 **** Incremental Build of configuration Debug for project FND_control_switch ****
make -j8 all 
arm-none-eabi-size  FND_control_switch.elf 
   text	   data	    bss	    dec	    hex	filename
   7308	     12	   1604	   8924	   22dc	FND_control_switch.elf
Finished building: default.size.stdout
 
15:10:09 **** Incremental Build of configuration Debug for project GPIO_HAL_X ****
make -j8 all 
arm-none-eabi-size  GPIO_HAL_X.elf 
   text	   data	    bss	    dec	    hex	filename
   6468	     12	   1572	   8052	   1f74	GPIO_HAL_X.elf
Finished building: default.size.stdout
 
15:10:10 **** Incremental Build of configuration Debug for project Hello_GPIO ****
make -j8 all 
arm-none-eabi-size  Hello_GPIO.elf 
   text	   data	    bss	    dec	    hex	filename
   6464	     12	   1572	   8048	   1f70	Hello_GPIO.elf
Finished building: default.size.stdout
 
15:10:11 **** Incremental Build of configuration Debug for project LED_control ****
make -j8 all 
arm-none-eabi-size  LED_control.elf 
   text	   data	    bss	    dec	    hex	filename
   6404	     12	   1572	   7988	   1f34	LED_control.elf
Finished building: default.size.stdout
 
15:10:11 **** Incremental Build of configuration Debug for project LED_control_switch ****
make -j8 all 
arm-none-eabi-size  LED_control_switch.elf 
   text	   data	    bss	    dec	    hex	filename
   6416	     12	   1572	   8000	   1f40	LED_control_switch.elf
Finished building: default.size.stdout
 
15:10:12 **** Incremental Build of configuration Debug for project TEMP_sensor ****
make -j8 all 
arm-none-eabi-gcc "../Drivers/STM32F4xx_HAL_Driver/Src/stm32f4xx_hal.c" -mcpu=cortex-m4 -std=gnu11 -g3 -DDEBUG -DUSE_HAL_DRIVER -DSTM32F446xx -c -I../Core/Inc -I../Drivers/STM32F4xx_HAL_Driver/Inc -I../Drivers/STM32F4xx_HAL_Driver/Inc/Legacy -I../Drivers/CMSIS/Device/ST/STM32F4xx/Include -I../Drivers/CMSIS/Include -O0 -ffunction-sections -fdata-sections -Wall -fstack-usage -fcyclomatic-complexity -MMD -MP -MF"Drivers/STM32F4xx_HAL_Driver/Src/stm32f4xx_hal.d" -MT"Drivers/STM32F4xx_HAL_Driver/Src/stm32f4xx_hal.o" --specs=nano.specs -mfpu=fpv4-sp-d16 -mfloat-abi=hard -mthumb -o "Drivers/STM32F4xx_HAL_Driver/Src/stm32f4xx_hal.o"
arm-none-eabi-gcc "../Drivers/STM32F4xx_HAL_Driver/Src/stm32f4xx_hal_cortex.c" -mcpu=cortex-m4 -std=gnu11 -g3 -DDEBUG -DUSE_HAL_DRIVER -DSTM32F446xx -c -I../Core/Inc -I../Drivers/STM32F4xx_HAL_Driver/Inc -I../Drivers/STM32F4xx_HAL_Driver/Inc/Legacy -I../Drivers/CMSIS/Device/ST/STM32F4xx/Include -I../Drivers/CMSIS/Include -O0 -ffunction-sections -fdata-sections -Wall -fstack-usage -fcyclomatic-complexity -MMD -MP -MF"Drivers/STM32F4xx_HAL_Driver/Src/stm32f4xx_hal_cortex.d" -MT"Drivers/STM32F4xx_HAL_Driver/Src/stm32f4xx_hal_cortex.o" --specs=nano.specs -mfpu=fpv4-sp-d16 -mfloat-abi=hard -mthumb -o "Drivers/STM32F4xx_HAL_Driver/Src/stm32f4xx_hal_cortex.o"
arm-none-eabi-gcc "../Drivers/STM32F4xx_HAL_Driver/Src/stm32f4xx_hal_dma.c" -mcpu=cortex-m4 -std=gnu11 -g3 -DDEBUG -DUSE_HAL_DRIVER -DSTM32F446xx -c -I../Core/Inc -I../Drivers/STM32F4xx_HAL_Driver/Inc -I../Drivers/STM32F4xx_HAL_Driver/Inc/Legacy -I../Drivers/CMSIS/Device/ST/STM32F4xx/Include -I../Drivers/CMSIS/Include -O0 -ffunction-sections -fdata-sections -Wall -fstack-usage -fcyclomatic-complexity -MMD -MP -MF"Drivers/STM32F4xx_HAL_Driver/Src/stm32f4xx_hal_dma.d" -MT"Drivers/STM32F4xx_HAL_Driver/Src/stm32f4xx_hal_dma.o" --specs=nano.specs -mfpu=fpv4-sp-d16 -mfloat-abi=hard -mthumb -o "Drivers/STM32F4xx_HAL_Driver/Src/stm32f4xx_hal_dma.o"
arm-none-eabi-gcc "../Drivers/STM32F4xx_HAL_Driver/Src/stm32f4xx_hal_dma_ex.c" -mcpu=cortex-m4 -std=gnu11 -g3 -DDEBUG -DUSE_HAL_DRIVER -DSTM32F446xx -c -I../Core/Inc -I../Drivers/STM32F4xx_HAL_Driver/Inc -I../Drivers/STM32F4xx_HAL_Driver/Inc/Legacy -I../Drivers/CMSIS/Device/ST/STM32F4xx/Include -I../Drivers/CMSIS/Include -O0 -ffunction-sections -fdata-sections -Wall -fstack-usage -fcyclomatic-complexity -MMD -MP -MF"Drivers/STM32F4xx_HAL_Driver/Src/stm32f4xx_hal_dma_ex.d" -MT"Drivers/STM32F4xx_HAL_Driver/Src/stm32f4xx_hal_dma_ex.o" --specs=nano.specs -mfpu=fpv4-sp-d16 -mfloat-abi=hard -mthumb -o "Drivers/STM32F4xx_HAL_Driver/Src/stm32f4xx_hal_dma_ex.o"
arm-none-eabi-gcc "../Drivers/STM32F4xx_HAL_Driver/Src/stm32f4xx_hal_exti.c" -mcpu=cortex-m4 -std=gnu11 -g3 -DDEBUG -DUSE_HAL_DRIVER -DSTM32F446xx -c -I../Core/Inc -I../Drivers/STM32F4xx_HAL_Driver/Inc -I../Drivers/STM32F4xx_HAL_Driver/Inc/Legacy -I../Drivers/CMSIS/Device/ST/STM32F4xx/Include -I../Drivers/CMSIS/Include -O0 -ffunction-sections -fdata-sections -Wall -fstack-usage -fcyclomatic-complexity -MMD -MP -MF"Drivers/STM32F4xx_HAL_Driver/Src/stm32f4xx_hal_exti.d" -MT"Drivers/STM32F4xx_HAL_Driver/Src/stm32f4xx_hal_exti.o" --specs=nano.specs -mfpu=fpv4-sp-d16 -mfloat-abi=hard -mthumb -o "Drivers/STM32F4xx_HAL_Driver/Src/stm32f4xx_hal_exti.o"
arm-none-eabi-gcc "../Drivers/STM32F4xx_HAL_Driver/Src/stm32f4xx_hal_flash.c" -mcpu=cortex-m4 -std=gnu11 -g3 -DDEBUG -DUSE_HAL_DRIVER -DSTM32F446xx -c -I../Core/Inc -I../Drivers/STM32F4xx_HAL_Driver/Inc -I../Drivers/STM32F4xx_HAL_Driver/Inc/Legacy -I../Drivers/CMSIS/Device/ST/STM32F4xx/Include -I../Drivers/CMSIS/Include -O0 -ffunction-sections -fdata-sections -Wall -fstack-usage -fcyclomatic-complexity -MMD -MP -MF"Drivers/STM32F4xx_HAL_Driver/Src/stm32f4xx_hal_flash.d" -MT"Drivers/STM32F4xx_HAL_Driver/Src/stm32f4xx_hal_flash.o" --specs=nano.specs -mfpu=fpv4-sp-d16 -mfloat-abi=hard -mthumb -o "Drivers/STM32F4xx_HAL_Driver/Src/stm32f4xx_hal_flash.o"
arm-none-eabi-gcc "../Drivers/STM32F4xx_HAL_Driver/Src/stm32f4xx_hal_flash_ex.c" -mcpu=cortex-m4 -std=gnu11 -g3 -DDEBUG -DUSE_HAL_DRIVER -DSTM32F446xx -c -I../Core/Inc -I../Drivers/STM32F4xx_HAL_Driver/Inc -I../Drivers/STM32F4xx_HAL_Driver/Inc/Legacy -I../Drivers/CMSIS/Device/ST/STM32F4xx/Include -I../Drivers/CMSIS/Include -O0 -ffunction-sections -fdata-sections -Wall -fstack-usage -fcyclomatic-complexity -MMD -MP -MF"Drivers/STM32F4xx_HAL_Driver/Src/stm32f4xx_hal_flash_ex.d" -MT"Drivers/STM32F4xx_HAL_Driver/Src/stm32f4xx_hal_flash_ex.o" --specs=nano.specs -mfpu=fpv4-sp-d16 -mfloat-abi=hard -mthumb -o "Drivers/STM32F4xx_HAL_Driver/Src/stm32f4xx_hal_flash_ex.o"
arm-none-eabi-gcc "../Drivers/STM32F4xx_HAL_Driver/Src/stm32f4xx_hal_flash_ramfunc.c" -mcpu=cortex-m4 -std=gnu11 -g3 -DDEBUG -DUSE_HAL_DRIVER -DSTM32F446xx -c -I../Core/Inc -I../Drivers/STM32F4xx_HAL_Driver/Inc -I../Drivers/STM32F4xx_HAL_Driver/Inc/Legacy -I../Drivers/CMSIS/Device/ST/STM32F4xx/Include -I../Drivers/CMSIS/Include -O0 -ffunction-sections -fdata-sections -Wall -fstack-usage -fcyclomatic-complexity -MMD -MP -MF"Drivers/STM32F4xx_HAL_Driver/Src/stm32f4xx_hal_flash_ramfunc.d" -MT"Drivers/STM32F4xx_HAL_Driver/Src/stm32f4xx_hal_flash_ramfunc.o" --specs=nano.specs -mfpu=fpv4-sp-d16 -mfloat-abi=hard -mthumb -o "Drivers/STM32F4xx_HAL_Driver/Src/stm32f4xx_hal_flash_ramfunc.o"
arm-none-eabi-gcc "../Drivers/STM32F4xx_HAL_Driver/Src/stm32f4xx_hal_gpio.c" -mcpu=cortex-m4 -std=gnu11 -g3 -DDEBUG -DUSE_HAL_DRIVER -DSTM32F446xx -c -I../Core/Inc -I../Drivers/STM32F4xx_HAL_Driver/Inc -I../Drivers/STM32F4xx_HAL_Driver/Inc/Legacy -I../Drivers/CMSIS/Device/ST/STM32F4xx/Include -I../Drivers/CMSIS/Include -O0 -ffunction-sections -fdata-sections -Wall -fstack-usage -fcyclomatic-complexity -MMD -MP -MF"Drivers/STM32F4xx_HAL_Driver/Src/stm32f4xx_hal_gpio.d" -MT"Drivers/STM32F4xx_HAL_Driver/Src/stm32f4xx_hal_gpio.o" --specs=nano.specs -mfpu=fpv4-sp-d16 -mfloat-abi=hard -mthumb -o "Drivers/STM32F4xx_HAL_Driver/Src/stm32f4xx_hal_gpio.o"
arm-none-eabi-gcc "../Drivers/STM32F4xx_HAL_Driver/Src/stm32f4xx_hal_pwr.c" -mcpu=cortex-m4 -std=gnu11 -g3 -DDEBUG -DUSE_HAL_DRIVER -DSTM32F446xx -c -I../Core/Inc -I../Drivers/STM32F4xx_HAL_Driver/Inc -I../Drivers/STM32F4xx_HAL_Driver/Inc/Legacy -I../Drivers/CMSIS/Device/ST/STM32F4xx/Include -I../Drivers/CMSIS/Include -O0 -ffunction-sections -fdata-sections -Wall -fstack-usage -fcyclomatic-complexity -MMD -MP -MF"Drivers/STM32F4xx_HAL_Driver/Src/stm32f4xx_hal_pwr.d" -MT"Drivers/STM32F4xx_HAL_Driver/Src/stm32f4xx_hal_pwr.o" --specs=nano.specs -mfpu=fpv4-sp-d16 -mfloat-abi=hard -mthumb -o "Drivers/STM32F4xx_HAL_Driver/Src/stm32f4xx_hal_pwr.o"
arm-none-eabi-gcc "../Drivers/STM32F4xx_HAL_Driver/Src/stm32f4xx_hal_pwr_ex.c" -mcpu=cortex-m4 -std=gnu11 -g3 -DDEBUG -DUSE_HAL_DRIVER -DSTM32F446xx -c -I../Core/Inc -I../Drivers/STM32F4xx_HAL_Driver/Inc -I../Drivers/STM32F4xx_HAL_Driver/Inc/Legacy -I../Drivers/CMSIS/Device/ST/STM32F4xx/Include -I../Drivers/CMSIS/Include -O0 -ffunction-sections -fdata-sections -Wall -fstack-usage -fcyclomatic-complexity -MMD -MP -MF"Drivers/STM32F4xx_HAL_Driver/Src/stm32f4xx_hal_pwr_ex.d" -MT"Drivers/STM32F4xx_HAL_Driver/Src/stm32f4xx_hal_pwr_ex.o" --specs=nano.specs -mfpu=fpv4-sp-d16 -mfloat-abi=hard -mthumb -o "Drivers/STM32F4xx_HAL_Driver/Src/stm32f4xx_hal_pwr_ex.o"
arm-none-eabi-gcc "../Drivers/STM32F4xx_HAL_Driver/Src/stm32f4xx_hal_rcc.c" -mcpu=cortex-m4 -std=gnu11 -g3 -DDEBUG -DUSE_HAL_DRIVER -DSTM32F446xx -c -I../Core/Inc -I../Drivers/STM32F4xx_HAL_Driver/Inc -I../Drivers/STM32F4xx_HAL_Driver/Inc/Legacy -I../Drivers/CMSIS/Device/ST/STM32F4xx/Include -I../Drivers/CMSIS/Include -O0 -ffunction-sections -fdata-sections -Wall -fstack-usage -fcyclomatic-complexity -MMD -MP -MF"Drivers/STM32F4xx_HAL_Driver/Src/stm32f4xx_hal_rcc.d" -MT"Drivers/STM32F4xx_HAL_Driver/Src/stm32f4xx_hal_rcc.o" --specs=nano.specs -mfpu=fpv4-sp-d16 -mfloat-abi=hard -mthumb -o "Drivers/STM32F4xx_HAL_Driver/Src/stm32f4xx_hal_rcc.o"
arm-none-eabi-gcc "../Drivers/STM32F4xx_HAL_Driver/Src/stm32f4xx_hal_rcc_ex.c" -mcpu=cortex-m4 -std=gnu11 -g3 -DDEBUG -DUSE_HAL_DRIVER -DSTM32F446xx -c -I../Core/Inc -I../Drivers/STM32F4xx_HAL_Driver/Inc -I../Drivers/STM32F4xx_HAL_Driver/Inc/Legacy -I../Drivers/CMSIS/Device/ST/STM32F4xx/Include -I../Drivers/CMSIS/Include -O0 -ffunction-sections -fdata-sections -Wall -fstack-usage -fcyclomatic-complexity -MMD -MP -MF"Drivers/STM32F4xx_HAL_Driver/Src/stm32f4xx_hal_rcc_ex.d" -MT"Drivers/STM32F4xx_HAL_Driver/Src/stm32f4xx_hal_rcc_ex.o" --specs=nano.specs -mfpu=fpv4-sp-d16 -mfloat-abi=hard -mthumb -o "Drivers/STM32F4xx_HAL_Driver/Src/stm32f4xx_hal_rcc_ex.o"
arm-none-eabi-gcc "../Drivers/STM32F4xx_HAL_Driver/Src/stm32f4xx_hal_spi.c" -mcpu=cortex-m4 -std=gnu11 -g3 -DDEBUG -DUSE_HAL_DRIVER -DSTM32F446xx -c -I../Core/Inc -I../Drivers/STM32F4xx_HAL_Driver/Inc -I../Drivers/STM32F4xx_HAL_Driver/Inc/Legacy -I../Drivers/CMSIS/Device/ST/STM32F4xx/Include -I../Drivers/CMSIS/Include -O0 -ffunction-sections -fdata-sections -Wall -fstack-usage -fcyclomatic-complexity -MMD -MP -MF"Drivers/STM32F4xx_HAL_Driver/Src/stm32f4xx_hal_spi.d" -MT"Drivers/STM32F4xx_HAL_Driver/Src/stm32f4xx_hal_spi.o" --specs=nano.specs -mfpu=fpv4-sp-d16 -mfloat-abi=hard -mthumb -o "Drivers/STM32F4xx_HAL_Driver/Src/stm32f4xx_hal_spi.o"
arm-none-eabi-gcc "../Drivers/STM32F4xx_HAL_Driver/Src/stm32f4xx_hal_tim.c" -mcpu=cortex-m4 -std=gnu11 -g3 -DDEBUG -DUSE_HAL_DRIVER -DSTM32F446xx -c -I../Core/Inc -I../Drivers/STM32F4xx_HAL_Driver/Inc -I../Drivers/STM32F4xx_HAL_Driver/Inc/Legacy -I../Drivers/CMSIS/Device/ST/STM32F4xx/Include -I../Drivers/CMSIS/Include -O0 -ffunction-sections -fdata-sections -Wall -fstack-usage -fcyclomatic-complexity -MMD -MP -MF"Drivers/STM32F4xx_HAL_Driver/Src/stm32f4xx_hal_tim.d" -MT"Drivers/STM32F4xx_HAL_Driver/Src/stm32f4xx_hal_tim.o" --specs=nano.specs -mfpu=fpv4-sp-d16 -mfloat-abi=hard -mthumb -o "Drivers/STM32F4xx_HAL_Driver/Src/stm32f4xx_hal_tim.o"
arm-none-eabi-gcc "../Drivers/STM32F4xx_HAL_Driver/Src/stm32f4xx_hal_tim_ex.c" -mcpu=cortex-m4 -std=gnu11 -g3 -DDEBUG -DUSE_HAL_DRIVER -DSTM32F446xx -c -I../Core/Inc -I../Drivers/STM32F4xx_HAL_Driver/Inc -I../Drivers/STM32F4xx_HAL_Driver/Inc/Legacy -I../Drivers/CMSIS/Device/ST/STM32F4xx/Include -I../Drivers/CMSIS/Include -O0 -ffunction-sections -fdata-sections -Wall -fstack-usage -fcyclomatic-complexity -MMD -MP -MF"Drivers/STM32F4xx_HAL_Driver/Src/stm32f4xx_hal_tim_ex.d" -MT"Drivers/STM32F4xx_HAL_Driver/Src/stm32f4xx_hal_tim_ex.o" --specs=nano.specs -mfpu=fpv4-sp-d16 -mfloat-abi=hard -mthumb -o "Drivers/STM32F4xx_HAL_Driver/Src/stm32f4xx_hal_tim_ex.o"
arm-none-eabi-gcc "../Core/Src/FND_controller.c" -mcpu=cortex-m4 -std=gnu11 -g3 -DDEBUG -DUSE_HAL_DRIVER -DSTM32F446xx -c -I../Core/Inc -I../Drivers/STM32F4xx_HAL_Driver/Inc -I../Drivers/STM32F4xx_HAL_Driver/Inc/Legacy -I../Drivers/CMSIS/Device/ST/STM32F4xx/Include -I../Drivers/CMSIS/Include -I"C:/Study/STM32/OJ_tube/TEMP_sensor/Core/Lib/Inc" -O0 -ffunction-sections -fdata-sections -Wall -fstack-usage -fcyclomatic-complexity -MMD -MP -MF"Core/Src/FND_controller.d" -MT"Core/Src/FND_controller.o" --specs=nano.specs -mfpu=fpv4-sp-d16 -mfloat-abi=hard -mthumb -o "Core/Src/FND_controller.o"
arm-none-eabi-gcc "../Core/Src/main.c" -mcpu=cortex-m4 -std=gnu11 -g3 -DDEBUG -DUSE_HAL_DRIVER -DSTM32F446xx -c -I../Core/Inc -I../Drivers/STM32F4xx_HAL_Driver/Inc -I../Drivers/STM32F4xx_HAL_Driver/Inc/Legacy -I../Drivers/CMSIS/Device/ST/STM32F4xx/Include -I../Drivers/CMSIS/Include -I"C:/Study/STM32/OJ_tube/TEMP_sensor/Core/Lib/Inc" -O0 -ffunction-sections -fdata-sections -Wall -fstack-usage -fcyclomatic-complexity -MMD -MP -MF"Core/Src/main.d" -MT"Core/Src/main.o" --specs=nano.specs -mfpu=fpv4-sp-d16 -mfloat-abi=hard -mthumb -o "Core/Src/main.o"
arm-none-eabi-gcc "../Core/Src/stm32f4xx_hal_msp.c" -mcpu=cortex-m4 -std=gnu11 -g3 -DDEBUG -DUSE_HAL_DRIVER -DSTM32F446xx -c -I../Core/Inc -I../Drivers/STM32F4xx_HAL_Driver/Inc -I../Drivers/STM32F4xx_HAL_Driver/Inc/Legacy -I../Drivers/CMSIS/Device/ST/STM32F4xx/Include -I../Drivers/CMSIS/Include -I"C:/Study/STM32/OJ_tube/TEMP_sensor/Core/Lib/Inc" -O0 -ffunction-sections -fdata-sections -Wall -fstack-usage -fcyclomatic-complexity -MMD -MP -MF"Core/Src/stm32f4xx_hal_msp.d" -MT"Core/Src/stm32f4xx_hal_msp.o" --specs=nano.specs -mfpu=fpv4-sp-d16 -mfloat-abi=hard -mthumb -o "Core/Src/stm32f4xx_hal_msp.o"
arm-none-eabi-gcc "../Core/Src/stm32f4xx_it.c" -mcpu=cortex-m4 -std=gnu11 -g3 -DDEBUG -DUSE_HAL_DRIVER -DSTM32F446xx -c -I../Core/Inc -I../Drivers/STM32F4xx_HAL_Driver/Inc -I../Drivers/STM32F4xx_HAL_Driver/Inc/Legacy -I../Drivers/CMSIS/Device/ST/STM32F4xx/Include -I../Drivers/CMSIS/Include -I"C:/Study/STM32/OJ_tube/TEMP_sensor/Core/Lib/Inc" -O0 -ffunction-sections -fdata-sections -Wall -fstack-usage -fcyclomatic-complexity -MMD -MP -MF"Core/Src/stm32f4xx_it.d" -MT"Core/Src/stm32f4xx_it.o" --specs=nano.specs -mfpu=fpv4-sp-d16 -mfloat-abi=hard -mthumb -o "Core/Src/stm32f4xx_it.o"
arm-none-eabi-gcc "../Core/Src/system_stm32f4xx.c" -mcpu=cortex-m4 -std=gnu11 -g3 -DDEBUG -DUSE_HAL_DRIVER -DSTM32F446xx -c -I../Core/Inc -I../Drivers/STM32F4xx_HAL_Driver/Inc -I../Drivers/STM32F4xx_HAL_Driver/Inc/Legacy -I../Drivers/CMSIS/Device/ST/STM32F4xx/Include -I../Drivers/CMSIS/Include -I"C:/Study/STM32/OJ_tube/TEMP_sensor/Core/Lib/Inc" -O0 -ffunction-sections -fdata-sections -Wall -fstack-usage -fcyclomatic-complexity -MMD -MP -MF"Core/Src/system_stm32f4xx.d" -MT"Core/Src/system_stm32f4xx.o" --specs=nano.specs -mfpu=fpv4-sp-d16 -mfloat-abi=hard -mthumb -o "Core/Src/system_stm32f4xx.o"
arm-none-eabi-gcc "../Core/Lib/Src/ds18b20.c" -mcpu=cortex-m4 -std=gnu11 -g3 -DDEBUG -DUSE_HAL_DRIVER -DSTM32F446xx -c -I../Core/Inc -I../Drivers/STM32F4xx_HAL_Driver/Inc -I../Drivers/STM32F4xx_HAL_Driver/Inc/Legacy -I../Drivers/CMSIS/Device/ST/STM32F4xx/Include -I../Drivers/CMSIS/Include -I"C:/Study/STM32/OJ_tube/TEMP_sensor/Core/Lib/Inc" -O0 -ffunction-sections -fdata-sections -Wall -fstack-usage -fcyclomatic-complexity -MMD -MP -MF"Core/Lib/Src/ds18b20.d" -MT"Core/Lib/Src/ds18b20.o" --specs=nano.specs -mfpu=fpv4-sp-d16 -mfloat-abi=hard -mthumb -o "Core/Lib/Src/ds18b20.o"
arm-none-eabi-gcc "../Core/Lib/Src/onewire.c" -mcpu=cortex-m4 -std=gnu11 -g3 -DDEBUG -DUSE_HAL_DRIVER -DSTM32F446xx -c -I../Core/Inc -I../Drivers/STM32F4xx_HAL_Driver/Inc -I../Drivers/STM32F4xx_HAL_Driver/Inc/Legacy -I../Drivers/CMSIS/Device/ST/STM32F4xx/Include -I../Drivers/CMSIS/Include -I"C:/Study/STM32/OJ_tube/TEMP_sensor/Core/Lib/Inc" -O0 -ffunction-sections -fdata-sections -Wall -fstack-usage -fcyclomatic-complexity -MMD -MP -MF"Core/Lib/Src/onewire.d" -MT"Core/Lib/Src/onewire.o" --specs=nano.specs -mfpu=fpv4-sp-d16 -mfloat-abi=hard -mthumb -o "Core/Lib/Src/onewire.o"
In file included from ../Core/Lib/Src/onewire.c:20:
../Core/Lib/Src/onewire.c: In function 'ONEWIRE_DELAY':
C:/Study/STM32/OJ_tube/TEMP_sensor/Core/Lib/Inc/ds18b20Config.h:20:105: error: 'htim2' undeclared (first use in this function)
   20 | #define _DS18B20_TIMER                                                                                  htim2
      |                                                                                                         ^~~~~
../Core/Lib/Src/onewire.c:25:9: note: in expansion of macro '_DS18B20_TIMER'
   25 |         _DS18B20_TIMER.Instance->CNT = 0;
      |         ^~~~~~~~~~~~~~
C:/Study/STM32/OJ_tube/TEMP_sensor/Core/Lib/Inc/ds18b20Config.h:20:105: note: each undeclared identifier is reported only once for each function it appears in
   20 | #define _DS18B20_TIMER                                                                                  htim2
      |                                                                                                         ^~~~~
../Core/Lib/Src/onewire.c:25:9: note: in expansion of macro '_DS18B20_TIMER'
   25 |         _DS18B20_TIMER.Instance->CNT = 0;
      |         ^~~~~~~~~~~~~~
../Core/Lib/Src/onewire.c: In function 'OneWire_Init':
C:/Study/STM32/OJ_tube/TEMP_sensor/Core/Lib/Inc/ds18b20Config.h:20:105: error: 'htim2' undeclared (first use in this function)
   20 | #define _DS18B20_TIMER                                                                                  htim2
      |                                                                                                         ^~~~~
../Core/Lib/Src/onewire.c:57:29: note: in expansion of macro '_DS18B20_TIMER'
   57 |         HAL_TIM_Base_Start(&_DS18B20_TIMER);
      |                             ^~~~~~~~~~~~~~
make: *** [Core/Lib/Src/subdir.mk:22: Core/Lib/Src/onewire.o] Error 1
make: *** Waiting for unfinished jobs....
"make -j8 all" terminated with exit code 2. Build might be incomplete.
15:10:16 **** Incremental Build of configuration Debug for project first_ ****
make -j8 all 
arm-none-eabi-size  first_.elf 
   text	   data	    bss	    dec	    hex	filename
   8640	     12	   1644	  10296	   2838	first_.elf
Finished building: default.size.stdout
 
15:10:16 **** Incremental Build of configuration Debug for project switch_test ****
make -j8 all 
arm-none-eabi-size  switch_test.elf 
   text	   data	    bss	    dec	    hex	filename
   6380	     12	   1572	   7964	   1f1c	switch_test.elf
Finished building: default.size.stdout
 
15:10:17 **** Incremental Build of configuration Debug for project uart_printf ****
make -j8 all 
arm-none-eabi-size  uart_printf.elf 
   text	   data	    bss	    dec	    hex	filename
  23324	    468	   1988	  25780	   64b4	uart_printf.elf
Finished building: default.size.stdout
 
15:11:58 **** Incremental Build of configuration Debug for project FND_control ****
make -j8 all 
arm-none-eabi-size  FND_control.elf 
   text	   data	    bss	    dec	    hex	filename
   6984	     12	   1604	   8600	   2198	FND_control.elf
Finished building: default.size.stdout
 
15:11:59 **** Incremental Build of configuration Debug for project FND_control_SPI ****
make -j8 all 
arm-none-eabi-size  FND_control_SPI.elf 
   text	   data	    bss	    dec	    hex	filename
   8592	     12	   1692	  10296	   2838	FND_control_SPI.elf
Finished building: default.size.stdout
 
15:11:59 **** Incremental Build of configuration Debug for project FND_control_switch ****
make -j8 all 
arm-none-eabi-size  FND_control_switch.elf 
   text	   data	    bss	    dec	    hex	filename
   7308	     12	   1604	   8924	   22dc	FND_control_switch.elf
Finished building: default.size.stdout
 
15:12:00 **** Incremental Build of configuration Debug for project GPIO_HAL_X ****
make -j8 all 
arm-none-eabi-size  GPIO_HAL_X.elf 
   text	   data	    bss	    dec	    hex	filename
   6468	     12	   1572	   8052	   1f74	GPIO_HAL_X.elf
Finished building: default.size.stdout
 
15:12:00 **** Incremental Build of configuration Debug for project Hello_GPIO ****
make -j8 all 
arm-none-eabi-size  Hello_GPIO.elf 
   text	   data	    bss	    dec	    hex	filename
   6464	     12	   1572	   8048	   1f70	Hello_GPIO.elf
Finished building: default.size.stdout
 
15:12:01 **** Incremental Build of configuration Debug for project LED_control ****
make -j8 all 
arm-none-eabi-size  LED_control.elf 
   text	   data	    bss	    dec	    hex	filename
   6404	     12	   1572	   7988	   1f34	LED_control.elf
Finished building: default.size.stdout
 
15:12:01 **** Incremental Build of configuration Debug for project LED_control_switch ****
make -j8 all 
arm-none-eabi-size  LED_control_switch.elf 
   text	   data	    bss	    dec	    hex	filename
   6416	     12	   1572	   8000	   1f40	LED_control_switch.elf
Finished building: default.size.stdout
 
15:12:02 **** Incremental Build of configuration Debug for project TEMP_sensor ****
make -j8 all 
arm-none-eabi-gcc "../Core/Lib/Src/ds18b20.c" -mcpu=cortex-m4 -std=gnu11 -g3 -DDEBUG -DUSE_HAL_DRIVER -DSTM32F446xx -c -I../Core/Inc -I../Drivers/STM32F4xx_HAL_Driver/Inc -I../Drivers/STM32F4xx_HAL_Driver/Inc/Legacy -I../Drivers/CMSIS/Device/ST/STM32F4xx/Include -I../Drivers/CMSIS/Include -I"C:/Study/STM32/OJ_tube/TEMP_sensor/Core/Lib/Inc" -O0 -ffunction-sections -fdata-sections -Wall -fstack-usage -fcyclomatic-complexity -MMD -MP -MF"Core/Lib/Src/ds18b20.d" -MT"Core/Lib/Src/ds18b20.o" --specs=nano.specs -mfpu=fpv4-sp-d16 -mfloat-abi=hard -mthumb -o "Core/Lib/Src/ds18b20.o"
arm-none-eabi-gcc "../Core/Lib/Src/onewire.c" -mcpu=cortex-m4 -std=gnu11 -g3 -DDEBUG -DUSE_HAL_DRIVER -DSTM32F446xx -c -I../Core/Inc -I../Drivers/STM32F4xx_HAL_Driver/Inc -I../Drivers/STM32F4xx_HAL_Driver/Inc/Legacy -I../Drivers/CMSIS/Device/ST/STM32F4xx/Include -I../Drivers/CMSIS/Include -I"C:/Study/STM32/OJ_tube/TEMP_sensor/Core/Lib/Inc" -O0 -ffunction-sections -fdata-sections -Wall -fstack-usage -fcyclomatic-complexity -MMD -MP -MF"Core/Lib/Src/onewire.d" -MT"Core/Lib/Src/onewire.o" --specs=nano.specs -mfpu=fpv4-sp-d16 -mfloat-abi=hard -mthumb -o "Core/Lib/Src/onewire.o"
arm-none-eabi-gcc -o "TEMP_sensor.elf" @"objects.list"   -mcpu=cortex-m4 -T"C:\Study\STM32\OJ_tube\TEMP_sensor\STM32F446RETX_FLASH.ld" --specs=nosys.specs -Wl,-Map="TEMP_sensor.map" -Wl,--gc-sections -static --specs=nano.specs -mfpu=fpv4-sp-d16 -mfloat-abi=hard -mthumb -Wl,--start-group -lc -lm -Wl,--end-group
Finished building target: TEMP_sensor.elf
 
arm-none-eabi-size  TEMP_sensor.elf 
arm-none-eabi-objdump -h -S TEMP_sensor.elf  > "TEMP_sensor.list"
   text	   data	    bss	    dec	    hex	filename
   9448	     12	   1764	  11224	   2bd8	TEMP_sensor.elf
Finished building: default.size.stdout
 
Finished building: TEMP_sensor.list
 
15:12:07 **** Incremental Build of configuration Debug for project first_ ****
make -j8 all 
arm-none-eabi-size  first_.elf 
   text	   data	    bss	    dec	    hex	filename
   8640	     12	   1644	  10296	   2838	first_.elf
Finished building: default.size.stdout
 
15:12:08 **** Incremental Build of configuration Debug for project switch_test ****
make -j8 all 
arm-none-eabi-size  switch_test.elf 
   text	   data	    bss	    dec	    hex	filename
   6380	     12	   1572	   7964	   1f1c	switch_test.elf
Finished building: default.size.stdout
 
15:12:08 **** Incremental Build of configuration Debug for project uart_printf ****
make -j8 all 
arm-none-eabi-size  uart_printf.elf 
   text	   data	    bss	    dec	    hex	filename
  23324	    468	   1988	  25780	   64b4	uart_printf.elf
Finished building: default.size.stdout
 
15:12:36 **** Incremental Build of configuration Debug for project TEMP_sensor ****
make -j8 all 
arm-none-eabi-size  TEMP_sensor.elf 
   text	   data	    bss	    dec	    hex	filename
   9448	     12	   1764	  11224	   2bd8	TEMP_sensor.elf
Finished building: default.size.stdout
 
15:25:44 **** Incremental Build of configuration Debug for project TEMP_sensor ****
make -j8 all 
arm-none-eabi-gcc "../Core/Src/main.c" -mcpu=cortex-m4 -std=gnu11 -g3 -DDEBUG -DUSE_HAL_DRIVER -DSTM32F446xx -c -I../Core/Inc -I../Drivers/STM32F4xx_HAL_Driver/Inc -I../Drivers/STM32F4xx_HAL_Driver/Inc/Legacy -I../Drivers/CMSIS/Device/ST/STM32F4xx/Include -I../Drivers/CMSIS/Include -I"C:/Study/STM32/OJ_tube/TEMP_sensor/Core/Lib/Inc" -O0 -ffunction-sections -fdata-sections -Wall -fstack-usage -fcyclomatic-complexity -MMD -MP -MF"Core/Src/main.d" -MT"Core/Src/main.o" --specs=nano.specs -mfpu=fpv4-sp-d16 -mfloat-abi=hard -mthumb -o "Core/Src/main.o"
arm-none-eabi-gcc "../Core/Src/stm32f4xx_it.c" -mcpu=cortex-m4 -std=gnu11 -g3 -DDEBUG -DUSE_HAL_DRIVER -DSTM32F446xx -c -I../Core/Inc -I../Drivers/STM32F4xx_HAL_Driver/Inc -I../Drivers/STM32F4xx_HAL_Driver/Inc/Legacy -I../Drivers/CMSIS/Device/ST/STM32F4xx/Include -I../Drivers/CMSIS/Include -I"C:/Study/STM32/OJ_tube/TEMP_sensor/Core/Lib/Inc" -O0 -ffunction-sections -fdata-sections -Wall -fstack-usage -fcyclomatic-complexity -MMD -MP -MF"Core/Src/stm32f4xx_it.d" -MT"Core/Src/stm32f4xx_it.o" --specs=nano.specs -mfpu=fpv4-sp-d16 -mfloat-abi=hard -mthumb -o "Core/Src/stm32f4xx_it.o"
../Core/Src/main.c: In function 'main':
../Core/Src/main.c:102:3: error: too few arguments to function 'init_FND'
  102 |   init_FND();
      |   ^~~~~~~~
In file included from ../Core/Src/main.c:24:
../Core/Src/FND_controller.h:15:6: note: declared here
   15 | void init_FND(SPI_HandleTypeDef * hspi);
      |      ^~~~~~~~
make: *** [Core/Src/subdir.mk:37: Core/Src/main.o] Error 1
make: *** Waiting for unfinished jobs....
"make -j8 all" terminated with exit code 2. Build might be incomplete.
15:26:33 **** Incremental Build of configuration Debug for project TEMP_sensor ****
make -j8 all 
arm-none-eabi-gcc "../Core/Src/main.c" -mcpu=cortex-m4 -std=gnu11 -g3 -DDEBUG -DUSE_HAL_DRIVER -DSTM32F446xx -c -I../Core/Inc -I../Drivers/STM32F4xx_HAL_Driver/Inc -I../Drivers/STM32F4xx_HAL_Driver/Inc/Legacy -I../Drivers/CMSIS/Device/ST/STM32F4xx/Include -I../Drivers/CMSIS/Include -I"C:/Study/STM32/OJ_tube/TEMP_sensor/Core/Lib/Inc" -O0 -ffunction-sections -fdata-sections -Wall -fstack-usage -fcyclomatic-complexity -MMD -MP -MF"Core/Src/main.d" -MT"Core/Src/main.o" --specs=nano.specs -mfpu=fpv4-sp-d16 -mfloat-abi=hard -mthumb -o "Core/Src/main.o"
arm-none-eabi-gcc -o "TEMP_sensor.elf" @"objects.list"   -mcpu=cortex-m4 -T"C:\Study\STM32\OJ_tube\TEMP_sensor\STM32F446RETX_FLASH.ld" --specs=nosys.specs -Wl,-Map="TEMP_sensor.map" -Wl,--gc-sections -static --specs=nano.specs -mfpu=fpv4-sp-d16 -mfloat-abi=hard -mthumb -Wl,--start-group -lc -lm -Wl,--end-group
Finished building target: TEMP_sensor.elf
 
arm-none-eabi-size  TEMP_sensor.elf 
arm-none-eabi-objdump -h -S TEMP_sensor.elf  > "TEMP_sensor.list"
   text	   data	    bss	    dec	    hex	filename
   9704	     12	   1772	  11488	   2ce0	TEMP_sensor.elf
Finished building: default.size.stdout
 
Finished building: TEMP_sensor.list
 
15:32:02 **** Incremental Build of configuration Debug for project TEMP_sensor ****
make -j8 all 
arm-none-eabi-gcc "../Core/Src/main.c" -mcpu=cortex-m4 -std=gnu11 -g3 -DDEBUG -DUSE_HAL_DRIVER -DSTM32F446xx -c -I../Core/Inc -I../Drivers/STM32F4xx_HAL_Driver/Inc -I../Drivers/STM32F4xx_HAL_Driver/Inc/Legacy -I../Drivers/CMSIS/Device/ST/STM32F4xx/Include -I../Drivers/CMSIS/Include -I"C:/Study/STM32/OJ_tube/TEMP_sensor/Core/Lib/Inc" -O0 -ffunction-sections -fdata-sections -Wall -fstack-usage -fcyclomatic-complexity -MMD -MP -MF"Core/Src/main.d" -MT"Core/Src/main.o" --specs=nano.specs -mfpu=fpv4-sp-d16 -mfloat-abi=hard -mthumb -o "Core/Src/main.o"
arm-none-eabi-gcc -o "TEMP_sensor.elf" @"objects.list"   -mcpu=cortex-m4 -T"C:\Study\STM32\OJ_tube\TEMP_sensor\STM32F446RETX_FLASH.ld" --specs=nosys.specs -Wl,-Map="TEMP_sensor.map" -Wl,--gc-sections -static --specs=nano.specs -mfpu=fpv4-sp-d16 -mfloat-abi=hard -mthumb -Wl,--start-group -lc -lm -Wl,--end-group
Finished building target: TEMP_sensor.elf
 
arm-none-eabi-size  TEMP_sensor.elf 
arm-none-eabi-objdump -h -S TEMP_sensor.elf  > "TEMP_sensor.list"
   text	   data	    bss	    dec	    hex	filename
  11208	     12	   1772	  12992	   32c0	TEMP_sensor.elf
Finished building: default.size.stdout
 
Finished building: TEMP_sensor.list
 
15:59:04 **** Incremental Build of configuration Debug for project TEMP_sensor ****
make -j8 all 
arm-none-eabi-gcc "../Core/Src/main.c" -mcpu=cortex-m4 -std=gnu11 -g3 -DDEBUG -DUSE_HAL_DRIVER -DSTM32F446xx -c -I../Core/Inc -I../Drivers/STM32F4xx_HAL_Driver/Inc -I../Drivers/STM32F4xx_HAL_Driver/Inc/Legacy -I../Drivers/CMSIS/Device/ST/STM32F4xx/Include -I../Drivers/CMSIS/Include -I"C:/Study/STM32/OJ_tube/TEMP_sensor/Core/Lib/Inc" -O0 -ffunction-sections -fdata-sections -Wall -fstack-usage -fcyclomatic-complexity -MMD -MP -MF"Core/Src/main.d" -MT"Core/Src/main.o" --specs=nano.specs -mfpu=fpv4-sp-d16 -mfloat-abi=hard -mthumb -o "Core/Src/main.o"
arm-none-eabi-gcc -o "TEMP_sensor.elf" @"objects.list"   -mcpu=cortex-m4 -T"C:\Study\STM32\OJ_tube\TEMP_sensor\STM32F446RETX_FLASH.ld" --specs=nosys.specs -Wl,-Map="TEMP_sensor.map" -Wl,--gc-sections -static --specs=nano.specs -mfpu=fpv4-sp-d16 -mfloat-abi=hard -mthumb -Wl,--start-group -lc -lm -Wl,--end-group
Finished building target: TEMP_sensor.elf
 
arm-none-eabi-size  TEMP_sensor.elf 
arm-none-eabi-objdump -h -S TEMP_sensor.elf  > "TEMP_sensor.list"
   text	   data	    bss	    dec	    hex	filename
   9704	     12	   1772	  11488	   2ce0	TEMP_sensor.elf
Finished building: default.size.stdout
 
Finished building: TEMP_sensor.list
 
16:05:26 **** Incremental Build of configuration Debug for project TEMP_sensor ****
make -j8 all 
arm-none-eabi-gcc "../Core/Src/main.c" -mcpu=cortex-m4 -std=gnu11 -g3 -DDEBUG -DUSE_HAL_DRIVER -DSTM32F446xx -c -I../Core/Inc -I../Drivers/STM32F4xx_HAL_Driver/Inc -I../Drivers/STM32F4xx_HAL_Driver/Inc/Legacy -I../Drivers/CMSIS/Device/ST/STM32F4xx/Include -I../Drivers/CMSIS/Include -I"C:/Study/STM32/OJ_tube/TEMP_sensor/Core/Lib/Inc" -O0 -ffunction-sections -fdata-sections -Wall -fstack-usage -fcyclomatic-complexity -MMD -MP -MF"Core/Src/main.d" -MT"Core/Src/main.o" --specs=nano.specs -mfpu=fpv4-sp-d16 -mfloat-abi=hard -mthumb -o "Core/Src/main.o"
arm-none-eabi-gcc -o "TEMP_sensor.elf" @"objects.list"   -mcpu=cortex-m4 -T"C:\Study\STM32\OJ_tube\TEMP_sensor\STM32F446RETX_FLASH.ld" --specs=nosys.specs -Wl,-Map="TEMP_sensor.map" -Wl,--gc-sections -static --specs=nano.specs -mfpu=fpv4-sp-d16 -mfloat-abi=hard -mthumb -Wl,--start-group -lc -lm -Wl,--end-group
Finished building target: TEMP_sensor.elf
 
arm-none-eabi-size  TEMP_sensor.elf 
arm-none-eabi-objdump -h -S TEMP_sensor.elf  > "TEMP_sensor.list"
   text	   data	    bss	    dec	    hex	filename
   9700	     12	   1772	  11484	   2cdc	TEMP_sensor.elf
Finished building: default.size.stdout
 
Finished building: TEMP_sensor.list
 
16:30:42 **** Incremental Build of configuration Debug for project TEMP_sensor ****
make -j8 all 
arm-none-eabi-gcc "../Core/Src/main.c" -mcpu=cortex-m4 -std=gnu11 -g3 -DDEBUG -DUSE_HAL_DRIVER -DSTM32F446xx -c -I../Core/Inc -I../Drivers/STM32F4xx_HAL_Driver/Inc -I../Drivers/STM32F4xx_HAL_Driver/Inc/Legacy -I../Drivers/CMSIS/Device/ST/STM32F4xx/Include -I../Drivers/CMSIS/Include -I"C:/Study/STM32/OJ_tube/TEMP_sensor/Core/Lib/Inc" -O0 -ffunction-sections -fdata-sections -Wall -fstack-usage -fcyclomatic-complexity -MMD -MP -MF"Core/Src/main.d" -MT"Core/Src/main.o" --specs=nano.specs -mfpu=fpv4-sp-d16 -mfloat-abi=hard -mthumb -o "Core/Src/main.o"
../Core/Src/main.c: In function 'main':
../Core/Src/main.c:104:3: warning: implicit declaration of function 'Ds18b20_Init' [-Wimplicit-function-declaration]
  104 |   Ds18b20_Init();
      |   ^~~~~~~~~~~~
arm-none-eabi-gcc -o "TEMP_sensor.elf" @"objects.list"   -mcpu=cortex-m4 -T"C:\Study\STM32\OJ_tube\TEMP_sensor\STM32F446RETX_FLASH.ld" --specs=nosys.specs -Wl,-Map="TEMP_sensor.map" -Wl,--gc-sections -static --specs=nano.specs -mfpu=fpv4-sp-d16 -mfloat-abi=hard -mthumb -Wl,--start-group -lc -lm -Wl,--end-group
Finished building target: TEMP_sensor.elf
 
arm-none-eabi-size  TEMP_sensor.elf 
arm-none-eabi-objdump -h -S TEMP_sensor.elf  > "TEMP_sensor.list"
   text	   data	    bss	    dec	    hex	filename
  12092	     12	   1812	  13916	   365c	TEMP_sensor.elf
Finished building: default.size.stdout
 
Finished building: TEMP_sensor.list
 
16:37:49 **** Incremental Build of configuration Debug for project TEMP_sensor ****
make -j8 all 
arm-none-eabi-gcc "../Core/Src/main.c" -mcpu=cortex-m4 -std=gnu11 -g3 -DDEBUG -DUSE_HAL_DRIVER -DSTM32F446xx -c -I../Core/Inc -I../Drivers/STM32F4xx_HAL_Driver/Inc -I../Drivers/STM32F4xx_HAL_Driver/Inc/Legacy -I../Drivers/CMSIS/Device/ST/STM32F4xx/Include -I../Drivers/CMSIS/Include -I"C:/Study/STM32/OJ_tube/TEMP_sensor/Core/Lib/Inc" -O0 -ffunction-sections -fdata-sections -Wall -fstack-usage -fcyclomatic-complexity -MMD -MP -MF"Core/Src/main.d" -MT"Core/Src/main.o" --specs=nano.specs -mfpu=fpv4-sp-d16 -mfloat-abi=hard -mthumb -o "Core/Src/main.o"
../Core/Src/main.c: In function 'main':
../Core/Src/main.c:105:3: warning: implicit declaration of function 'Ds18b20_Init' [-Wimplicit-function-declaration]
  105 |   Ds18b20_Init();
      |   ^~~~~~~~~~~~
arm-none-eabi-gcc -o "TEMP_sensor.elf" @"objects.list"   -mcpu=cortex-m4 -T"C:\Study\STM32\OJ_tube\TEMP_sensor\STM32F446RETX_FLASH.ld" --specs=nosys.specs -Wl,-Map="TEMP_sensor.map" -Wl,--gc-sections -static --specs=nano.specs -mfpu=fpv4-sp-d16 -mfloat-abi=hard -mthumb -Wl,--start-group -lc -lm -Wl,--end-group
Finished building target: TEMP_sensor.elf
 
arm-none-eabi-size  TEMP_sensor.elf 
arm-none-eabi-objdump -h -S TEMP_sensor.elf  > "TEMP_sensor.list"
   text	   data	    bss	    dec	    hex	filename
  12092	     12	   1812	  13916	   365c	TEMP_sensor.elf
Finished building: default.size.stdout
 
Finished building: TEMP_sensor.list
 
16:39:30 **** Incremental Build of configuration Debug for project TEMP_sensor ****
make -j8 all 
arm-none-eabi-gcc "../Core/Src/main.c" -mcpu=cortex-m4 -std=gnu11 -g3 -DDEBUG -DUSE_HAL_DRIVER -DSTM32F446xx -c -I../Core/Inc -I../Drivers/STM32F4xx_HAL_Driver/Inc -I../Drivers/STM32F4xx_HAL_Driver/Inc/Legacy -I../Drivers/CMSIS/Device/ST/STM32F4xx/Include -I../Drivers/CMSIS/Include -I"C:/Study/STM32/OJ_tube/TEMP_sensor/Core/Lib/Inc" -O0 -ffunction-sections -fdata-sections -Wall -fstack-usage -fcyclomatic-complexity -MMD -MP -MF"Core/Src/main.d" -MT"Core/Src/main.o" --specs=nano.specs -mfpu=fpv4-sp-d16 -mfloat-abi=hard -mthumb -o "Core/Src/main.o"
../Core/Src/main.c: In function 'main':
../Core/Src/main.c:105:3: warning: implicit declaration of function 'Ds18b20_Init' [-Wimplicit-function-declaration]
  105 |   Ds18b20_Init();
      |   ^~~~~~~~~~~~
arm-none-eabi-gcc -o "TEMP_sensor.elf" @"objects.list"   -mcpu=cortex-m4 -T"C:\Study\STM32\OJ_tube\TEMP_sensor\STM32F446RETX_FLASH.ld" --specs=nosys.specs -Wl,-Map="TEMP_sensor.map" -Wl,--gc-sections -static --specs=nano.specs -mfpu=fpv4-sp-d16 -mfloat-abi=hard -mthumb -Wl,--start-group -lc -lm -Wl,--end-group
Finished building target: TEMP_sensor.elf
 
arm-none-eabi-size  TEMP_sensor.elf 
arm-none-eabi-objdump -h -S TEMP_sensor.elf  > "TEMP_sensor.list"
   text	   data	    bss	    dec	    hex	filename
  13644	     12	   1812	  15468	   3c6c	TEMP_sensor.elf
Finished building: default.size.stdout
 
Finished building: TEMP_sensor.list
 
16:41:03 **** Incremental Build of configuration Debug for project TEMP_sensor ****
make -j8 all 
arm-none-eabi-gcc "../Core/Src/main.c" -mcpu=cortex-m4 -std=gnu11 -g3 -DDEBUG -DUSE_HAL_DRIVER -DSTM32F446xx -c -I../Core/Inc -I../Drivers/STM32F4xx_HAL_Driver/Inc -I../Drivers/STM32F4xx_HAL_Driver/Inc/Legacy -I../Drivers/CMSIS/Device/ST/STM32F4xx/Include -I../Drivers/CMSIS/Include -I"C:/Study/STM32/OJ_tube/TEMP_sensor/Core/Lib/Inc" -O0 -ffunction-sections -fdata-sections -Wall -fstack-usage -fcyclomatic-complexity -MMD -MP -MF"Core/Src/main.d" -MT"Core/Src/main.o" --specs=nano.specs -mfpu=fpv4-sp-d16 -mfloat-abi=hard -mthumb -o "Core/Src/main.o"
../Core/Src/main.c: In function 'main':
../Core/Src/main.c:105:3: warning: implicit declaration of function 'Ds18b20_Init' [-Wimplicit-function-declaration]
  105 |   Ds18b20_Init();
      |   ^~~~~~~~~~~~
arm-none-eabi-gcc -o "TEMP_sensor.elf" @"objects.list"   -mcpu=cortex-m4 -T"C:\Study\STM32\OJ_tube\TEMP_sensor\STM32F446RETX_FLASH.ld" --specs=nosys.specs -Wl,-Map="TEMP_sensor.map" -Wl,--gc-sections -static --specs=nano.specs -mfpu=fpv4-sp-d16 -mfloat-abi=hard -mthumb -Wl,--start-group -lc -lm -Wl,--end-group
Finished building target: TEMP_sensor.elf
 
arm-none-eabi-size  TEMP_sensor.elf 
arm-none-eabi-objdump -h -S TEMP_sensor.elf  > "TEMP_sensor.list"
   text	   data	    bss	    dec	    hex	filename
  13596	     12	   1812	  15420	   3c3c	TEMP_sensor.elf
Finished building: default.size.stdout
 
Finished building: TEMP_sensor.list
 
16:45:38 **** Incremental Build of configuration Debug for project TEMP_sensor ****
make -j8 all 
arm-none-eabi-size  TEMP_sensor.elf 
   text	   data	    bss	    dec	    hex	filename
  13596	     12	   1812	  15420	   3c3c	TEMP_sensor.elf
Finished building: default.size.stdout
 
16:47:01 **** Incremental Build of configuration Debug for project TEMP_sensor ****
make -j8 all 
arm-none-eabi-size  TEMP_sensor.elf 
   text	   data	    bss	    dec	    hex	filename
  13596	     12	   1812	  15420	   3c3c	TEMP_sensor.elf
Finished building: default.size.stdout
 
16:47:18 **** Incremental Build of configuration Debug for project TEMP_sensor ****
make -j8 all 
arm-none-eabi-size  TEMP_sensor.elf 
   text	   data	    bss	    dec	    hex	filename
  13596	     12	   1812	  15420	   3c3c	TEMP_sensor.elf
Finished building: default.size.stdout
 
16:49:08 **** Incremental Build of configuration Debug for project TEMP_sensor ****
make -j8 all 
arm-none-eabi-gcc "../Core/Src/main.c" -mcpu=cortex-m4 -std=gnu11 -g3 -DDEBUG -DUSE_HAL_DRIVER -DSTM32F446xx -c -I../Core/Inc -I../Drivers/STM32F4xx_HAL_Driver/Inc -I../Drivers/STM32F4xx_HAL_Driver/Inc/Legacy -I../Drivers/CMSIS/Device/ST/STM32F4xx/Include -I../Drivers/CMSIS/Include -I"C:/Study/STM32/OJ_tube/TEMP_sensor/Core/Lib/Inc" -O0 -ffunction-sections -fdata-sections -Wall -fstack-usage -fcyclomatic-complexity -MMD -MP -MF"Core/Src/main.d" -MT"Core/Src/main.o" --specs=nano.specs -mfpu=fpv4-sp-d16 -mfloat-abi=hard -mthumb -o "Core/Src/main.o"
../Core/Src/main.c: In function 'main':
../Core/Src/main.c:105:3: warning: implicit declaration of function 'Ds18b20_Init' [-Wimplicit-function-declaration]
  105 |   Ds18b20_Init();
      |   ^~~~~~~~~~~~
arm-none-eabi-gcc -o "TEMP_sensor.elf" @"objects.list"   -mcpu=cortex-m4 -T"C:\Study\STM32\OJ_tube\TEMP_sensor\STM32F446RETX_FLASH.ld" --specs=nosys.specs -Wl,-Map="TEMP_sensor.map" -Wl,--gc-sections -static --specs=nano.specs -mfpu=fpv4-sp-d16 -mfloat-abi=hard -mthumb -Wl,--start-group -lc -lm -Wl,--end-group
Finished building target: TEMP_sensor.elf
 
arm-none-eabi-size  TEMP_sensor.elf 
arm-none-eabi-objdump -h -S TEMP_sensor.elf  > "TEMP_sensor.list"
   text	   data	    bss	    dec	    hex	filename
  13596	     12	   1812	  15420	   3c3c	TEMP_sensor.elf
Finished building: default.size.stdout
 
Finished building: TEMP_sensor.list
 
16:50:55 **** Incremental Build of configuration Debug for project TEMP_sensor ****
make -j8 all 
arm-none-eabi-gcc "../Core/Src/main.c" -mcpu=cortex-m4 -std=gnu11 -g3 -DDEBUG -DUSE_HAL_DRIVER -DSTM32F446xx -c -I../Core/Inc -I../Drivers/STM32F4xx_HAL_Driver/Inc -I../Drivers/STM32F4xx_HAL_Driver/Inc/Legacy -I../Drivers/CMSIS/Device/ST/STM32F4xx/Include -I../Drivers/CMSIS/Include -I"C:/Study/STM32/OJ_tube/TEMP_sensor/Core/Lib/Inc" -O0 -ffunction-sections -fdata-sections -Wall -fstack-usage -fcyclomatic-complexity -MMD -MP -MF"Core/Src/main.d" -MT"Core/Src/main.o" --specs=nano.specs -mfpu=fpv4-sp-d16 -mfloat-abi=hard -mthumb -o "Core/Src/main.o"
../Core/Src/main.c:25:10: fatal error: ds16b20.h: No such file or directory
   25 | #include "ds16b20.h"
      |          ^~~~~~~~~~~
compilation terminated.
make: *** [Core/Src/subdir.mk:37: Core/Src/main.o] Error 1
"make -j8 all" terminated with exit code 2. Build might be incomplete.
16:51:10 **** Incremental Build of configuration Debug for project TEMP_sensor ****
make -j8 all 
arm-none-eabi-gcc "../Core/Src/main.c" -mcpu=cortex-m4 -std=gnu11 -g3 -DDEBUG -DUSE_HAL_DRIVER -DSTM32F446xx -c -I../Core/Inc -I../Drivers/STM32F4xx_HAL_Driver/Inc -I../Drivers/STM32F4xx_HAL_Driver/Inc/Legacy -I../Drivers/CMSIS/Device/ST/STM32F4xx/Include -I../Drivers/CMSIS/Include -I"C:/Study/STM32/OJ_tube/TEMP_sensor/Core/Lib/Inc" -O0 -ffunction-sections -fdata-sections -Wall -fstack-usage -fcyclomatic-complexity -MMD -MP -MF"Core/Src/main.d" -MT"Core/Src/main.o" --specs=nano.specs -mfpu=fpv4-sp-d16 -mfloat-abi=hard -mthumb -o "Core/Src/main.o"
arm-none-eabi-gcc -o "TEMP_sensor.elf" @"objects.list"   -mcpu=cortex-m4 -T"C:\Study\STM32\OJ_tube\TEMP_sensor\STM32F446RETX_FLASH.ld" --specs=nosys.specs -Wl,-Map="TEMP_sensor.map" -Wl,--gc-sections -static --specs=nano.specs -mfpu=fpv4-sp-d16 -mfloat-abi=hard -mthumb -Wl,--start-group -lc -lm -Wl,--end-group
Finished building target: TEMP_sensor.elf
 
arm-none-eabi-size  TEMP_sensor.elf 
arm-none-eabi-objdump -h -S TEMP_sensor.elf  > "TEMP_sensor.list"
   text	   data	    bss	    dec	    hex	filename
  13596	     12	   1812	  15420	   3c3c	TEMP_sensor.elf
Finished building: default.size.stdout
 
Finished building: TEMP_sensor.list
 
17:39:51 **** Incremental Build of configuration Debug for project TEMP_sensor ****
make -j8 all 
arm-none-eabi-gcc "../Core/Src/main.c" -mcpu=cortex-m4 -std=gnu11 -g3 -DDEBUG -DUSE_HAL_DRIVER -DSTM32F446xx -c -I../Core/Inc -I../Drivers/STM32F4xx_HAL_Driver/Inc -I../Drivers/STM32F4xx_HAL_Driver/Inc/Legacy -I../Drivers/CMSIS/Device/ST/STM32F4xx/Include -I../Drivers/CMSIS/Include -I"C:/Study/STM32/OJ_tube/TEMP_sensor/Core/Lib/Inc" -O0 -ffunction-sections -fdata-sections -Wall -fstack-usage -fcyclomatic-complexity -MMD -MP -MF"Core/Src/main.d" -MT"Core/Src/main.o" --specs=nano.specs -mfpu=fpv4-sp-d16 -mfloat-abi=hard -mthumb -o "Core/Src/main.o"
arm-none-eabi-gcc -o "TEMP_sensor.elf" @"objects.list"   -mcpu=cortex-m4 -T"C:\Study\STM32\OJ_tube\TEMP_sensor\STM32F446RETX_FLASH.ld" --specs=nosys.specs -Wl,-Map="TEMP_sensor.map" -Wl,--gc-sections -static --specs=nano.specs -mfpu=fpv4-sp-d16 -mfloat-abi=hard -mthumb -Wl,--start-group -lc -lm -Wl,--end-group
Finished building target: TEMP_sensor.elf
 
arm-none-eabi-size  TEMP_sensor.elf 
arm-none-eabi-objdump -h -S TEMP_sensor.elf  > "TEMP_sensor.list"
   text	   data	    bss	    dec	    hex	filename
  13596	     12	   1812	  15420	   3c3c	TEMP_sensor.elf
Finished building: default.size.stdout
 
Finished building: TEMP_sensor.list
 
17:44:10 **** Incremental Build of configuration Debug for project TEMP_sensor ****
make -j8 all 
arm-none-eabi-size  TEMP_sensor.elf 
   text	   data	    bss	    dec	    hex	filename
  13596	     12	   1812	  15420	   3c3c	TEMP_sensor.elf
Finished building: default.size.stdout
 
17:48:48 **** Incremental Build of configuration Debug for project TEMP_sensor ****
make -j8 all 
arm-none-eabi-size  TEMP_sensor.elf 
   text	   data	    bss	    dec	    hex	filename
  13596	     12	   1812	  15420	   3c3c	TEMP_sensor.elf
Finished building: default.size.stdout
 
18:02:57 **** Incremental Build of configuration Debug for project TEMP_sensor ****
make -j8 all 
arm-none-eabi-gcc "../Core/Src/main.c" -mcpu=cortex-m4 -std=gnu11 -g3 -DDEBUG -DUSE_HAL_DRIVER -DSTM32F446xx -c -I../Core/Inc -I../Drivers/STM32F4xx_HAL_Driver/Inc -I../Drivers/STM32F4xx_HAL_Driver/Inc/Legacy -I../Drivers/CMSIS/Device/ST/STM32F4xx/Include -I../Drivers/CMSIS/Include -I"C:/Study/STM32/OJ_tube/TEMP_sensor/Core/Lib/Inc" -O0 -ffunction-sections -fdata-sections -Wall -fstack-usage -fcyclomatic-complexity -MMD -MP -MF"Core/Src/main.d" -MT"Core/Src/main.o" --specs=nano.specs -mfpu=fpv4-sp-d16 -mfloat-abi=hard -mthumb -o "Core/Src/main.o"
arm-none-eabi-gcc -o "TEMP_sensor.elf" @"objects.list"   -mcpu=cortex-m4 -T"C:\Study\STM32\OJ_tube\TEMP_sensor\STM32F446RETX_FLASH.ld" --specs=nosys.specs -Wl,-Map="TEMP_sensor.map" -Wl,--gc-sections -static --specs=nano.specs -mfpu=fpv4-sp-d16 -mfloat-abi=hard -mthumb -Wl,--start-group -lc -lm -Wl,--end-group
Finished building target: TEMP_sensor.elf
 
arm-none-eabi-size  TEMP_sensor.elf 
arm-none-eabi-objdump -h -S TEMP_sensor.elf  > "TEMP_sensor.list"
   text	   data	    bss	    dec	    hex	filename
  13620	     12	   1812	  15444	   3c54	TEMP_sensor.elf
Finished building: default.size.stdout
 
Finished building: TEMP_sensor.list
 
18:08:24 **** Incremental Build of configuration Debug for project TEMP_sensor ****
make -j8 all 
arm-none-eabi-size  TEMP_sensor.elf 
   text	   data	    bss	    dec	    hex	filename
  13620	     12	   1812	  15444	   3c54	TEMP_sensor.elf
Finished building: default.size.stdout
 
18:09:55 **** Incremental Build of configuration Debug for project FND_control ****
make -j8 all 
arm-none-eabi-size  FND_control.elf 
   text	   data	    bss	    dec	    hex	filename
   6984	     12	   1604	   8600	   2198	FND_control.elf
Finished building: default.size.stdout
 
18:09:56 **** Incremental Build of configuration Debug for project FND_control_SPI ****
make -j8 all 
arm-none-eabi-size  FND_control_SPI.elf 
   text	   data	    bss	    dec	    hex	filename
   8592	     12	   1692	  10296	   2838	FND_control_SPI.elf
Finished building: default.size.stdout
 
18:09:56 **** Incremental Build of configuration Debug for project FND_control_switch ****
make -j8 all 
arm-none-eabi-size  FND_control_switch.elf 
   text	   data	    bss	    dec	    hex	filename
   7308	     12	   1604	   8924	   22dc	FND_control_switch.elf
Finished building: default.size.stdout
 
18:09:57 **** Incremental Build of configuration Debug for project GPIO_HAL_X ****
make -j8 all 
arm-none-eabi-size  GPIO_HAL_X.elf 
   text	   data	    bss	    dec	    hex	filename
   6468	     12	   1572	   8052	   1f74	GPIO_HAL_X.elf
Finished building: default.size.stdout
 
18:09:57 **** Incremental Build of configuration Debug for project Hello_GPIO ****
make -j8 all 
arm-none-eabi-size  Hello_GPIO.elf 
   text	   data	    bss	    dec	    hex	filename
   6464	     12	   1572	   8048	   1f70	Hello_GPIO.elf
Finished building: default.size.stdout
 
18:09:57 **** Incremental Build of configuration Debug for project LED_control ****
make -j8 all 
arm-none-eabi-size  LED_control.elf 
   text	   data	    bss	    dec	    hex	filename
   6404	     12	   1572	   7988	   1f34	LED_control.elf
Finished building: default.size.stdout
 
18:09:58 **** Incremental Build of configuration Debug for project LED_control_switch ****
make -j8 all 
arm-none-eabi-size  LED_control_switch.elf 
   text	   data	    bss	    dec	    hex	filename
   6416	     12	   1572	   8000	   1f40	LED_control_switch.elf
Finished building: default.size.stdout
 
18:09:58 **** Incremental Build of configuration Debug for project TEMP_sensor ****
make -j8 all 
arm-none-eabi-gcc "../Core/Src/main.c" -mcpu=cortex-m4 -std=gnu11 -g3 -DDEBUG -DUSE_HAL_DRIVER -DSTM32F446xx -c -I../Core/Inc -I../Drivers/STM32F4xx_HAL_Driver/Inc -I../Drivers/STM32F4xx_HAL_Driver/Inc/Legacy -I../Drivers/CMSIS/Device/ST/STM32F4xx/Include -I../Drivers/CMSIS/Include -I"C:/Study/STM32/OJ_tube/TEMP_sensor/Core/Lib/Inc" -O0 -ffunction-sections -fdata-sections -Wall -fstack-usage -fcyclomatic-complexity -MMD -MP -MF"Core/Src/main.d" -MT"Core/Src/main.o" --specs=nano.specs -mfpu=fpv4-sp-d16 -mfloat-abi=hard -mthumb -o "Core/Src/main.o"
arm-none-eabi-gcc -o "TEMP_sensor.elf" @"objects.list"   -mcpu=cortex-m4 -T"C:\Study\STM32\OJ_tube\TEMP_sensor\STM32F446RETX_FLASH.ld" --specs=nosys.specs -Wl,-Map="TEMP_sensor.map" -Wl,--gc-sections -static --specs=nano.specs -mfpu=fpv4-sp-d16 -mfloat-abi=hard -mthumb -Wl,--start-group -lc -lm -Wl,--end-group
Finished building target: TEMP_sensor.elf
 
arm-none-eabi-size  TEMP_sensor.elf 
arm-none-eabi-objdump -h -S TEMP_sensor.elf  > "TEMP_sensor.list"
   text	   data	    bss	    dec	    hex	filename
  13036	     12	   1812	  14860	   3a0c	TEMP_sensor.elf
Finished building: default.size.stdout
 
Finished building: TEMP_sensor.list
 
18:09:59 **** Incremental Build of configuration Debug for project first_ ****
make -j8 all 
arm-none-eabi-size  first_.elf 
   text	   data	    bss	    dec	    hex	filename
   8640	     12	   1644	  10296	   2838	first_.elf
Finished building: default.size.stdout
 
18:09:59 **** Incremental Build of configuration Debug for project switch_test ****
make -j8 all 
arm-none-eabi-size  switch_test.elf 
   text	   data	    bss	    dec	    hex	filename
   6380	     12	   1572	   7964	   1f1c	switch_test.elf
Finished building: default.size.stdout
 
18:10:00 **** Incremental Build of configuration Debug for project uart_printf ****
make -j8 all 
arm-none-eabi-size  uart_printf.elf 
   text	   data	    bss	    dec	    hex	filename
  23324	    468	   1988	  25780	   64b4	uart_printf.elf
Finished building: default.size.stdout
 
18:10:10 **** Incremental Build of configuration Debug for project TEMP_sensor ****
make -j8 all 
arm-none-eabi-size  TEMP_sensor.elf 
   text	   data	    bss	    dec	    hex	filename
  13036	     12	   1812	  14860	   3a0c	TEMP_sensor.elf
Finished building: default.size.stdout
 
18:12:30 **** Incremental Build of configuration Debug for project TEMP_sensor ****
make -j8 all 
arm-none-eabi-size  TEMP_sensor.elf 
   text	   data	    bss	    dec	    hex	filename
  13036	     12	   1812	  14860	   3a0c	TEMP_sensor.elf
Finished building: default.size.stdout
 
18:24:33 **** Incremental Build of configuration Debug for project TEMP_sensor ****
make -j8 all 
arm-none-eabi-gcc "../Core/Src/main.c" -mcpu=cortex-m4 -std=gnu11 -g3 -DDEBUG -DUSE_HAL_DRIVER -DSTM32F446xx -c -I../Core/Inc -I../Drivers/STM32F4xx_HAL_Driver/Inc -I../Drivers/STM32F4xx_HAL_Driver/Inc/Legacy -I../Drivers/CMSIS/Device/ST/STM32F4xx/Include -I../Drivers/CMSIS/Include -I"C:/Study/STM32/OJ_tube/TEMP_sensor/Core/Lib/Inc" -O0 -ffunction-sections -fdata-sections -Wall -fstack-usage -fcyclomatic-complexity -MMD -MP -MF"Core/Src/main.d" -MT"Core/Src/main.o" --specs=nano.specs -mfpu=fpv4-sp-d16 -mfloat-abi=hard -mthumb -o "Core/Src/main.o"
arm-none-eabi-gcc -o "TEMP_sensor.elf" @"objects.list"   -mcpu=cortex-m4 -T"C:\Study\STM32\OJ_tube\TEMP_sensor\STM32F446RETX_FLASH.ld" --specs=nosys.specs -Wl,-Map="TEMP_sensor.map" -Wl,--gc-sections -static --specs=nano.specs -mfpu=fpv4-sp-d16 -mfloat-abi=hard -mthumb -Wl,--start-group -lc -lm -Wl,--end-group
Finished building target: TEMP_sensor.elf
 
arm-none-eabi-size  TEMP_sensor.elf 
arm-none-eabi-objdump -h -S TEMP_sensor.elf  > "TEMP_sensor.list"
   text	   data	    bss	    dec	    hex	filename
  12116	     12	   1812	  13940	   3674	TEMP_sensor.elf
Finished building: default.size.stdout
 
Finished building: TEMP_sensor.list
 
18:32:13 **** Incremental Build of configuration Debug for project TEMP_sensor ****
make -j8 all 
arm-none-eabi-gcc "../Core/Src/main.c" -mcpu=cortex-m4 -std=gnu11 -g3 -DDEBUG -DUSE_HAL_DRIVER -DSTM32F446xx -c -I../Core/Inc -I../Drivers/STM32F4xx_HAL_Driver/Inc -I../Drivers/STM32F4xx_HAL_Driver/Inc/Legacy -I../Drivers/CMSIS/Device/ST/STM32F4xx/Include -I../Drivers/CMSIS/Include -I"C:/Study/STM32/OJ_tube/TEMP_sensor/Core/Lib/Inc" -O0 -ffunction-sections -fdata-sections -Wall -fstack-usage -fcyclomatic-complexity -MMD -MP -MF"Core/Src/main.d" -MT"Core/Src/main.o" --specs=nano.specs -mfpu=fpv4-sp-d16 -mfloat-abi=hard -mthumb -o "Core/Src/main.o"
../Core/Src/main.c: In function 'main':
../Core/Src/main.c:105:8: warning: variable 'result' set but not used [-Wunused-but-set-variable]
  105 |   bool result;
      |        ^~~~~~
arm-none-eabi-gcc -o "TEMP_sensor.elf" @"objects.list"   -mcpu=cortex-m4 -T"C:\Study\STM32\OJ_tube\TEMP_sensor\STM32F446RETX_FLASH.ld" --specs=nosys.specs -Wl,-Map="TEMP_sensor.map" -Wl,--gc-sections -static --specs=nano.specs -mfpu=fpv4-sp-d16 -mfloat-abi=hard -mthumb -Wl,--start-group -lc -lm -Wl,--end-group
Finished building target: TEMP_sensor.elf
 
arm-none-eabi-size  TEMP_sensor.elf 
arm-none-eabi-objdump -h -S TEMP_sensor.elf  > "TEMP_sensor.list"
   text	   data	    bss	    dec	    hex	filename
  12120	     12	   1812	  13944	   3678	TEMP_sensor.elf
Finished building: default.size.stdout
 
Finished building: TEMP_sensor.list
 
18:32:51 **** Incremental Build of configuration Debug for project TEMP_sensor ****
make -j8 all 
arm-none-eabi-gcc "../Core/Src/main.c" -mcpu=cortex-m4 -std=gnu11 -g3 -DDEBUG -DUSE_HAL_DRIVER -DSTM32F446xx -c -I../Core/Inc -I../Drivers/STM32F4xx_HAL_Driver/Inc -I../Drivers/STM32F4xx_HAL_Driver/Inc/Legacy -I../Drivers/CMSIS/Device/ST/STM32F4xx/Include -I../Drivers/CMSIS/Include -I"C:/Study/STM32/OJ_tube/TEMP_sensor/Core/Lib/Inc" -O0 -ffunction-sections -fdata-sections -Wall -fstack-usage -fcyclomatic-complexity -MMD -MP -MF"Core/Src/main.d" -MT"Core/Src/main.o" --specs=nano.specs -mfpu=fpv4-sp-d16 -mfloat-abi=hard -mthumb -o "Core/Src/main.o"
../Core/Src/main.c: In function 'main':
../Core/Src/main.c:105:8: warning: variable 'result' set but not used [-Wunused-but-set-variable]
  105 |   bool result;
      |        ^~~~~~
arm-none-eabi-gcc -o "TEMP_sensor.elf" @"objects.list"   -mcpu=cortex-m4 -T"C:\Study\STM32\OJ_tube\TEMP_sensor\STM32F446RETX_FLASH.ld" --specs=nosys.specs -Wl,-Map="TEMP_sensor.map" -Wl,--gc-sections -static --specs=nano.specs -mfpu=fpv4-sp-d16 -mfloat-abi=hard -mthumb -Wl,--start-group -lc -lm -Wl,--end-group
Finished building target: TEMP_sensor.elf
 
arm-none-eabi-size  TEMP_sensor.elf 
arm-none-eabi-objdump -h -S TEMP_sensor.elf  > "TEMP_sensor.list"
   text	   data	    bss	    dec	    hex	filename
  12120	     12	   1812	  13944	   3678	TEMP_sensor.elf
Finished building: default.size.stdout
 
Finished building: TEMP_sensor.list
 
18:34:18 **** Incremental Build of configuration Debug for project TEMP_sensor ****
make -j8 all 
arm-none-eabi-gcc "../Core/Src/main.c" -mcpu=cortex-m4 -std=gnu11 -g3 -DDEBUG -DUSE_HAL_DRIVER -DSTM32F446xx -c -I../Core/Inc -I../Drivers/STM32F4xx_HAL_Driver/Inc -I../Drivers/STM32F4xx_HAL_Driver/Inc/Legacy -I../Drivers/CMSIS/Device/ST/STM32F4xx/Include -I../Drivers/CMSIS/Include -I"C:/Study/STM32/OJ_tube/TEMP_sensor/Core/Lib/Inc" -O0 -ffunction-sections -fdata-sections -Wall -fstack-usage -fcyclomatic-complexity -MMD -MP -MF"Core/Src/main.d" -MT"Core/Src/main.o" --specs=nano.specs -mfpu=fpv4-sp-d16 -mfloat-abi=hard -mthumb -o "Core/Src/main.o"
../Core/Src/main.c: In function 'main':
../Core/Src/main.c:105:7: warning: unused variable 'result' [-Wunused-variable]
  105 |   int result = (Ds18b20_Init()) ? 1 : 0;
      |       ^~~~~~
arm-none-eabi-gcc -o "TEMP_sensor.elf" @"objects.list"   -mcpu=cortex-m4 -T"C:\Study\STM32\OJ_tube\TEMP_sensor\STM32F446RETX_FLASH.ld" --specs=nosys.specs -Wl,-Map="TEMP_sensor.map" -Wl,--gc-sections -static --specs=nano.specs -mfpu=fpv4-sp-d16 -mfloat-abi=hard -mthumb -Wl,--start-group -lc -lm -Wl,--end-group
Finished building target: TEMP_sensor.elf
 
arm-none-eabi-size  TEMP_sensor.elf 
arm-none-eabi-objdump -h -S TEMP_sensor.elf  > "TEMP_sensor.list"
   text	   data	    bss	    dec	    hex	filename
  12120	     12	   1812	  13944	   3678	TEMP_sensor.elf
Finished building: default.size.stdout
 
Finished building: TEMP_sensor.list
 
18:37:14 **** Incremental Build of configuration Debug for project TEMP_sensor ****
make -j8 all 
arm-none-eabi-size  TEMP_sensor.elf 
   text	   data	    bss	    dec	    hex	filename
  12120	     12	   1812	  13944	   3678	TEMP_sensor.elf
Finished building: default.size.stdout
 
18:39:05 **** Incremental Build of configuration Debug for project TEMP_sensor ****
make -j8 all 
arm-none-eabi-size  TEMP_sensor.elf 
   text	   data	    bss	    dec	    hex	filename
  12120	     12	   1812	  13944	   3678	TEMP_sensor.elf
Finished building: default.size.stdout
 
13:44:32 **** Incremental Build of configuration Debug for project TEMP_sensor ****
make -j8 all 
arm-none-eabi-size  TEMP_sensor.elf 
   text	   data	    bss	    dec	    hex	filename
  12120	     12	   1812	  13944	   3678	TEMP_sensor.elf
Finished building: default.size.stdout
 
13:57:13 **** Incremental Build of configuration Debug for project TEMP_sensor ****
make -j8 all 
arm-none-eabi-size  TEMP_sensor.elf 
   text	   data	    bss	    dec	    hex	filename
  12120	     12	   1812	  13944	   3678	TEMP_sensor.elf
Finished building: default.size.stdout
 
14:03:14 **** Incremental Build of configuration Debug for project TEMP_sensor ****
make -j8 all 
arm-none-eabi-size  TEMP_sensor.elf 
   text	   data	    bss	    dec	    hex	filename
  12120	     12	   1812	  13944	   3678	TEMP_sensor.elf
Finished building: default.size.stdout
 
14:07:02 **** Incremental Build of configuration Debug for project TEMP_sensor ****
make -j8 all 
arm-none-eabi-size  TEMP_sensor.elf 
   text	   data	    bss	    dec	    hex	filename
  12120	     12	   1812	  13944	   3678	TEMP_sensor.elf
Finished building: default.size.stdout
 
14:22:34 **** Incremental Build of configuration Debug for project TEMP_sensor ****
make -j8 all 
arm-none-eabi-gcc "../Core/Lib/Src/onewire.c" -mcpu=cortex-m4 -std=gnu11 -g3 -DDEBUG -DUSE_HAL_DRIVER -DSTM32F446xx -c -I../Core/Inc -I../Drivers/STM32F4xx_HAL_Driver/Inc -I../Drivers/STM32F4xx_HAL_Driver/Inc/Legacy -I../Drivers/CMSIS/Device/ST/STM32F4xx/Include -I../Drivers/CMSIS/Include -I"C:/Study/STM32/OJ_tube/TEMP_sensor/Core/Lib/Inc" -O0 -ffunction-sections -fdata-sections -Wall -fstack-usage -fcyclomatic-complexity -MMD -MP -MF"Core/Lib/Src/onewire.d" -MT"Core/Lib/Src/onewire.o" --specs=nano.specs -mfpu=fpv4-sp-d16 -mfloat-abi=hard -mthumb -o "Core/Lib/Src/onewire.o"
../Core/Lib/Src/onewire.c: In function 'OneWire_Reset':
../Core/Lib/Src/onewire.c:91:16: warning: 'i' is used uninitialized [-Wuninitialized]
   91 |         return i;
      |                ^
../Core/Lib/Src/onewire.c:74:17: note: 'i' was declared here
   74 |         uint8_t i;
      |                 ^
arm-none-eabi-gcc -o "TEMP_sensor.elf" @"objects.list"   -mcpu=cortex-m4 -T"C:\Study\STM32\OJ_tube\TEMP_sensor\STM32F446RETX_FLASH.ld" --specs=nosys.specs -Wl,-Map="TEMP_sensor.map" -Wl,--gc-sections -static --specs=nano.specs -mfpu=fpv4-sp-d16 -mfloat-abi=hard -mthumb -Wl,--start-group -lc -lm -Wl,--end-group
Finished building target: TEMP_sensor.elf
 
arm-none-eabi-size  TEMP_sensor.elf 
arm-none-eabi-objdump -h -S TEMP_sensor.elf  > "TEMP_sensor.list"
   text	   data	    bss	    dec	    hex	filename
  12128	     12	   1812	  13952	   3680	TEMP_sensor.elf
Finished building: default.size.stdout
 
Finished building: TEMP_sensor.list
 
14:23:59 **** Incremental Build of configuration Debug for project TEMP_sensor ****
make -j8 all 
arm-none-eabi-gcc "../Core/Lib/Src/onewire.c" -mcpu=cortex-m4 -std=gnu11 -g3 -DDEBUG -DUSE_HAL_DRIVER -DSTM32F446xx -c -I../Core/Inc -I../Drivers/STM32F4xx_HAL_Driver/Inc -I../Drivers/STM32F4xx_HAL_Driver/Inc/Legacy -I../Drivers/CMSIS/Device/ST/STM32F4xx/Include -I../Drivers/CMSIS/Include -I"C:/Study/STM32/OJ_tube/TEMP_sensor/Core/Lib/Inc" -O0 -ffunction-sections -fdata-sections -Wall -fstack-usage -fcyclomatic-complexity -MMD -MP -MF"Core/Lib/Src/onewire.d" -MT"Core/Lib/Src/onewire.o" --specs=nano.specs -mfpu=fpv4-sp-d16 -mfloat-abi=hard -mthumb -o "Core/Lib/Src/onewire.o"
../Core/Lib/Src/onewire.c: In function 'OneWire_Reset':
../Core/Lib/Src/onewire.c:74:17: warning: unused variable 'i' [-Wunused-variable]
   74 |         uint8_t i;
      |                 ^
arm-none-eabi-gcc -o "TEMP_sensor.elf" @"objects.list"   -mcpu=cortex-m4 -T"C:\Study\STM32\OJ_tube\TEMP_sensor\STM32F446RETX_FLASH.ld" --specs=nosys.specs -Wl,-Map="TEMP_sensor.map" -Wl,--gc-sections -static --specs=nano.specs -mfpu=fpv4-sp-d16 -mfloat-abi=hard -mthumb -Wl,--start-group -lc -lm -Wl,--end-group
Finished building target: TEMP_sensor.elf
 
arm-none-eabi-size  TEMP_sensor.elf 
arm-none-eabi-objdump -h -S TEMP_sensor.elf  > "TEMP_sensor.list"
   text	   data	    bss	    dec	    hex	filename
  12132	     12	   1812	  13956	   3684	TEMP_sensor.elf
Finished building: default.size.stdout
 
Finished building: TEMP_sensor.list
 
14:31:18 **** Incremental Build of configuration Debug for project TEMP_sensor ****
make -j8 all 
arm-none-eabi-gcc "../Core/Lib/Src/onewire.c" -mcpu=cortex-m4 -std=gnu11 -g3 -DDEBUG -DUSE_HAL_DRIVER -DSTM32F446xx -c -I../Core/Inc -I../Drivers/STM32F4xx_HAL_Driver/Inc -I../Drivers/STM32F4xx_HAL_Driver/Inc/Legacy -I../Drivers/CMSIS/Device/ST/STM32F4xx/Include -I../Drivers/CMSIS/Include -I"C:/Study/STM32/OJ_tube/TEMP_sensor/Core/Lib/Inc" -O0 -ffunction-sections -fdata-sections -Wall -fstack-usage -fcyclomatic-complexity -MMD -MP -MF"Core/Lib/Src/onewire.d" -MT"Core/Lib/Src/onewire.o" --specs=nano.specs -mfpu=fpv4-sp-d16 -mfloat-abi=hard -mthumb -o "Core/Lib/Src/onewire.o"
../Core/Lib/Src/onewire.c: In function 'OneWire_Reset':
../Core/Lib/Src/onewire.c:76:17: warning: unused variable 'i' [-Wunused-variable]
   76 |         uint8_t i;
      |                 ^
arm-none-eabi-gcc -o "TEMP_sensor.elf" @"objects.list"   -mcpu=cortex-m4 -T"C:\Study\STM32\OJ_tube\TEMP_sensor\STM32F446RETX_FLASH.ld" --specs=nosys.specs -Wl,-Map="TEMP_sensor.map" -Wl,--gc-sections -static --specs=nano.specs -mfpu=fpv4-sp-d16 -mfloat-abi=hard -mthumb -Wl,--start-group -lc -lm -Wl,--end-group
Finished building target: TEMP_sensor.elf
 
arm-none-eabi-size  TEMP_sensor.elf 
arm-none-eabi-objdump -h -S TEMP_sensor.elf  > "TEMP_sensor.list"
   text	   data	    bss	    dec	    hex	filename
  12136	     12	   1812	  13960	   3688	TEMP_sensor.elf
Finished building: default.size.stdout
 
Finished building: TEMP_sensor.list
 
14:35:47 **** Incremental Build of configuration Debug for project TEMP_sensor ****
make -j8 all 
arm-none-eabi-gcc "../Core/Lib/Src/onewire.c" -mcpu=cortex-m4 -std=gnu11 -g3 -DDEBUG -DUSE_HAL_DRIVER -DSTM32F446xx -c -I../Core/Inc -I../Drivers/STM32F4xx_HAL_Driver/Inc -I../Drivers/STM32F4xx_HAL_Driver/Inc/Legacy -I../Drivers/CMSIS/Device/ST/STM32F4xx/Include -I../Drivers/CMSIS/Include -I"C:/Study/STM32/OJ_tube/TEMP_sensor/Core/Lib/Inc" -O0 -ffunction-sections -fdata-sections -Wall -fstack-usage -fcyclomatic-complexity -MMD -MP -MF"Core/Lib/Src/onewire.d" -MT"Core/Lib/Src/onewire.o" --specs=nano.specs -mfpu=fpv4-sp-d16 -mfloat-abi=hard -mthumb -o "Core/Lib/Src/onewire.o"
arm-none-eabi-gcc -o "TEMP_sensor.elf" @"objects.list"   -mcpu=cortex-m4 -T"C:\Study\STM32\OJ_tube\TEMP_sensor\STM32F446RETX_FLASH.ld" --specs=nosys.specs -Wl,-Map="TEMP_sensor.map" -Wl,--gc-sections -static --specs=nano.specs -mfpu=fpv4-sp-d16 -mfloat-abi=hard -mthumb -Wl,--start-group -lc -lm -Wl,--end-group
Finished building target: TEMP_sensor.elf
 
arm-none-eabi-size  TEMP_sensor.elf 
arm-none-eabi-objdump -h -S TEMP_sensor.elf  > "TEMP_sensor.list"
   text	   data	    bss	    dec	    hex	filename
  12112	     12	   1812	  13936	   3670	TEMP_sensor.elf
Finished building: default.size.stdout
 
Finished building: TEMP_sensor.list
 
14:41:39 **** Incremental Build of configuration Debug for project TEMP_sensor ****
make -j8 all 
arm-none-eabi-size  TEMP_sensor.elf 
   text	   data	    bss	    dec	    hex	filename
  12112	     12	   1812	  13936	   3670	TEMP_sensor.elf
Finished building: default.size.stdout
 
14:52:18 **** Incremental Build of configuration Debug for project TEMP_sensor ****
make -j8 all 
arm-none-eabi-size  TEMP_sensor.elf 
   text	   data	    bss	    dec	    hex	filename
  12112	     12	   1812	  13936	   3670	TEMP_sensor.elf
Finished building: default.size.stdout
 
14:57:45 **** Incremental Build of configuration Debug for project TEMP_sensor ****
make -j8 all 
arm-none-eabi-gcc "../Core/Lib/Src/onewire.c" -mcpu=cortex-m4 -std=gnu11 -g3 -DDEBUG -DUSE_HAL_DRIVER -DSTM32F446xx -c -I../Core/Inc -I../Drivers/STM32F4xx_HAL_Driver/Inc -I../Drivers/STM32F4xx_HAL_Driver/Inc/Legacy -I../Drivers/CMSIS/Device/ST/STM32F4xx/Include -I../Drivers/CMSIS/Include -I"C:/Study/STM32/OJ_tube/TEMP_sensor/Core/Lib/Inc" -O0 -ffunction-sections -fdata-sections -Wall -fstack-usage -fcyclomatic-complexity -MMD -MP -MF"Core/Lib/Src/onewire.d" -MT"Core/Lib/Src/onewire.o" --specs=nano.specs -mfpu=fpv4-sp-d16 -mfloat-abi=hard -mthumb -o "Core/Lib/Src/onewire.o"
arm-none-eabi-gcc -o "TEMP_sensor.elf" @"objects.list"   -mcpu=cortex-m4 -T"C:\Study\STM32\OJ_tube\TEMP_sensor\STM32F446RETX_FLASH.ld" --specs=nosys.specs -Wl,-Map="TEMP_sensor.map" -Wl,--gc-sections -static --specs=nano.specs -mfpu=fpv4-sp-d16 -mfloat-abi=hard -mthumb -Wl,--start-group -lc -lm -Wl,--end-group
Finished building target: TEMP_sensor.elf
 
arm-none-eabi-size  TEMP_sensor.elf 
arm-none-eabi-objdump -h -S TEMP_sensor.elf  > "TEMP_sensor.list"
   text	   data	    bss	    dec	    hex	filename
  12132	     12	   1812	  13956	   3684	TEMP_sensor.elf
Finished building: default.size.stdout
 
Finished building: TEMP_sensor.list
 
15:02:13 **** Incremental Build of configuration Debug for project TEMP_sensor ****
make -j8 all 
arm-none-eabi-size  TEMP_sensor.elf 
   text	   data	    bss	    dec	    hex	filename
  12132	     12	   1812	  13956	   3684	TEMP_sensor.elf
Finished building: default.size.stdout
 
15:04:33 **** Incremental Build of configuration Debug for project TEMP_sensor ****
make -j8 all 
arm-none-eabi-gcc "../Core/Lib/Src/onewire.c" -mcpu=cortex-m4 -std=gnu11 -g3 -DDEBUG -DUSE_HAL_DRIVER -DSTM32F446xx -c -I../Core/Inc -I../Drivers/STM32F4xx_HAL_Driver/Inc -I../Drivers/STM32F4xx_HAL_Driver/Inc/Legacy -I../Drivers/CMSIS/Device/ST/STM32F4xx/Include -I../Drivers/CMSIS/Include -I"C:/Study/STM32/OJ_tube/TEMP_sensor/Core/Lib/Inc" -O0 -ffunction-sections -fdata-sections -Wall -fstack-usage -fcyclomatic-complexity -MMD -MP -MF"Core/Lib/Src/onewire.d" -MT"Core/Lib/Src/onewire.o" --specs=nano.specs -mfpu=fpv4-sp-d16 -mfloat-abi=hard -mthumb -o "Core/Lib/Src/onewire.o"
arm-none-eabi-gcc -o "TEMP_sensor.elf" @"objects.list"   -mcpu=cortex-m4 -T"C:\Study\STM32\OJ_tube\TEMP_sensor\STM32F446RETX_FLASH.ld" --specs=nosys.specs -Wl,-Map="TEMP_sensor.map" -Wl,--gc-sections -static --specs=nano.specs -mfpu=fpv4-sp-d16 -mfloat-abi=hard -mthumb -Wl,--start-group -lc -lm -Wl,--end-group
Finished building target: TEMP_sensor.elf
 
arm-none-eabi-size  TEMP_sensor.elf 
arm-none-eabi-objdump -h -S TEMP_sensor.elf  > "TEMP_sensor.list"
   text	   data	    bss	    dec	    hex	filename
  12152	     12	   1820	  13984	   36a0	TEMP_sensor.elf
Finished building: default.size.stdout
 
Finished building: TEMP_sensor.list
 
15:07:48 **** Incremental Build of configuration Debug for project TEMP_sensor ****
make -j8 all 
arm-none-eabi-gcc "../Core/Lib/Src/onewire.c" -mcpu=cortex-m4 -std=gnu11 -g3 -DDEBUG -DUSE_HAL_DRIVER -DSTM32F446xx -c -I../Core/Inc -I../Drivers/STM32F4xx_HAL_Driver/Inc -I../Drivers/STM32F4xx_HAL_Driver/Inc/Legacy -I../Drivers/CMSIS/Device/ST/STM32F4xx/Include -I../Drivers/CMSIS/Include -I"C:/Study/STM32/OJ_tube/TEMP_sensor/Core/Lib/Inc" -O0 -ffunction-sections -fdata-sections -Wall -fstack-usage -fcyclomatic-complexity -MMD -MP -MF"Core/Lib/Src/onewire.d" -MT"Core/Lib/Src/onewire.o" --specs=nano.specs -mfpu=fpv4-sp-d16 -mfloat-abi=hard -mthumb -o "Core/Lib/Src/onewire.o"
arm-none-eabi-gcc -o "TEMP_sensor.elf" @"objects.list"   -mcpu=cortex-m4 -T"C:\Study\STM32\OJ_tube\TEMP_sensor\STM32F446RETX_FLASH.ld" --specs=nosys.specs -Wl,-Map="TEMP_sensor.map" -Wl,--gc-sections -static --specs=nano.specs -mfpu=fpv4-sp-d16 -mfloat-abi=hard -mthumb -Wl,--start-group -lc -lm -Wl,--end-group
Finished building target: TEMP_sensor.elf
 
arm-none-eabi-size  TEMP_sensor.elf 
arm-none-eabi-objdump -h -S TEMP_sensor.elf  > "TEMP_sensor.list"
   text	   data	    bss	    dec	    hex	filename
  12164	     12	   1820	  13996	   36ac	TEMP_sensor.elf
Finished building: default.size.stdout
 
Finished building: TEMP_sensor.list
 
15:09:30 **** Incremental Build of configuration Debug for project TEMP_sensor ****
make -j8 all 
arm-none-eabi-gcc "../Core/Lib/Src/onewire.c" -mcpu=cortex-m4 -std=gnu11 -g3 -DDEBUG -DUSE_HAL_DRIVER -DSTM32F446xx -c -I../Core/Inc -I../Drivers/STM32F4xx_HAL_Driver/Inc -I../Drivers/STM32F4xx_HAL_Driver/Inc/Legacy -I../Drivers/CMSIS/Device/ST/STM32F4xx/Include -I../Drivers/CMSIS/Include -I"C:/Study/STM32/OJ_tube/TEMP_sensor/Core/Lib/Inc" -O0 -ffunction-sections -fdata-sections -Wall -fstack-usage -fcyclomatic-complexity -MMD -MP -MF"Core/Lib/Src/onewire.d" -MT"Core/Lib/Src/onewire.o" --specs=nano.specs -mfpu=fpv4-sp-d16 -mfloat-abi=hard -mthumb -o "Core/Lib/Src/onewire.o"
arm-none-eabi-gcc -o "TEMP_sensor.elf" @"objects.list"   -mcpu=cortex-m4 -T"C:\Study\STM32\OJ_tube\TEMP_sensor\STM32F446RETX_FLASH.ld" --specs=nosys.specs -Wl,-Map="TEMP_sensor.map" -Wl,--gc-sections -static --specs=nano.specs -mfpu=fpv4-sp-d16 -mfloat-abi=hard -mthumb -Wl,--start-group -lc -lm -Wl,--end-group
Finished building target: TEMP_sensor.elf
 
arm-none-eabi-size  TEMP_sensor.elf 
arm-none-eabi-objdump -h -S TEMP_sensor.elf  > "TEMP_sensor.list"
   text	   data	    bss	    dec	    hex	filename
  12196	     12	   1828	  14036	   36d4	TEMP_sensor.elf
Finished building: default.size.stdout
 
Finished building: TEMP_sensor.list
 
15:11:35 **** Incremental Build of configuration Debug for project TEMP_sensor ****
make -j8 all 
arm-none-eabi-gcc "../Core/Lib/Src/onewire.c" -mcpu=cortex-m4 -std=gnu11 -g3 -DDEBUG -DUSE_HAL_DRIVER -DSTM32F446xx -c -I../Core/Inc -I../Drivers/STM32F4xx_HAL_Driver/Inc -I../Drivers/STM32F4xx_HAL_Driver/Inc/Legacy -I../Drivers/CMSIS/Device/ST/STM32F4xx/Include -I../Drivers/CMSIS/Include -I"C:/Study/STM32/OJ_tube/TEMP_sensor/Core/Lib/Inc" -O0 -ffunction-sections -fdata-sections -Wall -fstack-usage -fcyclomatic-complexity -MMD -MP -MF"Core/Lib/Src/onewire.d" -MT"Core/Lib/Src/onewire.o" --specs=nano.specs -mfpu=fpv4-sp-d16 -mfloat-abi=hard -mthumb -o "Core/Lib/Src/onewire.o"
../Core/Lib/Src/onewire.c: In function 'OneWire_Reset':
../Core/Lib/Src/onewire.c:115:13: error: '_Ds18b20_TIMER' undeclared (first use in this function)
  115 |             _Ds18b20_TIMER.Instance->CNT = 0;
      |             ^~~~~~~~~~~~~~
../Core/Lib/Src/onewire.c:115:13: note: each undeclared identifier is reported only once for each function it appears in
make: *** [Core/Lib/Src/subdir.mk:22: Core/Lib/Src/onewire.o] Error 1
"make -j8 all" terminated with exit code 2. Build might be incomplete.
15:11:47 **** Incremental Build of configuration Debug for project TEMP_sensor ****
make -j8 all 
arm-none-eabi-gcc "../Core/Lib/Src/onewire.c" -mcpu=cortex-m4 -std=gnu11 -g3 -DDEBUG -DUSE_HAL_DRIVER -DSTM32F446xx -c -I../Core/Inc -I../Drivers/STM32F4xx_HAL_Driver/Inc -I../Drivers/STM32F4xx_HAL_Driver/Inc/Legacy -I../Drivers/CMSIS/Device/ST/STM32F4xx/Include -I../Drivers/CMSIS/Include -I"C:/Study/STM32/OJ_tube/TEMP_sensor/Core/Lib/Inc" -O0 -ffunction-sections -fdata-sections -Wall -fstack-usage -fcyclomatic-complexity -MMD -MP -MF"Core/Lib/Src/onewire.d" -MT"Core/Lib/Src/onewire.o" --specs=nano.specs -mfpu=fpv4-sp-d16 -mfloat-abi=hard -mthumb -o "Core/Lib/Src/onewire.o"
../Core/Lib/Src/onewire.c: In function 'OneWire_Reset':
../Core/Lib/Src/onewire.c:115:13: error: '_Ds18b20_TIMER' undeclared (first use in this function)
  115 |             _Ds18b20_TIMER.Instance->CNT = 0;
      |             ^~~~~~~~~~~~~~
../Core/Lib/Src/onewire.c:115:13: note: each undeclared identifier is reported only once for each function it appears in
make: *** [Core/Lib/Src/subdir.mk:22: Core/Lib/Src/onewire.o] Error 1
"make -j8 all" terminated with exit code 2. Build might be incomplete.
15:12:29 **** Incremental Build of configuration Debug for project TEMP_sensor ****
make -j8 all 
arm-none-eabi-gcc "../Core/Lib/Src/onewire.c" -mcpu=cortex-m4 -std=gnu11 -g3 -DDEBUG -DUSE_HAL_DRIVER -DSTM32F446xx -c -I../Core/Inc -I../Drivers/STM32F4xx_HAL_Driver/Inc -I../Drivers/STM32F4xx_HAL_Driver/Inc/Legacy -I../Drivers/CMSIS/Device/ST/STM32F4xx/Include -I../Drivers/CMSIS/Include -I"C:/Study/STM32/OJ_tube/TEMP_sensor/Core/Lib/Inc" -O0 -ffunction-sections -fdata-sections -Wall -fstack-usage -fcyclomatic-complexity -MMD -MP -MF"Core/Lib/Src/onewire.d" -MT"Core/Lib/Src/onewire.o" --specs=nano.specs -mfpu=fpv4-sp-d16 -mfloat-abi=hard -mthumb -o "Core/Lib/Src/onewire.o"
arm-none-eabi-gcc -o "TEMP_sensor.elf" @"objects.list"   -mcpu=cortex-m4 -T"C:\Study\STM32\OJ_tube\TEMP_sensor\STM32F446RETX_FLASH.ld" --specs=nosys.specs -Wl,-Map="TEMP_sensor.map" -Wl,--gc-sections -static --specs=nano.specs -mfpu=fpv4-sp-d16 -mfloat-abi=hard -mthumb -Wl,--start-group -lc -lm -Wl,--end-group
Finished building target: TEMP_sensor.elf
 
arm-none-eabi-size  TEMP_sensor.elf 
arm-none-eabi-objdump -h -S TEMP_sensor.elf  > "TEMP_sensor.list"
   text	   data	    bss	    dec	    hex	filename
  12204	     12	   1828	  14044	   36dc	TEMP_sensor.elf
Finished building: default.size.stdout
 
Finished building: TEMP_sensor.list
 
15:15:40 **** Incremental Build of configuration Debug for project TEMP_sensor ****
make -j8 all 
arm-none-eabi-size  TEMP_sensor.elf 
   text	   data	    bss	    dec	    hex	filename
  12204	     12	   1828	  14044	   36dc	TEMP_sensor.elf
Finished building: default.size.stdout
 
15:18:04 **** Incremental Build of configuration Debug for project TEMP_sensor ****
make -j8 all 
arm-none-eabi-gcc "../Core/Lib/Src/onewire.c" -mcpu=cortex-m4 -std=gnu11 -g3 -DDEBUG -DUSE_HAL_DRIVER -DSTM32F446xx -c -I../Core/Inc -I../Drivers/STM32F4xx_HAL_Driver/Inc -I../Drivers/STM32F4xx_HAL_Driver/Inc/Legacy -I../Drivers/CMSIS/Device/ST/STM32F4xx/Include -I../Drivers/CMSIS/Include -I"C:/Study/STM32/OJ_tube/TEMP_sensor/Core/Lib/Inc" -O0 -ffunction-sections -fdata-sections -Wall -fstack-usage -fcyclomatic-complexity -MMD -MP -MF"Core/Lib/Src/onewire.d" -MT"Core/Lib/Src/onewire.o" --specs=nano.specs -mfpu=fpv4-sp-d16 -mfloat-abi=hard -mthumb -o "Core/Lib/Src/onewire.o"
../Core/Lib/Src/onewire.c: In function 'OneWire_Init':
../Core/Lib/Src/onewire.c:79:9: error: 'OneWireDevices' undeclared (first use in this function); did you mean 'OneWireDelay'?
   79 |         OneWireDevices = OneWire_First(&OneWire);
      |         ^~~~~~~~~~~~~~
      |         OneWireDelay
../Core/Lib/Src/onewire.c:79:9: note: each undeclared identifier is reported only once for each function it appears in
../Core/Lib/Src/onewire.c:79:41: error: 'OneWire' undeclared (first use in this function); did you mean 'OneWire_t'?
   79 |         OneWireDevices = OneWire_First(&OneWire);
      |                                         ^~~~~~~
      |                                         OneWire_t
make: *** [Core/Lib/Src/subdir.mk:22: Core/Lib/Src/onewire.o] Error 1
"make -j8 all" terminated with exit code 2. Build might be incomplete.
15:18:10 **** Incremental Build of configuration Debug for project TEMP_sensor ****
make -j8 all 
arm-none-eabi-gcc "../Core/Lib/Src/onewire.c" -mcpu=cortex-m4 -std=gnu11 -g3 -DDEBUG -DUSE_HAL_DRIVER -DSTM32F446xx -c -I../Core/Inc -I../Drivers/STM32F4xx_HAL_Driver/Inc -I../Drivers/STM32F4xx_HAL_Driver/Inc/Legacy -I../Drivers/CMSIS/Device/ST/STM32F4xx/Include -I../Drivers/CMSIS/Include -I"C:/Study/STM32/OJ_tube/TEMP_sensor/Core/Lib/Inc" -O0 -ffunction-sections -fdata-sections -Wall -fstack-usage -fcyclomatic-complexity -MMD -MP -MF"Core/Lib/Src/onewire.d" -MT"Core/Lib/Src/onewire.o" --specs=nano.specs -mfpu=fpv4-sp-d16 -mfloat-abi=hard -mthumb -o "Core/Lib/Src/onewire.o"
../Core/Lib/Src/onewire.c: In function 'OneWire_Init':
../Core/Lib/Src/onewire.c:79:9: error: 'OneWireDevices' undeclared (first use in this function); did you mean 'OneWireDelay'?
   79 |         OneWireDevices = OneWire_First(&OneWire);
      |         ^~~~~~~~~~~~~~
      |         OneWireDelay
../Core/Lib/Src/onewire.c:79:9: note: each undeclared identifier is reported only once for each function it appears in
../Core/Lib/Src/onewire.c:79:41: error: 'OneWire' undeclared (first use in this function); did you mean 'OneWire_t'?
   79 |         OneWireDevices = OneWire_First(&OneWire);
      |                                         ^~~~~~~
      |                                         OneWire_t
make: *** [Core/Lib/Src/subdir.mk:22: Core/Lib/Src/onewire.o] Error 1
"make -j8 all" terminated with exit code 2. Build might be incomplete.
15:23:51 **** Incremental Build of configuration Debug for project TEMP_sensor ****
make -j8 all 
arm-none-eabi-gcc "../Core/Lib/Src/onewire.c" -mcpu=cortex-m4 -std=gnu11 -g3 -DDEBUG -DUSE_HAL_DRIVER -DSTM32F446xx -c -I../Core/Inc -I../Drivers/STM32F4xx_HAL_Driver/Inc -I../Drivers/STM32F4xx_HAL_Driver/Inc/Legacy -I../Drivers/CMSIS/Device/ST/STM32F4xx/Include -I../Drivers/CMSIS/Include -I"C:/Study/STM32/OJ_tube/TEMP_sensor/Core/Lib/Inc" -O0 -ffunction-sections -fdata-sections -Wall -fstack-usage -fcyclomatic-complexity -MMD -MP -MF"Core/Lib/Src/onewire.d" -MT"Core/Lib/Src/onewire.o" --specs=nano.specs -mfpu=fpv4-sp-d16 -mfloat-abi=hard -mthumb -o "Core/Lib/Src/onewire.o"
arm-none-eabi-gcc -o "TEMP_sensor.elf" @"objects.list"   -mcpu=cortex-m4 -T"C:\Study\STM32\OJ_tube\TEMP_sensor\STM32F446RETX_FLASH.ld" --specs=nosys.specs -Wl,-Map="TEMP_sensor.map" -Wl,--gc-sections -static --specs=nano.specs -mfpu=fpv4-sp-d16 -mfloat-abi=hard -mthumb -Wl,--start-group -lc -lm -Wl,--end-group
Finished building target: TEMP_sensor.elf
 
arm-none-eabi-size  TEMP_sensor.elf 
arm-none-eabi-objdump -h -S TEMP_sensor.elf  > "TEMP_sensor.list"
   text	   data	    bss	    dec	    hex	filename
  12164	     12	   1812	  13988	   36a4	TEMP_sensor.elf
Finished building: default.size.stdout
 
Finished building: TEMP_sensor.list
 
15:25:23 **** Incremental Build of configuration Debug for project TEMP_sensor ****
make -j8 all 
arm-none-eabi-gcc "../Core/Lib/Src/onewire.c" -mcpu=cortex-m4 -std=gnu11 -g3 -DDEBUG -DUSE_HAL_DRIVER -DSTM32F446xx -c -I../Core/Inc -I../Drivers/STM32F4xx_HAL_Driver/Inc -I../Drivers/STM32F4xx_HAL_Driver/Inc/Legacy -I../Drivers/CMSIS/Device/ST/STM32F4xx/Include -I../Drivers/CMSIS/Include -I"C:/Study/STM32/OJ_tube/TEMP_sensor/Core/Lib/Inc" -O0 -ffunction-sections -fdata-sections -Wall -fstack-usage -fcyclomatic-complexity -MMD -MP -MF"Core/Lib/Src/onewire.d" -MT"Core/Lib/Src/onewire.o" --specs=nano.specs -mfpu=fpv4-sp-d16 -mfloat-abi=hard -mthumb -o "Core/Lib/Src/onewire.o"
arm-none-eabi-gcc -o "TEMP_sensor.elf" @"objects.list"   -mcpu=cortex-m4 -T"C:\Study\STM32\OJ_tube\TEMP_sensor\STM32F446RETX_FLASH.ld" --specs=nosys.specs -Wl,-Map="TEMP_sensor.map" -Wl,--gc-sections -static --specs=nano.specs -mfpu=fpv4-sp-d16 -mfloat-abi=hard -mthumb -Wl,--start-group -lc -lm -Wl,--end-group
Finished building target: TEMP_sensor.elf
 
arm-none-eabi-size  TEMP_sensor.elf 
arm-none-eabi-objdump -h -S TEMP_sensor.elf  > "TEMP_sensor.list"
   text	   data	    bss	    dec	    hex	filename
  12156	     12	   1812	  13980	   369c	TEMP_sensor.elf
Finished building: default.size.stdout
 
Finished building: TEMP_sensor.list
 
15:33:58 **** Incremental Build of configuration Debug for project TEMP_sensor ****
make -j8 all 
arm-none-eabi-size  TEMP_sensor.elf 
   text	   data	    bss	    dec	    hex	filename
  12156	     12	   1812	  13980	   369c	TEMP_sensor.elf
Finished building: default.size.stdout
 
17:41:43 **** Incremental Build of configuration Debug for project TEMP_sensor ****
make -j8 all 
arm-none-eabi-gcc "../Core/Src/main.c" -mcpu=cortex-m4 -std=gnu11 -g3 -DDEBUG -DUSE_HAL_DRIVER -DSTM32F446xx -c -I../Core/Inc -I../Drivers/STM32F4xx_HAL_Driver/Inc -I../Drivers/STM32F4xx_HAL_Driver/Inc/Legacy -I../Drivers/CMSIS/Device/ST/STM32F4xx/Include -I../Drivers/CMSIS/Include -I"C:/Study/STM32/OJ_tube/TEMP_sensor/Core/Lib/Inc" -O0 -ffunction-sections -fdata-sections -Wall -fstack-usage -fcyclomatic-complexity -MMD -MP -MF"Core/Src/main.d" -MT"Core/Src/main.o" --specs=nano.specs -mfpu=fpv4-sp-d16 -mfloat-abi=hard -mthumb -o "Core/Src/main.o"
../Core/Src/main.c: In function 'main':
../Core/Src/main.c:107:34: error: 'TempSensorCount' undeclared (first use in this function)
  107 |   volatile uint8_t debug_count = TempSensorCount;
      |                                  ^~~~~~~~~~~~~~~
../Core/Src/main.c:107:34: note: each undeclared identifier is reported only once for each function it appears in
../Core/Src/main.c:108:36: error: 'OneWireDevices' undeclared (first use in this function); did you mean 'OneWireDelay'?
  108 |   volatile uint8_t debug_devices = OneWireDevices;
      |                                    ^~~~~~~~~~~~~~
      |                                    OneWireDelay
../Core/Src/main.c:109:33: error: 'OneWire' undeclared (first use in this function); did you mean 'OneWire_t'?
  109 |   volatile uint8_t debug_rom0 = OneWire.ROM_NO[0];
      |                                 ^~~~~~~
      |                                 OneWire_t
../Core/Src/main.c:109:20: warning: unused variable 'debug_rom0' [-Wunused-variable]
  109 |   volatile uint8_t debug_rom0 = OneWire.ROM_NO[0];
      |                    ^~~~~~~~~~
../Core/Src/main.c:108:20: warning: unused variable 'debug_devices' [-Wunused-variable]
  108 |   volatile uint8_t debug_devices = OneWireDevices;
      |                    ^~~~~~~~~~~~~
../Core/Src/main.c:107:20: warning: unused variable 'debug_count' [-Wunused-variable]
  107 |   volatile uint8_t debug_count = TempSensorCount;
      |                    ^~~~~~~~~~~
../Core/Src/main.c:105:7: warning: unused variable 'result' [-Wunused-variable]
  105 |   int result = (Ds18b20_Init()) ? 1 : 0;
      |       ^~~~~~
make: *** [Core/Src/subdir.mk:37: Core/Src/main.o] Error 1
"make -j8 all" terminated with exit code 2. Build might be incomplete.
17:44:06 **** Incremental Build of configuration Debug for project TEMP_sensor ****
make -j8 all 
arm-none-eabi-gcc "../Core/Src/main.c" -mcpu=cortex-m4 -std=gnu11 -g3 -DDEBUG -DUSE_HAL_DRIVER -DSTM32F446xx -c -I../Core/Inc -I../Drivers/STM32F4xx_HAL_Driver/Inc -I../Drivers/STM32F4xx_HAL_Driver/Inc/Legacy -I../Drivers/CMSIS/Device/ST/STM32F4xx/Include -I../Drivers/CMSIS/Include -I"C:/Study/STM32/OJ_tube/TEMP_sensor/Core/Lib/Inc" -O0 -ffunction-sections -fdata-sections -Wall -fstack-usage -fcyclomatic-complexity -MMD -MP -MF"Core/Src/main.d" -MT"Core/Src/main.o" --specs=nano.specs -mfpu=fpv4-sp-d16 -mfloat-abi=hard -mthumb -o "Core/Src/main.o"
arm-none-eabi-gcc "../Core/Lib/Src/ds18b20.c" -mcpu=cortex-m4 -std=gnu11 -g3 -DDEBUG -DUSE_HAL_DRIVER -DSTM32F446xx -c -I../Core/Inc -I../Drivers/STM32F4xx_HAL_Driver/Inc -I../Drivers/STM32F4xx_HAL_Driver/Inc/Legacy -I../Drivers/CMSIS/Device/ST/STM32F4xx/Include -I../Drivers/CMSIS/Include -I"C:/Study/STM32/OJ_tube/TEMP_sensor/Core/Lib/Inc" -O0 -ffunction-sections -fdata-sections -Wall -fstack-usage -fcyclomatic-complexity -MMD -MP -MF"Core/Lib/Src/ds18b20.d" -MT"Core/Lib/Src/ds18b20.o" --specs=nano.specs -mfpu=fpv4-sp-d16 -mfloat-abi=hard -mthumb -o "Core/Lib/Src/ds18b20.o"
../Core/Src/main.c: In function 'main':
../Core/Src/main.c:105:7: warning: unused variable 'result' [-Wunused-variable]
  105 |   int result = (Ds18b20_Init()) ? 1 : 0;
      |       ^~~~~~
../Core/Lib/Src/ds18b20.c: In function 'Ds18b20_Init':
../Core/Lib/Src/ds18b20.c:37:34: warning: unused variable 'debug_devices' [-Wunused-variable]
   37 |                 volatile uint8_t debug_devices = OneWireDevices;
      |                                  ^~~~~~~~~~~~~
arm-none-eabi-gcc -o "TEMP_sensor.elf" @"objects.list"   -mcpu=cortex-m4 -T"C:\Study\STM32\OJ_tube\TEMP_sensor\STM32F446RETX_FLASH.ld" --specs=nosys.specs -Wl,-Map="TEMP_sensor.map" -Wl,--gc-sections -static --specs=nano.specs -mfpu=fpv4-sp-d16 -mfloat-abi=hard -mthumb -Wl,--start-group -lc -lm -Wl,--end-group
Finished building target: TEMP_sensor.elf
 
arm-none-eabi-size  TEMP_sensor.elf 
arm-none-eabi-objdump -h -S TEMP_sensor.elf  > "TEMP_sensor.list"
   text	   data	    bss	    dec	    hex	filename
  12164	     12	   1812	  13988	   36a4	TEMP_sensor.elf
Finished building: default.size.stdout
 
Finished building: TEMP_sensor.list
 
17:46:01 **** Incremental Build of configuration Debug for project TEMP_sensor ****
make -j8 all 
arm-none-eabi-gcc "../Core/Lib/Src/ds18b20.c" -mcpu=cortex-m4 -std=gnu11 -g3 -DDEBUG -DUSE_HAL_DRIVER -DSTM32F446xx -c -I../Core/Inc -I../Drivers/STM32F4xx_HAL_Driver/Inc -I../Drivers/STM32F4xx_HAL_Driver/Inc/Legacy -I../Drivers/CMSIS/Device/ST/STM32F4xx/Include -I../Drivers/CMSIS/Include -I"C:/Study/STM32/OJ_tube/TEMP_sensor/Core/Lib/Inc" -O0 -ffunction-sections -fdata-sections -Wall -fstack-usage -fcyclomatic-complexity -MMD -MP -MF"Core/Lib/Src/ds18b20.d" -MT"Core/Lib/Src/ds18b20.o" --specs=nano.specs -mfpu=fpv4-sp-d16 -mfloat-abi=hard -mthumb -o "Core/Lib/Src/ds18b20.o"
arm-none-eabi-gcc -o "TEMP_sensor.elf" @"objects.list"   -mcpu=cortex-m4 -T"C:\Study\STM32\OJ_tube\TEMP_sensor\STM32F446RETX_FLASH.ld" --specs=nosys.specs -Wl,-Map="TEMP_sensor.map" -Wl,--gc-sections -static --specs=nano.specs -mfpu=fpv4-sp-d16 -mfloat-abi=hard -mthumb -Wl,--start-group -lc -lm -Wl,--end-group
Finished building target: TEMP_sensor.elf
 
arm-none-eabi-size  TEMP_sensor.elf 
arm-none-eabi-objdump -h -S TEMP_sensor.elf  > "TEMP_sensor.list"
   text	   data	    bss	    dec	    hex	filename
  12168	     12	   1812	  13992	   36a8	TEMP_sensor.elf
Finished building: default.size.stdout
 
Finished building: TEMP_sensor.list
 
17:53:49 **** Incremental Build of configuration Debug for project TEMP_sensor ****
make -j8 all 
arm-none-eabi-gcc "../Core/Lib/Src/onewire.c" -mcpu=cortex-m4 -std=gnu11 -g3 -DDEBUG -DUSE_HAL_DRIVER -DSTM32F446xx -c -I../Core/Inc -I../Drivers/STM32F4xx_HAL_Driver/Inc -I../Drivers/STM32F4xx_HAL_Driver/Inc/Legacy -I../Drivers/CMSIS/Device/ST/STM32F4xx/Include -I../Drivers/CMSIS/Include -I"C:/Study/STM32/OJ_tube/TEMP_sensor/Core/Lib/Inc" -O0 -ffunction-sections -fdata-sections -Wall -fstack-usage -fcyclomatic-complexity -MMD -MP -MF"Core/Lib/Src/onewire.d" -MT"Core/Lib/Src/onewire.o" --specs=nano.specs -mfpu=fpv4-sp-d16 -mfloat-abi=hard -mthumb -o "Core/Lib/Src/onewire.o"
arm-none-eabi-gcc -o "TEMP_sensor.elf" @"objects.list"   -mcpu=cortex-m4 -T"C:\Study\STM32\OJ_tube\TEMP_sensor\STM32F446RETX_FLASH.ld" --specs=nosys.specs -Wl,-Map="TEMP_sensor.map" -Wl,--gc-sections -static --specs=nano.specs -mfpu=fpv4-sp-d16 -mfloat-abi=hard -mthumb -Wl,--start-group -lc -lm -Wl,--end-group
Finished building target: TEMP_sensor.elf
 
arm-none-eabi-size  TEMP_sensor.elf 
arm-none-eabi-objdump -h -S TEMP_sensor.elf  > "TEMP_sensor.list"
   text	   data	    bss	    dec	    hex	filename
  12144	     12	   1812	  13968	   3690	TEMP_sensor.elf
Finished building: default.size.stdout
 
Finished building: TEMP_sensor.list
 
18:08:38 **** Incremental Build of configuration Debug for project TEMP_sensor ****
make -j8 all 
arm-none-eabi-size  TEMP_sensor.elf 
   text	   data	    bss	    dec	    hex	filename
  12144	     12	   1812	  13968	   3690	TEMP_sensor.elf
Finished building: default.size.stdout
 
18:16:31 **** Incremental Build of configuration Debug for project TEMP_sensor ****
make -j8 all 
arm-none-eabi-size  TEMP_sensor.elf 
   text	   data	    bss	    dec	    hex	filename
  12144	     12	   1812	  13968	   3690	TEMP_sensor.elf
Finished building: default.size.stdout
 
22:45:42 **** Incremental Build of configuration Debug for project TEMP_sensor ****
make -j8 all 
arm-none-eabi-gcc "../Core/Lib/Src/onewire.c" -mcpu=cortex-m4 -std=gnu11 -g3 -DDEBUG -DUSE_HAL_DRIVER -DSTM32F446xx -c -I../Core/Inc -I../Drivers/STM32F4xx_HAL_Driver/Inc -I../Drivers/STM32F4xx_HAL_Driver/Inc/Legacy -I../Drivers/CMSIS/Device/ST/STM32F4xx/Include -I../Drivers/CMSIS/Include -I"C:/Study/STM32/OJ_tube/TEMP_sensor/Core/Lib/Inc" -O0 -ffunction-sections -fdata-sections -Wall -fstack-usage -fcyclomatic-complexity -MMD -MP -MF"Core/Lib/Src/onewire.d" -MT"Core/Lib/Src/onewire.o" --specs=nano.specs -mfpu=fpv4-sp-d16 -mfloat-abi=hard -mthumb -o "Core/Lib/Src/onewire.o"
arm-none-eabi-gcc -o "TEMP_sensor.elf" @"objects.list"   -mcpu=cortex-m4 -T"C:\Study\STM32\OJ_tube\TEMP_sensor\STM32F446RETX_FLASH.ld" --specs=nosys.specs -Wl,-Map="TEMP_sensor.map" -Wl,--gc-sections -static --specs=nano.specs -mfpu=fpv4-sp-d16 -mfloat-abi=hard -mthumb -Wl,--start-group -lc -lm -Wl,--end-group
Finished building target: TEMP_sensor.elf
 
arm-none-eabi-size  TEMP_sensor.elf 
arm-none-eabi-objdump -h -S TEMP_sensor.elf  > "TEMP_sensor.list"
   text	   data	    bss	    dec	    hex	filename
  12132	     12	   1812	  13956	   3684	TEMP_sensor.elf
Finished building: default.size.stdout
 
Finished building: TEMP_sensor.list
 
22:48:48 **** Incremental Build of configuration Debug for project TEMP_sensor ****
make -j8 all 
arm-none-eabi-gcc "../Core/Src/main.c" -mcpu=cortex-m4 -std=gnu11 -g3 -DDEBUG -DUSE_HAL_DRIVER -DSTM32F446xx -c -I../Core/Inc -I../Drivers/STM32F4xx_HAL_Driver/Inc -I../Drivers/STM32F4xx_HAL_Driver/Inc/Legacy -I../Drivers/CMSIS/Device/ST/STM32F4xx/Include -I../Drivers/CMSIS/Include -I"C:/Study/STM32/OJ_tube/TEMP_sensor/Core/Lib/Inc" -O0 -ffunction-sections -fdata-sections -Wall -fstack-usage -fcyclomatic-complexity -MMD -MP -MF"Core/Src/main.d" -MT"Core/Src/main.o" --specs=nano.specs -mfpu=fpv4-sp-d16 -mfloat-abi=hard -mthumb -o "Core/Src/main.o"
../Core/Src/main.c: In function 'main':
../Core/Src/main.c:105:7: warning: unused variable 'result' [-Wunused-variable]
  105 |   int result = (Ds18b20_Init()) ? 1 : 0;
      |       ^~~~~~
arm-none-eabi-gcc -o "TEMP_sensor.elf" @"objects.list"   -mcpu=cortex-m4 -T"C:\Study\STM32\OJ_tube\TEMP_sensor\STM32F446RETX_FLASH.ld" --specs=nosys.specs -Wl,-Map="TEMP_sensor.map" -Wl,--gc-sections -static --specs=nano.specs -mfpu=fpv4-sp-d16 -mfloat-abi=hard -mthumb -Wl,--start-group -lc -lm -Wl,--end-group
Finished building target: TEMP_sensor.elf
 
arm-none-eabi-size  TEMP_sensor.elf 
arm-none-eabi-objdump -h -S TEMP_sensor.elf  > "TEMP_sensor.list"
   text	   data	    bss	    dec	    hex	filename
  13636	     12	   1812	  15460	   3c64	TEMP_sensor.elf
Finished building: default.size.stdout
 
Finished building: TEMP_sensor.list
 
22:51:46 **** Build of configuration Debug for project FND_control ****
make -j8 all 
arm-none-eabi-size  FND_control.elf 
   text	   data	    bss	    dec	    hex	filename
   6984	     12	   1604	   8600	   2198	FND_control.elf
Finished building: default.size.stdout
 
22:51:48 **** Build of configuration Debug for project FND_control_SPI ****
make -j8 all 
arm-none-eabi-size  FND_control_SPI.elf 
   text	   data	    bss	    dec	    hex	filename
   8592	     12	   1692	  10296	   2838	FND_control_SPI.elf
Finished building: default.size.stdout
 
22:51:49 **** Build of configuration Debug for project FND_control_switch ****
make -j8 all 
arm-none-eabi-size  FND_control_switch.elf 
   text	   data	    bss	    dec	    hex	filename
   7308	     12	   1604	   8924	   22dc	FND_control_switch.elf
Finished building: default.size.stdout
 
22:51:50 **** Build of configuration Debug for project GPIO_HAL_X ****
make -j8 all 
arm-none-eabi-size  GPIO_HAL_X.elf 
   text	   data	    bss	    dec	    hex	filename
   6468	     12	   1572	   8052	   1f74	GPIO_HAL_X.elf
Finished building: default.size.stdout
 
22:51:51 **** Build of configuration Debug for project Hello_GPIO ****
make -j8 all 
arm-none-eabi-size  Hello_GPIO.elf 
   text	   data	    bss	    dec	    hex	filename
   6464	     12	   1572	   8048	   1f70	Hello_GPIO.elf
Finished building: default.size.stdout
 
22:51:52 **** Build of configuration Debug for project LED_control ****
make -j8 all 
arm-none-eabi-size  LED_control.elf 
   text	   data	    bss	    dec	    hex	filename
   6404	     12	   1572	   7988	   1f34	LED_control.elf
Finished building: default.size.stdout
 
22:51:52 **** Build of configuration Debug for project LED_control_switch ****
make -j8 all 
arm-none-eabi-size  LED_control_switch.elf 
   text	   data	    bss	    dec	    hex	filename
   6416	     12	   1572	   8000	   1f40	LED_control_switch.elf
Finished building: default.size.stdout
 
22:51:53 **** Incremental Build of configuration Debug for project TEMP_sensor ****
make -j8 all 
arm-none-eabi-size  TEMP_sensor.elf 
   text	   data	    bss	    dec	    hex	filename
  13636	     12	   1812	  15460	   3c64	TEMP_sensor.elf
Finished building: default.size.stdout
 
22:51:54 **** Build of configuration Debug for project first_ ****
make -j8 all 
arm-none-eabi-size  first_.elf 
   text	   data	    bss	    dec	    hex	filename
   8640	     12	   1644	  10296	   2838	first_.elf
Finished building: default.size.stdout
 
22:51:55 **** Build of configuration Debug for project switch_test ****
make -j8 all 
arm-none-eabi-size  switch_test.elf 
   text	   data	    bss	    dec	    hex	filename
   6380	     12	   1572	   7964	   1f1c	switch_test.elf
Finished building: default.size.stdout
 
22:51:56 **** Build of configuration Debug for project uart_printf ****
make -j8 all 
arm-none-eabi-size  uart_printf.elf 
   text	   data	    bss	    dec	    hex	filename
  23324	    468	   1988	  25780	   64b4	uart_printf.elf
Finished building: default.size.stdout
 
22:52:39 **** Incremental Build of configuration Debug for project FND_control ****
make -j8 all 
arm-none-eabi-size  FND_control.elf 
   text	   data	    bss	    dec	    hex	filename
   6984	     12	   1604	   8600	   2198	FND_control.elf
Finished building: default.size.stdout
 
22:52:39 **** Incremental Build of configuration Debug for project FND_control_SPI ****
make -j8 all 
arm-none-eabi-size  FND_control_SPI.elf 
   text	   data	    bss	    dec	    hex	filename
   8592	     12	   1692	  10296	   2838	FND_control_SPI.elf
Finished building: default.size.stdout
 
22:52:40 **** Incremental Build of configuration Debug for project FND_control_switch ****
make -j8 all 
arm-none-eabi-size  FND_control_switch.elf 
   text	   data	    bss	    dec	    hex	filename
   7308	     12	   1604	   8924	   22dc	FND_control_switch.elf
Finished building: default.size.stdout
 
22:52:41 **** Incremental Build of configuration Debug for project GPIO_HAL_X ****
make -j8 all 
arm-none-eabi-size  GPIO_HAL_X.elf 
   text	   data	    bss	    dec	    hex	filename
   6468	     12	   1572	   8052	   1f74	GPIO_HAL_X.elf
Finished building: default.size.stdout
 
22:52:42 **** Incremental Build of configuration Debug for project Hello_GPIO ****
make -j8 all 
arm-none-eabi-size  Hello_GPIO.elf 
   text	   data	    bss	    dec	    hex	filename
   6464	     12	   1572	   8048	   1f70	Hello_GPIO.elf
Finished building: default.size.stdout
 
22:52:43 **** Incremental Build of configuration Debug for project LED_control ****
make -j8 all 
arm-none-eabi-size  LED_control.elf 
   text	   data	    bss	    dec	    hex	filename
   6404	     12	   1572	   7988	   1f34	LED_control.elf
Finished building: default.size.stdout
 
22:52:43 **** Incremental Build of configuration Debug for project LED_control_switch ****
make -j8 all 
arm-none-eabi-size  LED_control_switch.elf 
   text	   data	    bss	    dec	    hex	filename
   6416	     12	   1572	   8000	   1f40	LED_control_switch.elf
Finished building: default.size.stdout
 
22:52:44 **** Incremental Build of configuration Debug for project TEMP_sensor ****
make -j8 all 
arm-none-eabi-gcc "../Core/Src/main.c" -mcpu=cortex-m4 -std=gnu11 -g3 -DDEBUG -DUSE_HAL_DRIVER -DSTM32F446xx -c -I../Core/Inc -I../Drivers/STM32F4xx_HAL_Driver/Inc -I../Drivers/STM32F4xx_HAL_Driver/Inc/Legacy -I../Drivers/CMSIS/Device/ST/STM32F4xx/Include -I../Drivers/CMSIS/Include -I"C:/Study/STM32/OJ_tube/TEMP_sensor/Core/Lib/Inc" -O0 -ffunction-sections -fdata-sections -Wall -fstack-usage -fcyclomatic-complexity -MMD -MP -MF"Core/Src/main.d" -MT"Core/Src/main.o" --specs=nano.specs -mfpu=fpv4-sp-d16 -mfloat-abi=hard -mthumb -o "Core/Src/main.o"
arm-none-eabi-gcc -o "TEMP_sensor.elf" @"objects.list"   -mcpu=cortex-m4 -T"C:\Study\STM32\OJ_tube\TEMP_sensor\STM32F446RETX_FLASH.ld" --specs=nosys.specs -Wl,-Map="TEMP_sensor.map" -Wl,--gc-sections -static --specs=nano.specs -mfpu=fpv4-sp-d16 -mfloat-abi=hard -mthumb -Wl,--start-group -lc -lm -Wl,--end-group
Finished building target: TEMP_sensor.elf
 
arm-none-eabi-size  TEMP_sensor.elf 
arm-none-eabi-objdump -h -S TEMP_sensor.elf  > "TEMP_sensor.list"
   text	   data	    bss	    dec	    hex	filename
  13632	     12	   1812	  15456	   3c60	TEMP_sensor.elf
Finished building: default.size.stdout
 
Finished building: TEMP_sensor.list
 
22:52:46 **** Incremental Build of configuration Debug for project first_ ****
make -j8 all 
arm-none-eabi-size  first_.elf 
   text	   data	    bss	    dec	    hex	filename
   8640	     12	   1644	  10296	   2838	first_.elf
Finished building: default.size.stdout
 
22:52:47 **** Incremental Build of configuration Debug for project switch_test ****
make -j8 all 
arm-none-eabi-size  switch_test.elf 
   text	   data	    bss	    dec	    hex	filename
   6380	     12	   1572	   7964	   1f1c	switch_test.elf
Finished building: default.size.stdout
 
22:52:48 **** Incremental Build of configuration Debug for project uart_printf ****
make -j8 all 
arm-none-eabi-size  uart_printf.elf 
   text	   data	    bss	    dec	    hex	filename
  23324	    468	   1988	  25780	   64b4	uart_printf.elf
Finished building: default.size.stdout
 
22:54:53 **** Incremental Build of configuration Debug for project FND_control ****
make -j8 all 
arm-none-eabi-size  FND_control.elf 
   text	   data	    bss	    dec	    hex	filename
   6984	     12	   1604	   8600	   2198	FND_control.elf
Finished building: default.size.stdout
 
22:54:56 **** Incremental Build of configuration Debug for project FND_control_SPI ****
make -j8 all 
arm-none-eabi-size  FND_control_SPI.elf 
   text	   data	    bss	    dec	    hex	filename
   8592	     12	   1692	  10296	   2838	FND_control_SPI.elf
Finished building: default.size.stdout
 
22:54:57 **** Incremental Build of configuration Debug for project FND_control_switch ****
make -j8 all 
arm-none-eabi-size  FND_control_switch.elf 
   text	   data	    bss	    dec	    hex	filename
   7308	     12	   1604	   8924	   22dc	FND_control_switch.elf
Finished building: default.size.stdout
 
22:54:58 **** Incremental Build of configuration Debug for project GPIO_HAL_X ****
make -j8 all 
arm-none-eabi-size  GPIO_HAL_X.elf 
   text	   data	    bss	    dec	    hex	filename
   6468	     12	   1572	   8052	   1f74	GPIO_HAL_X.elf
Finished building: default.size.stdout
 
22:54:58 **** Incremental Build of configuration Debug for project Hello_GPIO ****
make -j8 all 
arm-none-eabi-size  Hello_GPIO.elf 
   text	   data	    bss	    dec	    hex	filename
   6464	     12	   1572	   8048	   1f70	Hello_GPIO.elf
Finished building: default.size.stdout
 
22:54:59 **** Incremental Build of configuration Debug for project LED_control ****
make -j8 all 
arm-none-eabi-size  LED_control.elf 
   text	   data	    bss	    dec	    hex	filename
   6404	     12	   1572	   7988	   1f34	LED_control.elf
Finished building: default.size.stdout
 
22:55:00 **** Incremental Build of configuration Debug for project LED_control_switch ****
make -j8 all 
arm-none-eabi-size  LED_control_switch.elf 
   text	   data	    bss	    dec	    hex	filename
   6416	     12	   1572	   8000	   1f40	LED_control_switch.elf
Finished building: default.size.stdout
 
22:55:01 **** Incremental Build of configuration Debug for project TEMP_sensor ****
make -j8 all 
arm-none-eabi-gcc "../Core/Lib/Src/onewire.c" -mcpu=cortex-m4 -std=gnu11 -g3 -DDEBUG -DUSE_HAL_DRIVER -DSTM32F446xx -c -I../Core/Inc -I../Drivers/STM32F4xx_HAL_Driver/Inc -I../Drivers/STM32F4xx_HAL_Driver/Inc/Legacy -I../Drivers/CMSIS/Device/ST/STM32F4xx/Include -I../Drivers/CMSIS/Include -I"C:/Study/STM32/OJ_tube/TEMP_sensor/Core/Lib/Inc" -O0 -ffunction-sections -fdata-sections -Wall -fstack-usage -fcyclomatic-complexity -MMD -MP -MF"Core/Lib/Src/onewire.d" -MT"Core/Lib/Src/onewire.o" --specs=nano.specs -mfpu=fpv4-sp-d16 -mfloat-abi=hard -mthumb -o "Core/Lib/Src/onewire.o"
arm-none-eabi-gcc -o "TEMP_sensor.elf" @"objects.list"   -mcpu=cortex-m4 -T"C:\Study\STM32\OJ_tube\TEMP_sensor\STM32F446RETX_FLASH.ld" --specs=nosys.specs -Wl,-Map="TEMP_sensor.map" -Wl,--gc-sections -static --specs=nano.specs -mfpu=fpv4-sp-d16 -mfloat-abi=hard -mthumb -Wl,--start-group -lc -lm -Wl,--end-group
Finished building target: TEMP_sensor.elf
 
arm-none-eabi-size  TEMP_sensor.elf 
arm-none-eabi-objdump -h -S TEMP_sensor.elf  > "TEMP_sensor.list"
   text	   data	    bss	    dec	    hex	filename
  13632	     12	   1812	  15456	   3c60	TEMP_sensor.elf
Finished building: default.size.stdout
 
Finished building: TEMP_sensor.list
 
22:55:10 **** Incremental Build of configuration Debug for project first_ ****
make -j8 all 
arm-none-eabi-size  first_.elf 
   text	   data	    bss	    dec	    hex	filename
   8640	     12	   1644	  10296	   2838	first_.elf
Finished building: default.size.stdout
 
22:55:11 **** Incremental Build of configuration Debug for project switch_test ****
make -j8 all 
arm-none-eabi-size  switch_test.elf 
   text	   data	    bss	    dec	    hex	filename
   6380	     12	   1572	   7964	   1f1c	switch_test.elf
Finished building: default.size.stdout
 
22:55:12 **** Incremental Build of configuration Debug for project uart_printf ****
make -j8 all 
arm-none-eabi-size  uart_printf.elf 
   text	   data	    bss	    dec	    hex	filename
  23324	    468	   1988	  25780	   64b4	uart_printf.elf
Finished building: default.size.stdout
 
23:17:11 **** Incremental Build of configuration Debug for project TEMP_sensor ****
make -j8 all 
arm-none-eabi-gcc "../Drivers/STM32F4xx_HAL_Driver/Src/stm32f4xx_hal.c" -mcpu=cortex-m4 -std=gnu11 -g3 -DDEBUG -DUSE_HAL_DRIVER -DSTM32F446xx -c -I../Core/Inc -I../Drivers/STM32F4xx_HAL_Driver/Inc -I../Drivers/STM32F4xx_HAL_Driver/Inc/Legacy -I../Drivers/CMSIS/Device/ST/STM32F4xx/Include -I../Drivers/CMSIS/Include -O0 -ffunction-sections -fdata-sections -Wall -fstack-usage -fcyclomatic-complexity -MMD -MP -MF"Drivers/STM32F4xx_HAL_Driver/Src/stm32f4xx_hal.d" -MT"Drivers/STM32F4xx_HAL_Driver/Src/stm32f4xx_hal.o" --specs=nano.specs -mfpu=fpv4-sp-d16 -mfloat-abi=hard -mthumb -o "Drivers/STM32F4xx_HAL_Driver/Src/stm32f4xx_hal.o"
arm-none-eabi-gcc "../Drivers/STM32F4xx_HAL_Driver/Src/stm32f4xx_hal_cortex.c" -mcpu=cortex-m4 -std=gnu11 -g3 -DDEBUG -DUSE_HAL_DRIVER -DSTM32F446xx -c -I../Core/Inc -I../Drivers/STM32F4xx_HAL_Driver/Inc -I../Drivers/STM32F4xx_HAL_Driver/Inc/Legacy -I../Drivers/CMSIS/Device/ST/STM32F4xx/Include -I../Drivers/CMSIS/Include -O0 -ffunction-sections -fdata-sections -Wall -fstack-usage -fcyclomatic-complexity -MMD -MP -MF"Drivers/STM32F4xx_HAL_Driver/Src/stm32f4xx_hal_cortex.d" -MT"Drivers/STM32F4xx_HAL_Driver/Src/stm32f4xx_hal_cortex.o" --specs=nano.specs -mfpu=fpv4-sp-d16 -mfloat-abi=hard -mthumb -o "Drivers/STM32F4xx_HAL_Driver/Src/stm32f4xx_hal_cortex.o"
arm-none-eabi-gcc "../Drivers/STM32F4xx_HAL_Driver/Src/stm32f4xx_hal_dma.c" -mcpu=cortex-m4 -std=gnu11 -g3 -DDEBUG -DUSE_HAL_DRIVER -DSTM32F446xx -c -I../Core/Inc -I../Drivers/STM32F4xx_HAL_Driver/Inc -I../Drivers/STM32F4xx_HAL_Driver/Inc/Legacy -I../Drivers/CMSIS/Device/ST/STM32F4xx/Include -I../Drivers/CMSIS/Include -O0 -ffunction-sections -fdata-sections -Wall -fstack-usage -fcyclomatic-complexity -MMD -MP -MF"Drivers/STM32F4xx_HAL_Driver/Src/stm32f4xx_hal_dma.d" -MT"Drivers/STM32F4xx_HAL_Driver/Src/stm32f4xx_hal_dma.o" --specs=nano.specs -mfpu=fpv4-sp-d16 -mfloat-abi=hard -mthumb -o "Drivers/STM32F4xx_HAL_Driver/Src/stm32f4xx_hal_dma.o"
arm-none-eabi-gcc "../Drivers/STM32F4xx_HAL_Driver/Src/stm32f4xx_hal_dma_ex.c" -mcpu=cortex-m4 -std=gnu11 -g3 -DDEBUG -DUSE_HAL_DRIVER -DSTM32F446xx -c -I../Core/Inc -I../Drivers/STM32F4xx_HAL_Driver/Inc -I../Drivers/STM32F4xx_HAL_Driver/Inc/Legacy -I../Drivers/CMSIS/Device/ST/STM32F4xx/Include -I../Drivers/CMSIS/Include -O0 -ffunction-sections -fdata-sections -Wall -fstack-usage -fcyclomatic-complexity -MMD -MP -MF"Drivers/STM32F4xx_HAL_Driver/Src/stm32f4xx_hal_dma_ex.d" -MT"Drivers/STM32F4xx_HAL_Driver/Src/stm32f4xx_hal_dma_ex.o" --specs=nano.specs -mfpu=fpv4-sp-d16 -mfloat-abi=hard -mthumb -o "Drivers/STM32F4xx_HAL_Driver/Src/stm32f4xx_hal_dma_ex.o"
arm-none-eabi-gcc "../Drivers/STM32F4xx_HAL_Driver/Src/stm32f4xx_hal_exti.c" -mcpu=cortex-m4 -std=gnu11 -g3 -DDEBUG -DUSE_HAL_DRIVER -DSTM32F446xx -c -I../Core/Inc -I../Drivers/STM32F4xx_HAL_Driver/Inc -I../Drivers/STM32F4xx_HAL_Driver/Inc/Legacy -I../Drivers/CMSIS/Device/ST/STM32F4xx/Include -I../Drivers/CMSIS/Include -O0 -ffunction-sections -fdata-sections -Wall -fstack-usage -fcyclomatic-complexity -MMD -MP -MF"Drivers/STM32F4xx_HAL_Driver/Src/stm32f4xx_hal_exti.d" -MT"Drivers/STM32F4xx_HAL_Driver/Src/stm32f4xx_hal_exti.o" --specs=nano.specs -mfpu=fpv4-sp-d16 -mfloat-abi=hard -mthumb -o "Drivers/STM32F4xx_HAL_Driver/Src/stm32f4xx_hal_exti.o"
arm-none-eabi-gcc "../Drivers/STM32F4xx_HAL_Driver/Src/stm32f4xx_hal_flash.c" -mcpu=cortex-m4 -std=gnu11 -g3 -DDEBUG -DUSE_HAL_DRIVER -DSTM32F446xx -c -I../Core/Inc -I../Drivers/STM32F4xx_HAL_Driver/Inc -I../Drivers/STM32F4xx_HAL_Driver/Inc/Legacy -I../Drivers/CMSIS/Device/ST/STM32F4xx/Include -I../Drivers/CMSIS/Include -O0 -ffunction-sections -fdata-sections -Wall -fstack-usage -fcyclomatic-complexity -MMD -MP -MF"Drivers/STM32F4xx_HAL_Driver/Src/stm32f4xx_hal_flash.d" -MT"Drivers/STM32F4xx_HAL_Driver/Src/stm32f4xx_hal_flash.o" --specs=nano.specs -mfpu=fpv4-sp-d16 -mfloat-abi=hard -mthumb -o "Drivers/STM32F4xx_HAL_Driver/Src/stm32f4xx_hal_flash.o"
arm-none-eabi-gcc "../Drivers/STM32F4xx_HAL_Driver/Src/stm32f4xx_hal_flash_ex.c" -mcpu=cortex-m4 -std=gnu11 -g3 -DDEBUG -DUSE_HAL_DRIVER -DSTM32F446xx -c -I../Core/Inc -I../Drivers/STM32F4xx_HAL_Driver/Inc -I../Drivers/STM32F4xx_HAL_Driver/Inc/Legacy -I../Drivers/CMSIS/Device/ST/STM32F4xx/Include -I../Drivers/CMSIS/Include -O0 -ffunction-sections -fdata-sections -Wall -fstack-usage -fcyclomatic-complexity -MMD -MP -MF"Drivers/STM32F4xx_HAL_Driver/Src/stm32f4xx_hal_flash_ex.d" -MT"Drivers/STM32F4xx_HAL_Driver/Src/stm32f4xx_hal_flash_ex.o" --specs=nano.specs -mfpu=fpv4-sp-d16 -mfloat-abi=hard -mthumb -o "Drivers/STM32F4xx_HAL_Driver/Src/stm32f4xx_hal_flash_ex.o"
arm-none-eabi-gcc "../Drivers/STM32F4xx_HAL_Driver/Src/stm32f4xx_hal_flash_ramfunc.c" -mcpu=cortex-m4 -std=gnu11 -g3 -DDEBUG -DUSE_HAL_DRIVER -DSTM32F446xx -c -I../Core/Inc -I../Drivers/STM32F4xx_HAL_Driver/Inc -I../Drivers/STM32F4xx_HAL_Driver/Inc/Legacy -I../Drivers/CMSIS/Device/ST/STM32F4xx/Include -I../Drivers/CMSIS/Include -O0 -ffunction-sections -fdata-sections -Wall -fstack-usage -fcyclomatic-complexity -MMD -MP -MF"Drivers/STM32F4xx_HAL_Driver/Src/stm32f4xx_hal_flash_ramfunc.d" -MT"Drivers/STM32F4xx_HAL_Driver/Src/stm32f4xx_hal_flash_ramfunc.o" --specs=nano.specs -mfpu=fpv4-sp-d16 -mfloat-abi=hard -mthumb -o "Drivers/STM32F4xx_HAL_Driver/Src/stm32f4xx_hal_flash_ramfunc.o"
arm-none-eabi-gcc "../Drivers/STM32F4xx_HAL_Driver/Src/stm32f4xx_hal_gpio.c" -mcpu=cortex-m4 -std=gnu11 -g3 -DDEBUG -DUSE_HAL_DRIVER -DSTM32F446xx -c -I../Core/Inc -I../Drivers/STM32F4xx_HAL_Driver/Inc -I../Drivers/STM32F4xx_HAL_Driver/Inc/Legacy -I../Drivers/CMSIS/Device/ST/STM32F4xx/Include -I../Drivers/CMSIS/Include -O0 -ffunction-sections -fdata-sections -Wall -fstack-usage -fcyclomatic-complexity -MMD -MP -MF"Drivers/STM32F4xx_HAL_Driver/Src/stm32f4xx_hal_gpio.d" -MT"Drivers/STM32F4xx_HAL_Driver/Src/stm32f4xx_hal_gpio.o" --specs=nano.specs -mfpu=fpv4-sp-d16 -mfloat-abi=hard -mthumb -o "Drivers/STM32F4xx_HAL_Driver/Src/stm32f4xx_hal_gpio.o"
arm-none-eabi-gcc "../Drivers/STM32F4xx_HAL_Driver/Src/stm32f4xx_hal_pwr.c" -mcpu=cortex-m4 -std=gnu11 -g3 -DDEBUG -DUSE_HAL_DRIVER -DSTM32F446xx -c -I../Core/Inc -I../Drivers/STM32F4xx_HAL_Driver/Inc -I../Drivers/STM32F4xx_HAL_Driver/Inc/Legacy -I../Drivers/CMSIS/Device/ST/STM32F4xx/Include -I../Drivers/CMSIS/Include -O0 -ffunction-sections -fdata-sections -Wall -fstack-usage -fcyclomatic-complexity -MMD -MP -MF"Drivers/STM32F4xx_HAL_Driver/Src/stm32f4xx_hal_pwr.d" -MT"Drivers/STM32F4xx_HAL_Driver/Src/stm32f4xx_hal_pwr.o" --specs=nano.specs -mfpu=fpv4-sp-d16 -mfloat-abi=hard -mthumb -o "Drivers/STM32F4xx_HAL_Driver/Src/stm32f4xx_hal_pwr.o"
arm-none-eabi-gcc "../Drivers/STM32F4xx_HAL_Driver/Src/stm32f4xx_hal_pwr_ex.c" -mcpu=cortex-m4 -std=gnu11 -g3 -DDEBUG -DUSE_HAL_DRIVER -DSTM32F446xx -c -I../Core/Inc -I../Drivers/STM32F4xx_HAL_Driver/Inc -I../Drivers/STM32F4xx_HAL_Driver/Inc/Legacy -I../Drivers/CMSIS/Device/ST/STM32F4xx/Include -I../Drivers/CMSIS/Include -O0 -ffunction-sections -fdata-sections -Wall -fstack-usage -fcyclomatic-complexity -MMD -MP -MF"Drivers/STM32F4xx_HAL_Driver/Src/stm32f4xx_hal_pwr_ex.d" -MT"Drivers/STM32F4xx_HAL_Driver/Src/stm32f4xx_hal_pwr_ex.o" --specs=nano.specs -mfpu=fpv4-sp-d16 -mfloat-abi=hard -mthumb -o "Drivers/STM32F4xx_HAL_Driver/Src/stm32f4xx_hal_pwr_ex.o"
arm-none-eabi-gcc "../Drivers/STM32F4xx_HAL_Driver/Src/stm32f4xx_hal_rcc.c" -mcpu=cortex-m4 -std=gnu11 -g3 -DDEBUG -DUSE_HAL_DRIVER -DSTM32F446xx -c -I../Core/Inc -I../Drivers/STM32F4xx_HAL_Driver/Inc -I../Drivers/STM32F4xx_HAL_Driver/Inc/Legacy -I../Drivers/CMSIS/Device/ST/STM32F4xx/Include -I../Drivers/CMSIS/Include -O0 -ffunction-sections -fdata-sections -Wall -fstack-usage -fcyclomatic-complexity -MMD -MP -MF"Drivers/STM32F4xx_HAL_Driver/Src/stm32f4xx_hal_rcc.d" -MT"Drivers/STM32F4xx_HAL_Driver/Src/stm32f4xx_hal_rcc.o" --specs=nano.specs -mfpu=fpv4-sp-d16 -mfloat-abi=hard -mthumb -o "Drivers/STM32F4xx_HAL_Driver/Src/stm32f4xx_hal_rcc.o"
arm-none-eabi-gcc "../Drivers/STM32F4xx_HAL_Driver/Src/stm32f4xx_hal_rcc_ex.c" -mcpu=cortex-m4 -std=gnu11 -g3 -DDEBUG -DUSE_HAL_DRIVER -DSTM32F446xx -c -I../Core/Inc -I../Drivers/STM32F4xx_HAL_Driver/Inc -I../Drivers/STM32F4xx_HAL_Driver/Inc/Legacy -I../Drivers/CMSIS/Device/ST/STM32F4xx/Include -I../Drivers/CMSIS/Include -O0 -ffunction-sections -fdata-sections -Wall -fstack-usage -fcyclomatic-complexity -MMD -MP -MF"Drivers/STM32F4xx_HAL_Driver/Src/stm32f4xx_hal_rcc_ex.d" -MT"Drivers/STM32F4xx_HAL_Driver/Src/stm32f4xx_hal_rcc_ex.o" --specs=nano.specs -mfpu=fpv4-sp-d16 -mfloat-abi=hard -mthumb -o "Drivers/STM32F4xx_HAL_Driver/Src/stm32f4xx_hal_rcc_ex.o"
arm-none-eabi-gcc "../Drivers/STM32F4xx_HAL_Driver/Src/stm32f4xx_hal_tim.c" -mcpu=cortex-m4 -std=gnu11 -g3 -DDEBUG -DUSE_HAL_DRIVER -DSTM32F446xx -c -I../Core/Inc -I../Drivers/STM32F4xx_HAL_Driver/Inc -I../Drivers/STM32F4xx_HAL_Driver/Inc/Legacy -I../Drivers/CMSIS/Device/ST/STM32F4xx/Include -I../Drivers/CMSIS/Include -O0 -ffunction-sections -fdata-sections -Wall -fstack-usage -fcyclomatic-complexity -MMD -MP -MF"Drivers/STM32F4xx_HAL_Driver/Src/stm32f4xx_hal_tim.d" -MT"Drivers/STM32F4xx_HAL_Driver/Src/stm32f4xx_hal_tim.o" --specs=nano.specs -mfpu=fpv4-sp-d16 -mfloat-abi=hard -mthumb -o "Drivers/STM32F4xx_HAL_Driver/Src/stm32f4xx_hal_tim.o"
arm-none-eabi-gcc "../Drivers/STM32F4xx_HAL_Driver/Src/stm32f4xx_hal_tim_ex.c" -mcpu=cortex-m4 -std=gnu11 -g3 -DDEBUG -DUSE_HAL_DRIVER -DSTM32F446xx -c -I../Core/Inc -I../Drivers/STM32F4xx_HAL_Driver/Inc -I../Drivers/STM32F4xx_HAL_Driver/Inc/Legacy -I../Drivers/CMSIS/Device/ST/STM32F4xx/Include -I../Drivers/CMSIS/Include -O0 -ffunction-sections -fdata-sections -Wall -fstack-usage -fcyclomatic-complexity -MMD -MP -MF"Drivers/STM32F4xx_HAL_Driver/Src/stm32f4xx_hal_tim_ex.d" -MT"Drivers/STM32F4xx_HAL_Driver/Src/stm32f4xx_hal_tim_ex.o" --specs=nano.specs -mfpu=fpv4-sp-d16 -mfloat-abi=hard -mthumb -o "Drivers/STM32F4xx_HAL_Driver/Src/stm32f4xx_hal_tim_ex.o"
arm-none-eabi-gcc "../Core/Src/FND_controller.c" -mcpu=cortex-m4 -std=gnu11 -g3 -DDEBUG -DUSE_HAL_DRIVER -DSTM32F446xx -c -I../Core/Inc -I../Drivers/STM32F4xx_HAL_Driver/Inc -I../Drivers/STM32F4xx_HAL_Driver/Inc/Legacy -I../Drivers/CMSIS/Device/ST/STM32F4xx/Include -I../Drivers/CMSIS/Include -I"C:/Study/STM32/OJ_tube/TEMP_sensor/Core/Lib/Inc" -O0 -ffunction-sections -fdata-sections -Wall -fstack-usage -fcyclomatic-complexity -MMD -MP -MF"Core/Src/FND_controller.d" -MT"Core/Src/FND_controller.o" --specs=nano.specs -mfpu=fpv4-sp-d16 -mfloat-abi=hard -mthumb -o "Core/Src/FND_controller.o"
In file included from ../Core/Src/FND_controller.c:1:
../Core/Src/FND_controller.h:15:15: error: unknown type name 'SPI_HandleTypeDef'; did you mean 'TIM_HandleTypeDef'?
   15 | void init_FND(SPI_HandleTypeDef * hspi);
      |               ^~~~~~~~~~~~~~~~~
      |               TIM_HandleTypeDef
../Core/Src/FND_controller.c:5:8: error: unknown type name 'SPI_HandleTypeDef'
    5 | static SPI_HandleTypeDef * mhspi;
      |        ^~~~~~~~~~~~~~~~~
../Core/Src/FND_controller.c:8:15: error: unknown type name 'SPI_HandleTypeDef'; did you mean 'TIM_HandleTypeDef'?
    8 | void init_FND(SPI_HandleTypeDef * hspi)
      |               ^~~~~~~~~~~~~~~~~
      |               TIM_HandleTypeDef
../Core/Src/FND_controller.c:5:28: warning: 'mhspi' defined but not used [-Wunused-variable]
    5 | static SPI_HandleTypeDef * mhspi;
      |                            ^~~~~
make: *** [Core/Src/subdir.mk:37: Core/Src/FND_controller.o] Error 1
make: *** Waiting for unfinished jobs....
"make -j8 all" terminated with exit code 2. Build might be incomplete.
23:17:49 **** Incremental Build of configuration Debug for project FND_control ****
make -j8 all 
arm-none-eabi-size  FND_control.elf 
   text	   data	    bss	    dec	    hex	filename
   6984	     12	   1604	   8600	   2198	FND_control.elf
Finished building: default.size.stdout
 
23:17:50 **** Incremental Build of configuration Debug for project FND_control_SPI ****
make -j8 all 
arm-none-eabi-size  FND_control_SPI.elf 
   text	   data	    bss	    dec	    hex	filename
   8592	     12	   1692	  10296	   2838	FND_control_SPI.elf
Finished building: default.size.stdout
 
23:17:50 **** Incremental Build of configuration Debug for project FND_control_switch ****
make -j8 all 
arm-none-eabi-size  FND_control_switch.elf 
   text	   data	    bss	    dec	    hex	filename
   7308	     12	   1604	   8924	   22dc	FND_control_switch.elf
Finished building: default.size.stdout
 
23:17:51 **** Incremental Build of configuration Debug for project GPIO_HAL_X ****
make -j8 all 
arm-none-eabi-size  GPIO_HAL_X.elf 
   text	   data	    bss	    dec	    hex	filename
   6468	     12	   1572	   8052	   1f74	GPIO_HAL_X.elf
Finished building: default.size.stdout
 
23:17:52 **** Incremental Build of configuration Debug for project Hello_GPIO ****
make -j8 all 
arm-none-eabi-size  Hello_GPIO.elf 
   text	   data	    bss	    dec	    hex	filename
   6464	     12	   1572	   8048	   1f70	Hello_GPIO.elf
Finished building: default.size.stdout
 
23:17:52 **** Incremental Build of configuration Debug for project LED_control ****
make -j8 all 
arm-none-eabi-size  LED_control.elf 
   text	   data	    bss	    dec	    hex	filename
   6404	     12	   1572	   7988	   1f34	LED_control.elf
Finished building: default.size.stdout
 
23:17:53 **** Incremental Build of configuration Debug for project LED_control_switch ****
make -j8 all 
arm-none-eabi-size  LED_control_switch.elf 
   text	   data	    bss	    dec	    hex	filename
   6416	     12	   1572	   8000	   1f40	LED_control_switch.elf
Finished building: default.size.stdout
 
23:17:53 **** Incremental Build of configuration Debug for project TEMP_sensor ****
make -j8 all 
arm-none-eabi-gcc "../Core/Src/FND_controller.c" -mcpu=cortex-m4 -std=gnu11 -g3 -DDEBUG -DUSE_HAL_DRIVER -DSTM32F446xx -c -I../Core/Inc -I../Drivers/STM32F4xx_HAL_Driver/Inc -I../Drivers/STM32F4xx_HAL_Driver/Inc/Legacy -I../Drivers/CMSIS/Device/ST/STM32F4xx/Include -I../Drivers/CMSIS/Include -I"C:/Study/STM32/OJ_tube/TEMP_sensor/Core/Lib/Inc" -O0 -ffunction-sections -fdata-sections -Wall -fstack-usage -fcyclomatic-complexity -MMD -MP -MF"Core/Src/FND_controller.d" -MT"Core/Src/FND_controller.o" --specs=nano.specs -mfpu=fpv4-sp-d16 -mfloat-abi=hard -mthumb -o "Core/Src/FND_controller.o"
arm-none-eabi-gcc "../Core/Src/main.c" -mcpu=cortex-m4 -std=gnu11 -g3 -DDEBUG -DUSE_HAL_DRIVER -DSTM32F446xx -c -I../Core/Inc -I../Drivers/STM32F4xx_HAL_Driver/Inc -I../Drivers/STM32F4xx_HAL_Driver/Inc/Legacy -I../Drivers/CMSIS/Device/ST/STM32F4xx/Include -I../Drivers/CMSIS/Include -I"C:/Study/STM32/OJ_tube/TEMP_sensor/Core/Lib/Inc" -O0 -ffunction-sections -fdata-sections -Wall -fstack-usage -fcyclomatic-complexity -MMD -MP -MF"Core/Src/main.d" -MT"Core/Src/main.o" --specs=nano.specs -mfpu=fpv4-sp-d16 -mfloat-abi=hard -mthumb -o "Core/Src/main.o"
arm-none-eabi-gcc "../Core/Src/stm32f4xx_hal_msp.c" -mcpu=cortex-m4 -std=gnu11 -g3 -DDEBUG -DUSE_HAL_DRIVER -DSTM32F446xx -c -I../Core/Inc -I../Drivers/STM32F4xx_HAL_Driver/Inc -I../Drivers/STM32F4xx_HAL_Driver/Inc/Legacy -I../Drivers/CMSIS/Device/ST/STM32F4xx/Include -I../Drivers/CMSIS/Include -I"C:/Study/STM32/OJ_tube/TEMP_sensor/Core/Lib/Inc" -O0 -ffunction-sections -fdata-sections -Wall -fstack-usage -fcyclomatic-complexity -MMD -MP -MF"Core/Src/stm32f4xx_hal_msp.d" -MT"Core/Src/stm32f4xx_hal_msp.o" --specs=nano.specs -mfpu=fpv4-sp-d16 -mfloat-abi=hard -mthumb -o "Core/Src/stm32f4xx_hal_msp.o"
arm-none-eabi-gcc "../Core/Src/stm32f4xx_it.c" -mcpu=cortex-m4 -std=gnu11 -g3 -DDEBUG -DUSE_HAL_DRIVER -DSTM32F446xx -c -I../Core/Inc -I../Drivers/STM32F4xx_HAL_Driver/Inc -I../Drivers/STM32F4xx_HAL_Driver/Inc/Legacy -I../Drivers/CMSIS/Device/ST/STM32F4xx/Include -I../Drivers/CMSIS/Include -I"C:/Study/STM32/OJ_tube/TEMP_sensor/Core/Lib/Inc" -O0 -ffunction-sections -fdata-sections -Wall -fstack-usage -fcyclomatic-complexity -MMD -MP -MF"Core/Src/stm32f4xx_it.d" -MT"Core/Src/stm32f4xx_it.o" --specs=nano.specs -mfpu=fpv4-sp-d16 -mfloat-abi=hard -mthumb -o "Core/Src/stm32f4xx_it.o"
arm-none-eabi-gcc "../Core/Src/system_stm32f4xx.c" -mcpu=cortex-m4 -std=gnu11 -g3 -DDEBUG -DUSE_HAL_DRIVER -DSTM32F446xx -c -I../Core/Inc -I../Drivers/STM32F4xx_HAL_Driver/Inc -I../Drivers/STM32F4xx_HAL_Driver/Inc/Legacy -I../Drivers/CMSIS/Device/ST/STM32F4xx/Include -I../Drivers/CMSIS/Include -I"C:/Study/STM32/OJ_tube/TEMP_sensor/Core/Lib/Inc" -O0 -ffunction-sections -fdata-sections -Wall -fstack-usage -fcyclomatic-complexity -MMD -MP -MF"Core/Src/system_stm32f4xx.d" -MT"Core/Src/system_stm32f4xx.o" --specs=nano.specs -mfpu=fpv4-sp-d16 -mfloat-abi=hard -mthumb -o "Core/Src/system_stm32f4xx.o"
arm-none-eabi-gcc "../Core/Lib/Src/ds18b20.c" -mcpu=cortex-m4 -std=gnu11 -g3 -DDEBUG -DUSE_HAL_DRIVER -DSTM32F446xx -c -I../Core/Inc -I../Drivers/STM32F4xx_HAL_Driver/Inc -I../Drivers/STM32F4xx_HAL_Driver/Inc/Legacy -I../Drivers/CMSIS/Device/ST/STM32F4xx/Include -I../Drivers/CMSIS/Include -I"C:/Study/STM32/OJ_tube/TEMP_sensor/Core/Lib/Inc" -O0 -ffunction-sections -fdata-sections -Wall -fstack-usage -fcyclomatic-complexity -MMD -MP -MF"Core/Lib/Src/ds18b20.d" -MT"Core/Lib/Src/ds18b20.o" --specs=nano.specs -mfpu=fpv4-sp-d16 -mfloat-abi=hard -mthumb -o "Core/Lib/Src/ds18b20.o"
arm-none-eabi-gcc "../Core/Lib/Src/onewire.c" -mcpu=cortex-m4 -std=gnu11 -g3 -DDEBUG -DUSE_HAL_DRIVER -DSTM32F446xx -c -I../Core/Inc -I../Drivers/STM32F4xx_HAL_Driver/Inc -I../Drivers/STM32F4xx_HAL_Driver/Inc/Legacy -I../Drivers/CMSIS/Device/ST/STM32F4xx/Include -I../Drivers/CMSIS/Include -I"C:/Study/STM32/OJ_tube/TEMP_sensor/Core/Lib/Inc" -O0 -ffunction-sections -fdata-sections -Wall -fstack-usage -fcyclomatic-complexity -MMD -MP -MF"Core/Lib/Src/onewire.d" -MT"Core/Lib/Src/onewire.o" --specs=nano.specs -mfpu=fpv4-sp-d16 -mfloat-abi=hard -mthumb -o "Core/Lib/Src/onewire.o"
../Core/Src/main.c: In function 'main':
../Core/Src/main.c:81:13: error: 'hspi1' undeclared (first use in this function)
   81 |   init_FND(&hspi1);
      |             ^~~~~
../Core/Src/main.c:81:13: note: each undeclared identifier is reported only once for each function it appears in
make: *** [Core/Src/subdir.mk:37: Core/Src/main.o] Error 1
make: *** Waiting for unfinished jobs....
"make -j8 all" terminated with exit code 2. Build might be incomplete.
23:17:54 **** Incremental Build of configuration Debug for project first_ ****
make -j8 all 
arm-none-eabi-size  first_.elf 
   text	   data	    bss	    dec	    hex	filename
   8640	     12	   1644	  10296	   2838	first_.elf
Finished building: default.size.stdout
 
23:17:55 **** Incremental Build of configuration Debug for project switch_test ****
make -j8 all 
arm-none-eabi-size  switch_test.elf 
   text	   data	    bss	    dec	    hex	filename
   6380	     12	   1572	   7964	   1f1c	switch_test.elf
Finished building: default.size.stdout
 
23:17:56 **** Incremental Build of configuration Debug for project uart_printf ****
make -j8 all 
arm-none-eabi-size  uart_printf.elf 
   text	   data	    bss	    dec	    hex	filename
  23324	    468	   1988	  25780	   64b4	uart_printf.elf
Finished building: default.size.stdout
 
23:18:15 **** Incremental Build of configuration Debug for project FND_control ****
make -j8 all 
arm-none-eabi-size  FND_control.elf 
   text	   data	    bss	    dec	    hex	filename
   6984	     12	   1604	   8600	   2198	FND_control.elf
Finished building: default.size.stdout
 
23:18:15 **** Incremental Build of configuration Debug for project FND_control_SPI ****
make -j8 all 
arm-none-eabi-size  FND_control_SPI.elf 
   text	   data	    bss	    dec	    hex	filename
   8592	     12	   1692	  10296	   2838	FND_control_SPI.elf
Finished building: default.size.stdout
 
23:18:16 **** Incremental Build of configuration Debug for project FND_control_switch ****
make -j8 all 
arm-none-eabi-size  FND_control_switch.elf 
   text	   data	    bss	    dec	    hex	filename
   7308	     12	   1604	   8924	   22dc	FND_control_switch.elf
Finished building: default.size.stdout
 
23:18:16 **** Incremental Build of configuration Debug for project GPIO_HAL_X ****
make -j8 all 
arm-none-eabi-size  GPIO_HAL_X.elf 
   text	   data	    bss	    dec	    hex	filename
   6468	     12	   1572	   8052	   1f74	GPIO_HAL_X.elf
Finished building: default.size.stdout
 
23:18:17 **** Incremental Build of configuration Debug for project Hello_GPIO ****
make -j8 all 
arm-none-eabi-size  Hello_GPIO.elf 
   text	   data	    bss	    dec	    hex	filename
   6464	     12	   1572	   8048	   1f70	Hello_GPIO.elf
Finished building: default.size.stdout
 
23:18:17 **** Incremental Build of configuration Debug for project LED_control ****
make -j8 all 
arm-none-eabi-size  LED_control.elf 
   text	   data	    bss	    dec	    hex	filename
   6404	     12	   1572	   7988	   1f34	LED_control.elf
Finished building: default.size.stdout
 
23:18:18 **** Incremental Build of configuration Debug for project LED_control_switch ****
make -j8 all 
arm-none-eabi-size  LED_control_switch.elf 
   text	   data	    bss	    dec	    hex	filename
   6416	     12	   1572	   8000	   1f40	LED_control_switch.elf
Finished building: default.size.stdout
 
23:18:18 **** Incremental Build of configuration Debug for project TEMP_sensor ****
make -j8 all 
arm-none-eabi-gcc "../Core/Src/main.c" -mcpu=cortex-m4 -std=gnu11 -g3 -DDEBUG -DUSE_HAL_DRIVER -DSTM32F446xx -c -I../Core/Inc -I../Drivers/STM32F4xx_HAL_Driver/Inc -I../Drivers/STM32F4xx_HAL_Driver/Inc/Legacy -I../Drivers/CMSIS/Device/ST/STM32F4xx/Include -I../Drivers/CMSIS/Include -I"C:/Study/STM32/OJ_tube/TEMP_sensor/Core/Lib/Inc" -O0 -ffunction-sections -fdata-sections -Wall -fstack-usage -fcyclomatic-complexity -MMD -MP -MF"Core/Src/main.d" -MT"Core/Src/main.o" --specs=nano.specs -mfpu=fpv4-sp-d16 -mfloat-abi=hard -mthumb -o "Core/Src/main.o"
../Core/Src/main.c: In function 'main':
../Core/Src/main.c:99:13: error: 'hspi1' undeclared (first use in this function)
   99 |   init_FND(&hspi1);
      |             ^~~~~
../Core/Src/main.c:99:13: note: each undeclared identifier is reported only once for each function it appears in
make: *** [Core/Src/subdir.mk:37: Core/Src/main.o] Error 1
"make -j8 all" terminated with exit code 2. Build might be incomplete.
23:18:19 **** Incremental Build of configuration Debug for project first_ ****
make -j8 all 
arm-none-eabi-size  first_.elf 
   text	   data	    bss	    dec	    hex	filename
   8640	     12	   1644	  10296	   2838	first_.elf
Finished building: default.size.stdout
 
23:18:19 **** Incremental Build of configuration Debug for project switch_test ****
make -j8 all 
arm-none-eabi-size  switch_test.elf 
   text	   data	    bss	    dec	    hex	filename
   6380	     12	   1572	   7964	   1f1c	switch_test.elf
Finished building: default.size.stdout
 
23:18:20 **** Incremental Build of configuration Debug for project uart_printf ****
make -j8 all 
arm-none-eabi-size  uart_printf.elf 
   text	   data	    bss	    dec	    hex	filename
  23324	    468	   1988	  25780	   64b4	uart_printf.elf
Finished building: default.size.stdout
 
23:18:39 **** Incremental Build of configuration Debug for project TEMP_sensor ****
make -j8 all 
arm-none-eabi-gcc "../Core/Src/main.c" -mcpu=cortex-m4 -std=gnu11 -g3 -DDEBUG -DUSE_HAL_DRIVER -DSTM32F446xx -c -I../Core/Inc -I../Drivers/STM32F4xx_HAL_Driver/Inc -I../Drivers/STM32F4xx_HAL_Driver/Inc/Legacy -I../Drivers/CMSIS/Device/ST/STM32F4xx/Include -I../Drivers/CMSIS/Include -I"C:/Study/STM32/OJ_tube/TEMP_sensor/Core/Lib/Inc" -O0 -ffunction-sections -fdata-sections -Wall -fstack-usage -fcyclomatic-complexity -MMD -MP -MF"Core/Src/main.d" -MT"Core/Src/main.o" --specs=nano.specs -mfpu=fpv4-sp-d16 -mfloat-abi=hard -mthumb -o "Core/Src/main.o"
arm-none-eabi-gcc -o "TEMP_sensor.elf" @"objects.list"   -mcpu=cortex-m4 -T"C:\Study\STM32\OJ_tube\TEMP_sensor\STM32F446RETX_FLASH.ld" --specs=nosys.specs -Wl,-Map="TEMP_sensor.map" -Wl,--gc-sections -static --specs=nano.specs -mfpu=fpv4-sp-d16 -mfloat-abi=hard -mthumb -Wl,--start-group -lc -lm -Wl,--end-group
Finished building target: TEMP_sensor.elf
 
arm-none-eabi-size  TEMP_sensor.elf 
arm-none-eabi-objdump -h -S TEMP_sensor.elf  > "TEMP_sensor.list"
   text	   data	    bss	    dec	    hex	filename
  12140	     12	   1716	  13868	   362c	TEMP_sensor.elf
Finished building: default.size.stdout
 
Finished building: TEMP_sensor.list
 
23:18:48 **** Incremental Build of configuration Debug for project TEMP_sensor ****
make -j8 all 
arm-none-eabi-size  TEMP_sensor.elf 
   text	   data	    bss	    dec	    hex	filename
  12140	     12	   1716	  13868	   362c	TEMP_sensor.elf
Finished building: default.size.stdout
 
23:20:55 **** Incremental Build of configuration Debug for project TEMP_sensor ****
make -j8 all 
arm-none-eabi-gcc "../Core/Src/main.c" -mcpu=cortex-m4 -std=gnu11 -g3 -DDEBUG -DUSE_HAL_DRIVER -DSTM32F446xx -c -I../Core/Inc -I../Drivers/STM32F4xx_HAL_Driver/Inc -I../Drivers/STM32F4xx_HAL_Driver/Inc/Legacy -I../Drivers/CMSIS/Device/ST/STM32F4xx/Include -I../Drivers/CMSIS/Include -I"C:/Study/STM32/OJ_tube/TEMP_sensor/Core/Lib/Inc" -O0 -ffunction-sections -fdata-sections -Wall -fstack-usage -fcyclomatic-complexity -MMD -MP -MF"Core/Src/main.d" -MT"Core/Src/main.o" --specs=nano.specs -mfpu=fpv4-sp-d16 -mfloat-abi=hard -mthumb -o "Core/Src/main.o"
arm-none-eabi-gcc -o "TEMP_sensor.elf" @"objects.list"   -mcpu=cortex-m4 -T"C:\Study\STM32\OJ_tube\TEMP_sensor\STM32F446RETX_FLASH.ld" --specs=nosys.specs -Wl,-Map="TEMP_sensor.map" -Wl,--gc-sections -static --specs=nano.specs -mfpu=fpv4-sp-d16 -mfloat-abi=hard -mthumb -Wl,--start-group -lc -lm -Wl,--end-group
Finished building target: TEMP_sensor.elf
 
arm-none-eabi-size  TEMP_sensor.elf 
arm-none-eabi-objdump -h -S TEMP_sensor.elf  > "TEMP_sensor.list"
   text	   data	    bss	    dec	    hex	filename
  12144	     12	   1716	  13872	   3630	TEMP_sensor.elf
Finished building: default.size.stdout
 
Finished building: TEMP_sensor.list
 
23:27:37 **** Incremental Build of configuration Debug for project FND_control ****
make -j8 all 
arm-none-eabi-size  FND_control.elf 
   text	   data	    bss	    dec	    hex	filename
   6984	     12	   1604	   8600	   2198	FND_control.elf
Finished building: default.size.stdout
 
23:27:38 **** Incremental Build of configuration Debug for project FND_control_SPI ****
make -j8 all 
arm-none-eabi-size  FND_control_SPI.elf 
   text	   data	    bss	    dec	    hex	filename
   8592	     12	   1692	  10296	   2838	FND_control_SPI.elf
Finished building: default.size.stdout
 
23:27:39 **** Incremental Build of configuration Debug for project FND_control_switch ****
make -j8 all 
arm-none-eabi-size  FND_control_switch.elf 
   text	   data	    bss	    dec	    hex	filename
   7308	     12	   1604	   8924	   22dc	FND_control_switch.elf
Finished building: default.size.stdout
 
23:27:39 **** Incremental Build of configuration Debug for project GPIO_HAL_X ****
make -j8 all 
arm-none-eabi-size  GPIO_HAL_X.elf 
   text	   data	    bss	    dec	    hex	filename
   6468	     12	   1572	   8052	   1f74	GPIO_HAL_X.elf
Finished building: default.size.stdout
 
23:27:40 **** Incremental Build of configuration Debug for project Hello_GPIO ****
make -j8 all 
arm-none-eabi-size  Hello_GPIO.elf 
   text	   data	    bss	    dec	    hex	filename
   6464	     12	   1572	   8048	   1f70	Hello_GPIO.elf
Finished building: default.size.stdout
 
23:27:41 **** Incremental Build of configuration Debug for project LED_control ****
make -j8 all 
arm-none-eabi-size  LED_control.elf 
   text	   data	    bss	    dec	    hex	filename
   6404	     12	   1572	   7988	   1f34	LED_control.elf
Finished building: default.size.stdout
 
23:27:42 **** Incremental Build of configuration Debug for project LED_control_switch ****
make -j8 all 
arm-none-eabi-size  LED_control_switch.elf 
   text	   data	    bss	    dec	    hex	filename
   6416	     12	   1572	   8000	   1f40	LED_control_switch.elf
Finished building: default.size.stdout
 
23:27:42 **** Incremental Build of configuration Debug for project TEMP_sensor ****
make -j8 all 
arm-none-eabi-gcc "../Core/Src/main.c" -mcpu=cortex-m4 -std=gnu11 -g3 -DDEBUG -DUSE_HAL_DRIVER -DSTM32F446xx -c -I../Core/Inc -I../Drivers/STM32F4xx_HAL_Driver/Inc -I../Drivers/STM32F4xx_HAL_Driver/Inc/Legacy -I../Drivers/CMSIS/Device/ST/STM32F4xx/Include -I../Drivers/CMSIS/Include -I"C:/Study/STM32/OJ_tube/TEMP_sensor/Core/Lib/Inc" -O0 -ffunction-sections -fdata-sections -Wall -fstack-usage -fcyclomatic-complexity -MMD -MP -MF"Core/Src/main.d" -MT"Core/Src/main.o" --specs=nano.specs -mfpu=fpv4-sp-d16 -mfloat-abi=hard -mthumb -o "Core/Src/main.o"
../Core/Src/main.c: In function 'main':
../Core/Src/main.c:100:3: warning: implicit declaration of function 'Ds18b20_Init' [-Wimplicit-function-declaration]
  100 |   Ds18b20_Init();
      |   ^~~~~~~~~~~~
arm-none-eabi-gcc -o "TEMP_sensor.elf" @"objects.list"   -mcpu=cortex-m4 -T"C:\Study\STM32\OJ_tube\TEMP_sensor\STM32F446RETX_FLASH.ld" --specs=nosys.specs -Wl,-Map="TEMP_sensor.map" -Wl,--gc-sections -static --specs=nano.specs -mfpu=fpv4-sp-d16 -mfloat-abi=hard -mthumb -Wl,--start-group -lc -lm -Wl,--end-group
Finished building target: TEMP_sensor.elf
 
arm-none-eabi-size  TEMP_sensor.elf 
arm-none-eabi-objdump -h -S TEMP_sensor.elf  > "TEMP_sensor.list"
   text	   data	    bss	    dec	    hex	filename
  12144	     12	   1716	  13872	   3630	TEMP_sensor.elf
Finished building: default.size.stdout
 
Finished building: TEMP_sensor.list
 
23:27:47 **** Incremental Build of configuration Debug for project first_ ****
make -j8 all 
arm-none-eabi-size  first_.elf 
   text	   data	    bss	    dec	    hex	filename
   8640	     12	   1644	  10296	   2838	first_.elf
Finished building: default.size.stdout
 
23:27:47 **** Incremental Build of configuration Debug for project switch_test ****
make -j8 all 
arm-none-eabi-size  switch_test.elf 
   text	   data	    bss	    dec	    hex	filename
   6380	     12	   1572	   7964	   1f1c	switch_test.elf
Finished building: default.size.stdout
 
23:27:48 **** Incremental Build of configuration Debug for project uart_printf ****
make -j8 all 
arm-none-eabi-size  uart_printf.elf 
   text	   data	    bss	    dec	    hex	filename
  23324	    468	   1988	  25780	   64b4	uart_printf.elf
Finished building: default.size.stdout
 
23:31:18 **** Incremental Build of configuration Debug for project TEMP_sensor ****
make -j8 all 
arm-none-eabi-gcc "../Core/Src/main.c" -mcpu=cortex-m4 -std=gnu11 -g3 -DDEBUG -DUSE_HAL_DRIVER -DSTM32F446xx -c -I../Core/Inc -I../Drivers/STM32F4xx_HAL_Driver/Inc -I../Drivers/STM32F4xx_HAL_Driver/Inc/Legacy -I../Drivers/CMSIS/Device/ST/STM32F4xx/Include -I../Drivers/CMSIS/Include -I"C:/Study/STM32/OJ_tube/TEMP_sensor/Core/Lib/Inc" -O0 -ffunction-sections -fdata-sections -Wall -fstack-usage -fcyclomatic-complexity -MMD -MP -MF"Core/Src/main.d" -MT"Core/Src/main.o" --specs=nano.specs -mfpu=fpv4-sp-d16 -mfloat-abi=hard -mthumb -o "Core/Src/main.o"
arm-none-eabi-gcc -o "TEMP_sensor.elf" @"objects.list"   -mcpu=cortex-m4 -T"C:\Study\STM32\OJ_tube\TEMP_sensor\STM32F446RETX_FLASH.ld" --specs=nosys.specs -Wl,-Map="TEMP_sensor.map" -Wl,--gc-sections -static --specs=nano.specs -mfpu=fpv4-sp-d16 -mfloat-abi=hard -mthumb -Wl,--start-group -lc -lm -Wl,--end-group
Finished building target: TEMP_sensor.elf
 
arm-none-eabi-size  TEMP_sensor.elf 
arm-none-eabi-objdump -h -S TEMP_sensor.elf  > "TEMP_sensor.list"
   text	   data	    bss	    dec	    hex	filename
  12144	     12	   1716	  13872	   3630	TEMP_sensor.elf
Finished building: default.size.stdout
 
Finished building: TEMP_sensor.list
 
12:25:10 **** Incremental Build of configuration Debug for project TEMP_sensor ****
make -j8 all 
arm-none-eabi-size  TEMP_sensor.elf 
   text	   data	    bss	    dec	    hex	filename
  12144	     12	   1716	  13872	   3630	TEMP_sensor.elf
Finished building: default.size.stdout
 
12:27:18 **** Incremental Build of configuration Debug for project TEMP_sensor ****
make -j8 all 
arm-none-eabi-size  TEMP_sensor.elf 
   text	   data	    bss	    dec	    hex	filename
  12144	     12	   1716	  13872	   3630	TEMP_sensor.elf
Finished building: default.size.stdout
 
14:57:19 **** Incremental Build of configuration Debug for project TEMP_sensor ****
make -j8 all 
arm-none-eabi-gcc "../Core/Src/main.c" -mcpu=cortex-m4 -std=gnu11 -g3 -DDEBUG -DUSE_HAL_DRIVER -DSTM32F446xx -c -I../Core/Inc -I../Drivers/STM32F4xx_HAL_Driver/Inc -I../Drivers/STM32F4xx_HAL_Driver/Inc/Legacy -I../Drivers/CMSIS/Device/ST/STM32F4xx/Include -I../Drivers/CMSIS/Include -I"C:/Study/STM32/OJ_tube/TEMP_sensor/Core/Lib/Inc" -O0 -ffunction-sections -fdata-sections -Wall -fstack-usage -fcyclomatic-complexity -MMD -MP -MF"Core/Src/main.d" -MT"Core/Src/main.o" --specs=nano.specs -mfpu=fpv4-sp-d16 -mfloat-abi=hard -mthumb -o "Core/Src/main.o"
../Core/Src/main.c: In function 'main':
../Core/Src/main.c:103:11: warning: variable 'reset_result' set but not used [-Wunused-but-set-variable]
  103 |   uint8_t reset_result;
      |           ^~~~~~~~~~~~
arm-none-eabi-gcc -o "TEMP_sensor.elf" @"objects.list"   -mcpu=cortex-m4 -T"C:\Study\STM32\OJ_tube\TEMP_sensor\STM32F446RETX_FLASH.ld" --specs=nosys.specs -Wl,-Map="TEMP_sensor.map" -Wl,--gc-sections -static --specs=nano.specs -mfpu=fpv4-sp-d16 -mfloat-abi=hard -mthumb -Wl,--start-group -lc -lm -Wl,--end-group
Finished building target: TEMP_sensor.elf
 
arm-none-eabi-size  TEMP_sensor.elf 
arm-none-eabi-objdump -h -S TEMP_sensor.elf  > "TEMP_sensor.list"
   text	   data	    bss	    dec	    hex	filename
  10488	     12	   1676	  12176	   2f90	TEMP_sensor.elf
Finished building: default.size.stdout
 
Finished building: TEMP_sensor.list
 
14:58:18 **** Incremental Build of configuration Debug for project TEMP_sensor ****
make -j8 all 
arm-none-eabi-size  TEMP_sensor.elf 
   text	   data	    bss	    dec	    hex	filename
  10488	     12	   1676	  12176	   2f90	TEMP_sensor.elf
Finished building: default.size.stdout
 
15:01:31 **** Incremental Build of configuration Debug for project TEMP_sensor ****
make -j8 all 
arm-none-eabi-gcc "../Core/Src/main.c" -mcpu=cortex-m4 -std=gnu11 -g3 -DDEBUG -DUSE_HAL_DRIVER -DSTM32F446xx -c -I../Core/Inc -I../Drivers/STM32F4xx_HAL_Driver/Inc -I../Drivers/STM32F4xx_HAL_Driver/Inc/Legacy -I../Drivers/CMSIS/Device/ST/STM32F4xx/Include -I../Drivers/CMSIS/Include -I"C:/Study/STM32/OJ_tube/TEMP_sensor/Core/Lib/Inc" -O0 -ffunction-sections -fdata-sections -Wall -fstack-usage -fcyclomatic-complexity -MMD -MP -MF"Core/Src/main.d" -MT"Core/Src/main.o" --specs=nano.specs -mfpu=fpv4-sp-d16 -mfloat-abi=hard -mthumb -o "Core/Src/main.o"
arm-none-eabi-gcc "../Core/Lib/Src/onewire.c" -mcpu=cortex-m4 -std=gnu11 -g3 -DDEBUG -DUSE_HAL_DRIVER -DSTM32F446xx -c -I../Core/Inc -I../Drivers/STM32F4xx_HAL_Driver/Inc -I../Drivers/STM32F4xx_HAL_Driver/Inc/Legacy -I../Drivers/CMSIS/Device/ST/STM32F4xx/Include -I../Drivers/CMSIS/Include -I"C:/Study/STM32/OJ_tube/TEMP_sensor/Core/Lib/Inc" -O0 -ffunction-sections -fdata-sections -Wall -fstack-usage -fcyclomatic-complexity -MMD -MP -MF"Core/Lib/Src/onewire.d" -MT"Core/Lib/Src/onewire.o" --specs=nano.specs -mfpu=fpv4-sp-d16 -mfloat-abi=hard -mthumb -o "Core/Lib/Src/onewire.o"
../Core/Lib/Src/onewire.c: In function 'OneWire_Reset':
../Core/Lib/Src/onewire.c:90:26: warning: variable 'pin_after_delay' set but not used [-Wunused-but-set-variable]
   90 |         volatile uint8_t pin_after_delay;
      |                          ^~~~~~~~~~~~~~~
../Core/Lib/Src/onewire.c:85:26: warning: variable 'pin_before_delay' set but not used [-Wunused-but-set-variable]
   85 |         volatile uint8_t pin_before_delay;
      |                          ^~~~~~~~~~~~~~~~
arm-none-eabi-gcc -o "TEMP_sensor.elf" @"objects.list"   -mcpu=cortex-m4 -T"C:\Study\STM32\OJ_tube\TEMP_sensor\STM32F446RETX_FLASH.ld" --specs=nosys.specs -Wl,-Map="TEMP_sensor.map" -Wl,--gc-sections -static --specs=nano.specs -mfpu=fpv4-sp-d16 -mfloat-abi=hard -mthumb -Wl,--start-group -lc -lm -Wl,--end-group
Finished building target: TEMP_sensor.elf
 
arm-none-eabi-size  TEMP_sensor.elf 
arm-none-eabi-objdump -h -S TEMP_sensor.elf  > "TEMP_sensor.list"
   text	   data	    bss	    dec	    hex	filename
  12188	     12	   1716	  13916	   365c	TEMP_sensor.elf
Finished building: default.size.stdout
 
Finished building: TEMP_sensor.list
 
15:03:02 **** Incremental Build of configuration Debug for project TEMP_sensor ****
make -j8 all 
arm-none-eabi-gcc "../Core/Lib/Src/onewire.c" -mcpu=cortex-m4 -std=gnu11 -g3 -DDEBUG -DUSE_HAL_DRIVER -DSTM32F446xx -c -I../Core/Inc -I../Drivers/STM32F4xx_HAL_Driver/Inc -I../Drivers/STM32F4xx_HAL_Driver/Inc/Legacy -I../Drivers/CMSIS/Device/ST/STM32F4xx/Include -I../Drivers/CMSIS/Include -I"C:/Study/STM32/OJ_tube/TEMP_sensor/Core/Lib/Inc" -O0 -ffunction-sections -fdata-sections -Wall -fstack-usage -fcyclomatic-complexity -MMD -MP -MF"Core/Lib/Src/onewire.d" -MT"Core/Lib/Src/onewire.o" --specs=nano.specs -mfpu=fpv4-sp-d16 -mfloat-abi=hard -mthumb -o "Core/Lib/Src/onewire.o"
arm-none-eabi-gcc -o "TEMP_sensor.elf" @"objects.list"   -mcpu=cortex-m4 -T"C:\Study\STM32\OJ_tube\TEMP_sensor\STM32F446RETX_FLASH.ld" --specs=nosys.specs -Wl,-Map="TEMP_sensor.map" -Wl,--gc-sections -static --specs=nano.specs -mfpu=fpv4-sp-d16 -mfloat-abi=hard -mthumb -Wl,--start-group -lc -lm -Wl,--end-group
Finished building target: TEMP_sensor.elf
 
arm-none-eabi-size  TEMP_sensor.elf 
arm-none-eabi-objdump -h -S TEMP_sensor.elf  > "TEMP_sensor.list"
   text	   data	    bss	    dec	    hex	filename
  12208	     12	   1724	  13944	   3678	TEMP_sensor.elf
Finished building: default.size.stdout
 
Finished building: TEMP_sensor.list
 
15:22:43 **** Incremental Build of configuration Debug for project TEMP_sensor ****
make -j8 all 
arm-none-eabi-gcc "../Core/Src/main.c" -mcpu=cortex-m4 -std=gnu11 -g3 -DDEBUG -DUSE_HAL_DRIVER -DSTM32F446xx -c -I../Core/Inc -I../Drivers/STM32F4xx_HAL_Driver/Inc -I../Drivers/STM32F4xx_HAL_Driver/Inc/Legacy -I../Drivers/CMSIS/Device/ST/STM32F4xx/Include -I../Drivers/CMSIS/Include -I"C:/Study/STM32/OJ_tube/TEMP_sensor/Core/Lib/Inc" -O0 -ffunction-sections -fdata-sections -Wall -fstack-usage -fcyclomatic-complexity -MMD -MP -MF"Core/Src/main.d" -MT"Core/Src/main.o" --specs=nano.specs -mfpu=fpv4-sp-d16 -mfloat-abi=hard -mthumb -o "Core/Src/main.o"
arm-none-eabi-gcc "../Core/Lib/Src/onewire.c" -mcpu=cortex-m4 -std=gnu11 -g3 -DDEBUG -DUSE_HAL_DRIVER -DSTM32F446xx -c -I../Core/Inc -I../Drivers/STM32F4xx_HAL_Driver/Inc -I../Drivers/STM32F4xx_HAL_Driver/Inc/Legacy -I../Drivers/CMSIS/Device/ST/STM32F4xx/Include -I../Drivers/CMSIS/Include -I"C:/Study/STM32/OJ_tube/TEMP_sensor/Core/Lib/Inc" -O0 -ffunction-sections -fdata-sections -Wall -fstack-usage -fcyclomatic-complexity -MMD -MP -MF"Core/Lib/Src/onewire.d" -MT"Core/Lib/Src/onewire.o" --specs=nano.specs -mfpu=fpv4-sp-d16 -mfloat-abi=hard -mthumb -o "Core/Lib/Src/onewire.o"
../Core/Src/main.c: In function 'main':
../Core/Src/main.c:103:11: warning: variable 'reset_result' set but not used [-Wunused-but-set-variable]
  103 |   uint8_t reset_result;
      |           ^~~~~~~~~~~~
arm-none-eabi-gcc -o "TEMP_sensor.elf" @"objects.list"   -mcpu=cortex-m4 -T"C:\Study\STM32\OJ_tube\TEMP_sensor\STM32F446RETX_FLASH.ld" --specs=nosys.specs -Wl,-Map="TEMP_sensor.map" -Wl,--gc-sections -static --specs=nano.specs -mfpu=fpv4-sp-d16 -mfloat-abi=hard -mthumb -Wl,--start-group -lc -lm -Wl,--end-group
Finished building target: TEMP_sensor.elf
 
arm-none-eabi-size  TEMP_sensor.elf 
arm-none-eabi-objdump -h -S TEMP_sensor.elf  > "TEMP_sensor.list"
   text	   data	    bss	    dec	    hex	filename
  10180	     12	   1676	  11868	   2e5c	TEMP_sensor.elf
Finished building: default.size.stdout
 
Finished building: TEMP_sensor.list
 
15:24:33 **** Incremental Build of configuration Debug for project TEMP_sensor ****
make -j8 all 
arm-none-eabi-gcc "../Core/Src/main.c" -mcpu=cortex-m4 -std=gnu11 -g3 -DDEBUG -DUSE_HAL_DRIVER -DSTM32F446xx -c -I../Core/Inc -I../Drivers/STM32F4xx_HAL_Driver/Inc -I../Drivers/STM32F4xx_HAL_Driver/Inc/Legacy -I../Drivers/CMSIS/Device/ST/STM32F4xx/Include -I../Drivers/CMSIS/Include -I"C:/Study/STM32/OJ_tube/TEMP_sensor/Core/Lib/Inc" -O0 -ffunction-sections -fdata-sections -Wall -fstack-usage -fcyclomatic-complexity -MMD -MP -MF"Core/Src/main.d" -MT"Core/Src/main.o" --specs=nano.specs -mfpu=fpv4-sp-d16 -mfloat-abi=hard -mthumb -o "Core/Src/main.o"
arm-none-eabi-gcc -o "TEMP_sensor.elf" @"objects.list"   -mcpu=cortex-m4 -T"C:\Study\STM32\OJ_tube\TEMP_sensor\STM32F446RETX_FLASH.ld" --specs=nosys.specs -Wl,-Map="TEMP_sensor.map" -Wl,--gc-sections -static --specs=nano.specs -mfpu=fpv4-sp-d16 -mfloat-abi=hard -mthumb -Wl,--start-group -lc -lm -Wl,--end-group
Finished building target: TEMP_sensor.elf
 
arm-none-eabi-size  TEMP_sensor.elf 
arm-none-eabi-objdump -h -S TEMP_sensor.elf  > "TEMP_sensor.list"
   text	   data	    bss	    dec	    hex	filename
  10188	     12	   1684	  11884	   2e6c	TEMP_sensor.elf
Finished building: default.size.stdout
 
Finished building: TEMP_sensor.list
 
15:27:42 **** Incremental Build of configuration Debug for project TEMP_sensor ****
make -j8 all 
arm-none-eabi-gcc "../Core/Lib/Src/onewire.c" -mcpu=cortex-m4 -std=gnu11 -g3 -DDEBUG -DUSE_HAL_DRIVER -DSTM32F446xx -c -I../Core/Inc -I../Drivers/STM32F4xx_HAL_Driver/Inc -I../Drivers/STM32F4xx_HAL_Driver/Inc/Legacy -I../Drivers/CMSIS/Device/ST/STM32F4xx/Include -I../Drivers/CMSIS/Include -I"C:/Study/STM32/OJ_tube/TEMP_sensor/Core/Lib/Inc" -O0 -ffunction-sections -fdata-sections -Wall -fstack-usage -fcyclomatic-complexity -MMD -MP -MF"Core/Lib/Src/onewire.d" -MT"Core/Lib/Src/onewire.o" --specs=nano.specs -mfpu=fpv4-sp-d16 -mfloat-abi=hard -mthumb -o "Core/Lib/Src/onewire.o"
arm-none-eabi-gcc -o "TEMP_sensor.elf" @"objects.list"   -mcpu=cortex-m4 -T"C:\Study\STM32\OJ_tube\TEMP_sensor\STM32F446RETX_FLASH.ld" --specs=nosys.specs -Wl,-Map="TEMP_sensor.map" -Wl,--gc-sections -static --specs=nano.specs -mfpu=fpv4-sp-d16 -mfloat-abi=hard -mthumb -Wl,--start-group -lc -lm -Wl,--end-group
Finished building target: TEMP_sensor.elf
 
arm-none-eabi-size  TEMP_sensor.elf 
arm-none-eabi-objdump -h -S TEMP_sensor.elf  > "TEMP_sensor.list"
   text	   data	    bss	    dec	    hex	filename
  10268	     12	   1684	  11964	   2ebc	TEMP_sensor.elf
Finished building: default.size.stdout
 
Finished building: TEMP_sensor.list
 
15:36:23 **** Incremental Build of configuration Debug for project TEMP_sensor ****
make -j8 all 
arm-none-eabi-gcc "../Core/Src/main.c" -mcpu=cortex-m4 -std=gnu11 -g3 -DDEBUG -DUSE_HAL_DRIVER -DSTM32F446xx -c -I../Core/Inc -I../Drivers/STM32F4xx_HAL_Driver/Inc -I../Drivers/STM32F4xx_HAL_Driver/Inc/Legacy -I../Drivers/CMSIS/Device/ST/STM32F4xx/Include -I../Drivers/CMSIS/Include -I"C:/Study/STM32/OJ_tube/TEMP_sensor/Core/Lib/Inc" -O0 -ffunction-sections -fdata-sections -Wall -fstack-usage -fcyclomatic-complexity -MMD -MP -MF"Core/Src/main.d" -MT"Core/Src/main.o" --specs=nano.specs -mfpu=fpv4-sp-d16 -mfloat-abi=hard -mthumb -o "Core/Src/main.o"
arm-none-eabi-gcc -o "TEMP_sensor.elf" @"objects.list"   -mcpu=cortex-m4 -T"C:\Study\STM32\OJ_tube\TEMP_sensor\STM32F446RETX_FLASH.ld" --specs=nosys.specs -Wl,-Map="TEMP_sensor.map" -Wl,--gc-sections -static --specs=nano.specs -mfpu=fpv4-sp-d16 -mfloat-abi=hard -mthumb -Wl,--start-group -lc -lm -Wl,--end-group
Finished building target: TEMP_sensor.elf
 
arm-none-eabi-size  TEMP_sensor.elf 
arm-none-eabi-objdump -h -S TEMP_sensor.elf  > "TEMP_sensor.list"
   text	   data	    bss	    dec	    hex	filename
   9868	     12	   1700	  11580	   2d3c	TEMP_sensor.elf
Finished building: default.size.stdout
 
Finished building: TEMP_sensor.list
 
15:37:37 **** Incremental Build of configuration Debug for project TEMP_sensor ****
make -j8 all 
arm-none-eabi-gcc "../Core/Src/main.c" -mcpu=cortex-m4 -std=gnu11 -g3 -DDEBUG -DUSE_HAL_DRIVER -DSTM32F446xx -c -I../Core/Inc -I../Drivers/STM32F4xx_HAL_Driver/Inc -I../Drivers/STM32F4xx_HAL_Driver/Inc/Legacy -I../Drivers/CMSIS/Device/ST/STM32F4xx/Include -I../Drivers/CMSIS/Include -I"C:/Study/STM32/OJ_tube/TEMP_sensor/Core/Lib/Inc" -O0 -ffunction-sections -fdata-sections -Wall -fstack-usage -fcyclomatic-complexity -MMD -MP -MF"Core/Src/main.d" -MT"Core/Src/main.o" --specs=nano.specs -mfpu=fpv4-sp-d16 -mfloat-abi=hard -mthumb -o "Core/Src/main.o"
arm-none-eabi-gcc -o "TEMP_sensor.elf" @"objects.list"   -mcpu=cortex-m4 -T"C:\Study\STM32\OJ_tube\TEMP_sensor\STM32F446RETX_FLASH.ld" --specs=nosys.specs -Wl,-Map="TEMP_sensor.map" -Wl,--gc-sections -static --specs=nano.specs -mfpu=fpv4-sp-d16 -mfloat-abi=hard -mthumb -Wl,--start-group -lc -lm -Wl,--end-group
Finished building target: TEMP_sensor.elf
 
arm-none-eabi-size  TEMP_sensor.elf 
arm-none-eabi-objdump -h -S TEMP_sensor.elf  > "TEMP_sensor.list"
   text	   data	    bss	    dec	    hex	filename
   9868	     12	   1700	  11580	   2d3c	TEMP_sensor.elf
Finished building: default.size.stdout
 
Finished building: TEMP_sensor.list
 
15:39:07 **** Incremental Build of configuration Debug for project TEMP_sensor ****
make -j8 all 
arm-none-eabi-gcc "../Core/Lib/Src/onewire.c" -mcpu=cortex-m4 -std=gnu11 -g3 -DDEBUG -DUSE_HAL_DRIVER -DSTM32F446xx -c -I../Core/Inc -I../Drivers/STM32F4xx_HAL_Driver/Inc -I../Drivers/STM32F4xx_HAL_Driver/Inc/Legacy -I../Drivers/CMSIS/Device/ST/STM32F4xx/Include -I../Drivers/CMSIS/Include -I"C:/Study/STM32/OJ_tube/TEMP_sensor/Core/Lib/Inc" -O0 -ffunction-sections -fdata-sections -Wall -fstack-usage -fcyclomatic-complexity -MMD -MP -MF"Core/Lib/Src/onewire.d" -MT"Core/Lib/Src/onewire.o" --specs=nano.specs -mfpu=fpv4-sp-d16 -mfloat-abi=hard -mthumb -o "Core/Lib/Src/onewire.o"
../Core/Lib/Src/onewire.c: In function 'ONEWIRE_DELAY':
../Core/Lib/Src/onewire.c:40:31: warning: variable 'delay_result' set but not used [-Wunused-but-set-variable]
   40 |             volatile uint32_t delay_result;
      |                               ^~~~~~~~~~~~
arm-none-eabi-gcc -o "TEMP_sensor.elf" @"objects.list"   -mcpu=cortex-m4 -T"C:\Study\STM32\OJ_tube\TEMP_sensor\STM32F446RETX_FLASH.ld" --specs=nosys.specs -Wl,-Map="TEMP_sensor.map" -Wl,--gc-sections -static --specs=nano.specs -mfpu=fpv4-sp-d16 -mfloat-abi=hard -mthumb -Wl,--start-group -lc -lm -Wl,--end-group
Finished building target: TEMP_sensor.elf
 
arm-none-eabi-size  TEMP_sensor.elf 
arm-none-eabi-objdump -h -S TEMP_sensor.elf  > "TEMP_sensor.list"
   text	   data	    bss	    dec	    hex	filename
   9872	     12	   1700	  11584	   2d40	TEMP_sensor.elf
Finished building: default.size.stdout
 
Finished building: TEMP_sensor.list
 
15:40:35 **** Incremental Build of configuration Debug for project TEMP_sensor ****
make -j8 all 
arm-none-eabi-gcc "../Core/Lib/Src/onewire.c" -mcpu=cortex-m4 -std=gnu11 -g3 -DDEBUG -DUSE_HAL_DRIVER -DSTM32F446xx -c -I../Core/Inc -I../Drivers/STM32F4xx_HAL_Driver/Inc -I../Drivers/STM32F4xx_HAL_Driver/Inc/Legacy -I../Drivers/CMSIS/Device/ST/STM32F4xx/Include -I../Drivers/CMSIS/Include -I"C:/Study/STM32/OJ_tube/TEMP_sensor/Core/Lib/Inc" -O0 -ffunction-sections -fdata-sections -Wall -fstack-usage -fcyclomatic-complexity -MMD -MP -MF"Core/Lib/Src/onewire.d" -MT"Core/Lib/Src/onewire.o" --specs=nano.specs -mfpu=fpv4-sp-d16 -mfloat-abi=hard -mthumb -o "Core/Lib/Src/onewire.o"
arm-none-eabi-gcc -o "TEMP_sensor.elf" @"objects.list"   -mcpu=cortex-m4 -T"C:\Study\STM32\OJ_tube\TEMP_sensor\STM32F446RETX_FLASH.ld" --specs=nosys.specs -Wl,-Map="TEMP_sensor.map" -Wl,--gc-sections -static --specs=nano.specs -mfpu=fpv4-sp-d16 -mfloat-abi=hard -mthumb -Wl,--start-group -lc -lm -Wl,--end-group
Finished building target: TEMP_sensor.elf
 
arm-none-eabi-size  TEMP_sensor.elf 
arm-none-eabi-objdump -h -S TEMP_sensor.elf  > "TEMP_sensor.list"
   text	   data	    bss	    dec	    hex	filename
   9792	     12	   1692	  11496	   2ce8	TEMP_sensor.elf
Finished building: default.size.stdout
 
Finished building: TEMP_sensor.list
 
15:45:44 **** Incremental Build of configuration Debug for project TEMP_sensor ****
make -j8 all 
arm-none-eabi-gcc "../Core/Src/main.c" -mcpu=cortex-m4 -std=gnu11 -g3 -DDEBUG -DUSE_HAL_DRIVER -DSTM32F446xx -c -I../Core/Inc -I../Drivers/STM32F4xx_HAL_Driver/Inc -I../Drivers/STM32F4xx_HAL_Driver/Inc/Legacy -I../Drivers/CMSIS/Device/ST/STM32F4xx/Include -I../Drivers/CMSIS/Include -I"C:/Study/STM32/OJ_tube/TEMP_sensor/Core/Lib/Inc" -O0 -ffunction-sections -fdata-sections -Wall -fstack-usage -fcyclomatic-complexity -MMD -MP -MF"Core/Src/main.d" -MT"Core/Src/main.o" --specs=nano.specs -mfpu=fpv4-sp-d16 -mfloat-abi=hard -mthumb -o "Core/Src/main.o"
arm-none-eabi-gcc "../Core/Src/stm32f4xx_hal_msp.c" -mcpu=cortex-m4 -std=gnu11 -g3 -DDEBUG -DUSE_HAL_DRIVER -DSTM32F446xx -c -I../Core/Inc -I../Drivers/STM32F4xx_HAL_Driver/Inc -I../Drivers/STM32F4xx_HAL_Driver/Inc/Legacy -I../Drivers/CMSIS/Device/ST/STM32F4xx/Include -I../Drivers/CMSIS/Include -I"C:/Study/STM32/OJ_tube/TEMP_sensor/Core/Lib/Inc" -O0 -ffunction-sections -fdata-sections -Wall -fstack-usage -fcyclomatic-complexity -MMD -MP -MF"Core/Src/stm32f4xx_hal_msp.d" -MT"Core/Src/stm32f4xx_hal_msp.o" --specs=nano.specs -mfpu=fpv4-sp-d16 -mfloat-abi=hard -mthumb -o "Core/Src/stm32f4xx_hal_msp.o"
arm-none-eabi-gcc -o "TEMP_sensor.elf" @"objects.list"   -mcpu=cortex-m4 -T"C:\Study\STM32\OJ_tube\TEMP_sensor\STM32F446RETX_FLASH.ld" --specs=nosys.specs -Wl,-Map="TEMP_sensor.map" -Wl,--gc-sections -static --specs=nano.specs -mfpu=fpv4-sp-d16 -mfloat-abi=hard -mthumb -Wl,--start-group -lc -lm -Wl,--end-group
Finished building target: TEMP_sensor.elf
 
arm-none-eabi-size  TEMP_sensor.elf 
arm-none-eabi-objdump -h -S TEMP_sensor.elf  > "TEMP_sensor.list"
   text	   data	    bss	    dec	    hex	filename
   9676	     12	   1692	  11380	   2c74	TEMP_sensor.elf
Finished building: default.size.stdout
 
Finished building: TEMP_sensor.list
 
15:57:35 **** Incremental Build of configuration Debug for project TEMP_sensor ****
make -j8 all 
arm-none-eabi-gcc "../Core/Lib/Src/onewire.c" -mcpu=cortex-m4 -std=gnu11 -g3 -DDEBUG -DUSE_HAL_DRIVER -DSTM32F446xx -c -I../Core/Inc -I../Drivers/STM32F4xx_HAL_Driver/Inc -I../Drivers/STM32F4xx_HAL_Driver/Inc/Legacy -I../Drivers/CMSIS/Device/ST/STM32F4xx/Include -I../Drivers/CMSIS/Include -I"C:/Study/STM32/OJ_tube/TEMP_sensor/Core/Lib/Inc" -O0 -ffunction-sections -fdata-sections -Wall -fstack-usage -fcyclomatic-complexity -MMD -MP -MF"Core/Lib/Src/onewire.d" -MT"Core/Lib/Src/onewire.o" --specs=nano.specs -mfpu=fpv4-sp-d16 -mfloat-abi=hard -mthumb -o "Core/Lib/Src/onewire.o"
arm-none-eabi-gcc -o "TEMP_sensor.elf" @"objects.list"   -mcpu=cortex-m4 -T"C:\Study\STM32\OJ_tube\TEMP_sensor\STM32F446RETX_FLASH.ld" --specs=nosys.specs -Wl,-Map="TEMP_sensor.map" -Wl,--gc-sections -static --specs=nano.specs -mfpu=fpv4-sp-d16 -mfloat-abi=hard -mthumb -Wl,--start-group -lc -lm -Wl,--end-group
Finished building target: TEMP_sensor.elf
 
arm-none-eabi-size  TEMP_sensor.elf 
arm-none-eabi-objdump -h -S TEMP_sensor.elf  > "TEMP_sensor.list"
   text	   data	    bss	    dec	    hex	filename
   9744	     12	   1700	  11456	   2cc0	TEMP_sensor.elf
Finished building: default.size.stdout
 
Finished building: TEMP_sensor.list
 
16:09:13 **** Incremental Build of configuration Debug for project TEMP_sensor ****
make -j8 all 
arm-none-eabi-gcc "../Core/Lib/Src/onewire.c" -mcpu=cortex-m4 -std=gnu11 -g3 -DDEBUG -DUSE_HAL_DRIVER -DSTM32F446xx -c -I../Core/Inc -I../Drivers/STM32F4xx_HAL_Driver/Inc -I../Drivers/STM32F4xx_HAL_Driver/Inc/Legacy -I../Drivers/CMSIS/Device/ST/STM32F4xx/Include -I../Drivers/CMSIS/Include -I"C:/Study/STM32/OJ_tube/TEMP_sensor/Core/Lib/Inc" -O0 -ffunction-sections -fdata-sections -Wall -fstack-usage -fcyclomatic-complexity -MMD -MP -MF"Core/Lib/Src/onewire.d" -MT"Core/Lib/Src/onewire.o" --specs=nano.specs -mfpu=fpv4-sp-d16 -mfloat-abi=hard -mthumb -o "Core/Lib/Src/onewire.o"
arm-none-eabi-gcc -o "TEMP_sensor.elf" @"objects.list"   -mcpu=cortex-m4 -T"C:\Study\STM32\OJ_tube\TEMP_sensor\STM32F446RETX_FLASH.ld" --specs=nosys.specs -Wl,-Map="TEMP_sensor.map" -Wl,--gc-sections -static --specs=nano.specs -mfpu=fpv4-sp-d16 -mfloat-abi=hard -mthumb -Wl,--start-group -lc -lm -Wl,--end-group
Finished building target: TEMP_sensor.elf
 
arm-none-eabi-size  TEMP_sensor.elf 
arm-none-eabi-objdump -h -S TEMP_sensor.elf  > "TEMP_sensor.list"
   text	   data	    bss	    dec	    hex	filename
   9752	     12	   1700	  11464	   2cc8	TEMP_sensor.elf
Finished building: default.size.stdout
 
Finished building: TEMP_sensor.list
 
22:08:56 **** Build of configuration Debug for project FND_control ****
make -j8 all 
arm-none-eabi-size  FND_control.elf 
   text	   data	    bss	    dec	    hex	filename
   6984	     12	   1604	   8600	   2198	FND_control.elf
Finished building: default.size.stdout
 
22:08:58 **** Build of configuration Debug for project FND_control_SPI ****
make -j8 all 
arm-none-eabi-size  FND_control_SPI.elf 
   text	   data	    bss	    dec	    hex	filename
   8592	     12	   1692	  10296	   2838	FND_control_SPI.elf
Finished building: default.size.stdout
 
22:08:59 **** Build of configuration Debug for project FND_control_switch ****
make -j8 all 
arm-none-eabi-size  FND_control_switch.elf 
   text	   data	    bss	    dec	    hex	filename
   7308	     12	   1604	   8924	   22dc	FND_control_switch.elf
Finished building: default.size.stdout
 
22:09:00 **** Build of configuration Debug for project GPIO_HAL_X ****
make -j8 all 
arm-none-eabi-size  GPIO_HAL_X.elf 
   text	   data	    bss	    dec	    hex	filename
   6468	     12	   1572	   8052	   1f74	GPIO_HAL_X.elf
Finished building: default.size.stdout
 
22:09:00 **** Build of configuration Debug for project Hello_GPIO ****
make -j8 all 
arm-none-eabi-size  Hello_GPIO.elf 
   text	   data	    bss	    dec	    hex	filename
   6464	     12	   1572	   8048	   1f70	Hello_GPIO.elf
Finished building: default.size.stdout
 
22:09:01 **** Build of configuration Debug for project LED_control ****
make -j8 all 
arm-none-eabi-size  LED_control.elf 
   text	   data	    bss	    dec	    hex	filename
   6404	     12	   1572	   7988	   1f34	LED_control.elf
Finished building: default.size.stdout
 
22:09:02 **** Build of configuration Debug for project LED_control_switch ****
make -j8 all 
arm-none-eabi-size  LED_control_switch.elf 
   text	   data	    bss	    dec	    hex	filename
   6416	     12	   1572	   8000	   1f40	LED_control_switch.elf
Finished building: default.size.stdout
 
22:09:02 **** Build of configuration Debug for project TEMP_sensor ****
make -j8 all 
arm-none-eabi-gcc "../Drivers/STM32F4xx_HAL_Driver/Src/stm32f4xx_hal.c" -mcpu=cortex-m4 -std=gnu11 -g3 -DDEBUG -DUSE_HAL_DRIVER -DSTM32F446xx -c -I../Core/Inc -I../Drivers/STM32F4xx_HAL_Driver/Inc -I../Drivers/STM32F4xx_HAL_Driver/Inc/Legacy -I../Drivers/CMSIS/Device/ST/STM32F4xx/Include -I../Drivers/CMSIS/Include -O0 -ffunction-sections -fdata-sections -Wall -fstack-usage -fcyclomatic-complexity -MMD -MP -MF"Drivers/STM32F4xx_HAL_Driver/Src/stm32f4xx_hal.d" -MT"Drivers/STM32F4xx_HAL_Driver/Src/stm32f4xx_hal.o" --specs=nano.specs -mfpu=fpv4-sp-d16 -mfloat-abi=hard -mthumb -o "Drivers/STM32F4xx_HAL_Driver/Src/stm32f4xx_hal.o"
arm-none-eabi-gcc "../Drivers/STM32F4xx_HAL_Driver/Src/stm32f4xx_hal_cortex.c" -mcpu=cortex-m4 -std=gnu11 -g3 -DDEBUG -DUSE_HAL_DRIVER -DSTM32F446xx -c -I../Core/Inc -I../Drivers/STM32F4xx_HAL_Driver/Inc -I../Drivers/STM32F4xx_HAL_Driver/Inc/Legacy -I../Drivers/CMSIS/Device/ST/STM32F4xx/Include -I../Drivers/CMSIS/Include -O0 -ffunction-sections -fdata-sections -Wall -fstack-usage -fcyclomatic-complexity -MMD -MP -MF"Drivers/STM32F4xx_HAL_Driver/Src/stm32f4xx_hal_cortex.d" -MT"Drivers/STM32F4xx_HAL_Driver/Src/stm32f4xx_hal_cortex.o" --specs=nano.specs -mfpu=fpv4-sp-d16 -mfloat-abi=hard -mthumb -o "Drivers/STM32F4xx_HAL_Driver/Src/stm32f4xx_hal_cortex.o"
arm-none-eabi-gcc "../Drivers/STM32F4xx_HAL_Driver/Src/stm32f4xx_hal_dma.c" -mcpu=cortex-m4 -std=gnu11 -g3 -DDEBUG -DUSE_HAL_DRIVER -DSTM32F446xx -c -I../Core/Inc -I../Drivers/STM32F4xx_HAL_Driver/Inc -I../Drivers/STM32F4xx_HAL_Driver/Inc/Legacy -I../Drivers/CMSIS/Device/ST/STM32F4xx/Include -I../Drivers/CMSIS/Include -O0 -ffunction-sections -fdata-sections -Wall -fstack-usage -fcyclomatic-complexity -MMD -MP -MF"Drivers/STM32F4xx_HAL_Driver/Src/stm32f4xx_hal_dma.d" -MT"Drivers/STM32F4xx_HAL_Driver/Src/stm32f4xx_hal_dma.o" --specs=nano.specs -mfpu=fpv4-sp-d16 -mfloat-abi=hard -mthumb -o "Drivers/STM32F4xx_HAL_Driver/Src/stm32f4xx_hal_dma.o"
arm-none-eabi-gcc "../Drivers/STM32F4xx_HAL_Driver/Src/stm32f4xx_hal_dma_ex.c" -mcpu=cortex-m4 -std=gnu11 -g3 -DDEBUG -DUSE_HAL_DRIVER -DSTM32F446xx -c -I../Core/Inc -I../Drivers/STM32F4xx_HAL_Driver/Inc -I../Drivers/STM32F4xx_HAL_Driver/Inc/Legacy -I../Drivers/CMSIS/Device/ST/STM32F4xx/Include -I../Drivers/CMSIS/Include -O0 -ffunction-sections -fdata-sections -Wall -fstack-usage -fcyclomatic-complexity -MMD -MP -MF"Drivers/STM32F4xx_HAL_Driver/Src/stm32f4xx_hal_dma_ex.d" -MT"Drivers/STM32F4xx_HAL_Driver/Src/stm32f4xx_hal_dma_ex.o" --specs=nano.specs -mfpu=fpv4-sp-d16 -mfloat-abi=hard -mthumb -o "Drivers/STM32F4xx_HAL_Driver/Src/stm32f4xx_hal_dma_ex.o"
arm-none-eabi-gcc "../Drivers/STM32F4xx_HAL_Driver/Src/stm32f4xx_hal_exti.c" -mcpu=cortex-m4 -std=gnu11 -g3 -DDEBUG -DUSE_HAL_DRIVER -DSTM32F446xx -c -I../Core/Inc -I../Drivers/STM32F4xx_HAL_Driver/Inc -I../Drivers/STM32F4xx_HAL_Driver/Inc/Legacy -I../Drivers/CMSIS/Device/ST/STM32F4xx/Include -I../Drivers/CMSIS/Include -O0 -ffunction-sections -fdata-sections -Wall -fstack-usage -fcyclomatic-complexity -MMD -MP -MF"Drivers/STM32F4xx_HAL_Driver/Src/stm32f4xx_hal_exti.d" -MT"Drivers/STM32F4xx_HAL_Driver/Src/stm32f4xx_hal_exti.o" --specs=nano.specs -mfpu=fpv4-sp-d16 -mfloat-abi=hard -mthumb -o "Drivers/STM32F4xx_HAL_Driver/Src/stm32f4xx_hal_exti.o"
arm-none-eabi-gcc "../Drivers/STM32F4xx_HAL_Driver/Src/stm32f4xx_hal_flash.c" -mcpu=cortex-m4 -std=gnu11 -g3 -DDEBUG -DUSE_HAL_DRIVER -DSTM32F446xx -c -I../Core/Inc -I../Drivers/STM32F4xx_HAL_Driver/Inc -I../Drivers/STM32F4xx_HAL_Driver/Inc/Legacy -I../Drivers/CMSIS/Device/ST/STM32F4xx/Include -I../Drivers/CMSIS/Include -O0 -ffunction-sections -fdata-sections -Wall -fstack-usage -fcyclomatic-complexity -MMD -MP -MF"Drivers/STM32F4xx_HAL_Driver/Src/stm32f4xx_hal_flash.d" -MT"Drivers/STM32F4xx_HAL_Driver/Src/stm32f4xx_hal_flash.o" --specs=nano.specs -mfpu=fpv4-sp-d16 -mfloat-abi=hard -mthumb -o "Drivers/STM32F4xx_HAL_Driver/Src/stm32f4xx_hal_flash.o"
arm-none-eabi-gcc "../Drivers/STM32F4xx_HAL_Driver/Src/stm32f4xx_hal_flash_ex.c" -mcpu=cortex-m4 -std=gnu11 -g3 -DDEBUG -DUSE_HAL_DRIVER -DSTM32F446xx -c -I../Core/Inc -I../Drivers/STM32F4xx_HAL_Driver/Inc -I../Drivers/STM32F4xx_HAL_Driver/Inc/Legacy -I../Drivers/CMSIS/Device/ST/STM32F4xx/Include -I../Drivers/CMSIS/Include -O0 -ffunction-sections -fdata-sections -Wall -fstack-usage -fcyclomatic-complexity -MMD -MP -MF"Drivers/STM32F4xx_HAL_Driver/Src/stm32f4xx_hal_flash_ex.d" -MT"Drivers/STM32F4xx_HAL_Driver/Src/stm32f4xx_hal_flash_ex.o" --specs=nano.specs -mfpu=fpv4-sp-d16 -mfloat-abi=hard -mthumb -o "Drivers/STM32F4xx_HAL_Driver/Src/stm32f4xx_hal_flash_ex.o"
arm-none-eabi-gcc "../Drivers/STM32F4xx_HAL_Driver/Src/stm32f4xx_hal_flash_ramfunc.c" -mcpu=cortex-m4 -std=gnu11 -g3 -DDEBUG -DUSE_HAL_DRIVER -DSTM32F446xx -c -I../Core/Inc -I../Drivers/STM32F4xx_HAL_Driver/Inc -I../Drivers/STM32F4xx_HAL_Driver/Inc/Legacy -I../Drivers/CMSIS/Device/ST/STM32F4xx/Include -I../Drivers/CMSIS/Include -O0 -ffunction-sections -fdata-sections -Wall -fstack-usage -fcyclomatic-complexity -MMD -MP -MF"Drivers/STM32F4xx_HAL_Driver/Src/stm32f4xx_hal_flash_ramfunc.d" -MT"Drivers/STM32F4xx_HAL_Driver/Src/stm32f4xx_hal_flash_ramfunc.o" --specs=nano.specs -mfpu=fpv4-sp-d16 -mfloat-abi=hard -mthumb -o "Drivers/STM32F4xx_HAL_Driver/Src/stm32f4xx_hal_flash_ramfunc.o"
arm-none-eabi-gcc "../Drivers/STM32F4xx_HAL_Driver/Src/stm32f4xx_hal_gpio.c" -mcpu=cortex-m4 -std=gnu11 -g3 -DDEBUG -DUSE_HAL_DRIVER -DSTM32F446xx -c -I../Core/Inc -I../Drivers/STM32F4xx_HAL_Driver/Inc -I../Drivers/STM32F4xx_HAL_Driver/Inc/Legacy -I../Drivers/CMSIS/Device/ST/STM32F4xx/Include -I../Drivers/CMSIS/Include -O0 -ffunction-sections -fdata-sections -Wall -fstack-usage -fcyclomatic-complexity -MMD -MP -MF"Drivers/STM32F4xx_HAL_Driver/Src/stm32f4xx_hal_gpio.d" -MT"Drivers/STM32F4xx_HAL_Driver/Src/stm32f4xx_hal_gpio.o" --specs=nano.specs -mfpu=fpv4-sp-d16 -mfloat-abi=hard -mthumb -o "Drivers/STM32F4xx_HAL_Driver/Src/stm32f4xx_hal_gpio.o"
arm-none-eabi-gcc "../Drivers/STM32F4xx_HAL_Driver/Src/stm32f4xx_hal_pwr.c" -mcpu=cortex-m4 -std=gnu11 -g3 -DDEBUG -DUSE_HAL_DRIVER -DSTM32F446xx -c -I../Core/Inc -I../Drivers/STM32F4xx_HAL_Driver/Inc -I../Drivers/STM32F4xx_HAL_Driver/Inc/Legacy -I../Drivers/CMSIS/Device/ST/STM32F4xx/Include -I../Drivers/CMSIS/Include -O0 -ffunction-sections -fdata-sections -Wall -fstack-usage -fcyclomatic-complexity -MMD -MP -MF"Drivers/STM32F4xx_HAL_Driver/Src/stm32f4xx_hal_pwr.d" -MT"Drivers/STM32F4xx_HAL_Driver/Src/stm32f4xx_hal_pwr.o" --specs=nano.specs -mfpu=fpv4-sp-d16 -mfloat-abi=hard -mthumb -o "Drivers/STM32F4xx_HAL_Driver/Src/stm32f4xx_hal_pwr.o"
arm-none-eabi-gcc "../Drivers/STM32F4xx_HAL_Driver/Src/stm32f4xx_hal_pwr_ex.c" -mcpu=cortex-m4 -std=gnu11 -g3 -DDEBUG -DUSE_HAL_DRIVER -DSTM32F446xx -c -I../Core/Inc -I../Drivers/STM32F4xx_HAL_Driver/Inc -I../Drivers/STM32F4xx_HAL_Driver/Inc/Legacy -I../Drivers/CMSIS/Device/ST/STM32F4xx/Include -I../Drivers/CMSIS/Include -O0 -ffunction-sections -fdata-sections -Wall -fstack-usage -fcyclomatic-complexity -MMD -MP -MF"Drivers/STM32F4xx_HAL_Driver/Src/stm32f4xx_hal_pwr_ex.d" -MT"Drivers/STM32F4xx_HAL_Driver/Src/stm32f4xx_hal_pwr_ex.o" --specs=nano.specs -mfpu=fpv4-sp-d16 -mfloat-abi=hard -mthumb -o "Drivers/STM32F4xx_HAL_Driver/Src/stm32f4xx_hal_pwr_ex.o"
arm-none-eabi-gcc "../Drivers/STM32F4xx_HAL_Driver/Src/stm32f4xx_hal_rcc.c" -mcpu=cortex-m4 -std=gnu11 -g3 -DDEBUG -DUSE_HAL_DRIVER -DSTM32F446xx -c -I../Core/Inc -I../Drivers/STM32F4xx_HAL_Driver/Inc -I../Drivers/STM32F4xx_HAL_Driver/Inc/Legacy -I../Drivers/CMSIS/Device/ST/STM32F4xx/Include -I../Drivers/CMSIS/Include -O0 -ffunction-sections -fdata-sections -Wall -fstack-usage -fcyclomatic-complexity -MMD -MP -MF"Drivers/STM32F4xx_HAL_Driver/Src/stm32f4xx_hal_rcc.d" -MT"Drivers/STM32F4xx_HAL_Driver/Src/stm32f4xx_hal_rcc.o" --specs=nano.specs -mfpu=fpv4-sp-d16 -mfloat-abi=hard -mthumb -o "Drivers/STM32F4xx_HAL_Driver/Src/stm32f4xx_hal_rcc.o"
arm-none-eabi-gcc "../Drivers/STM32F4xx_HAL_Driver/Src/stm32f4xx_hal_rcc_ex.c" -mcpu=cortex-m4 -std=gnu11 -g3 -DDEBUG -DUSE_HAL_DRIVER -DSTM32F446xx -c -I../Core/Inc -I../Drivers/STM32F4xx_HAL_Driver/Inc -I../Drivers/STM32F4xx_HAL_Driver/Inc/Legacy -I../Drivers/CMSIS/Device/ST/STM32F4xx/Include -I../Drivers/CMSIS/Include -O0 -ffunction-sections -fdata-sections -Wall -fstack-usage -fcyclomatic-complexity -MMD -MP -MF"Drivers/STM32F4xx_HAL_Driver/Src/stm32f4xx_hal_rcc_ex.d" -MT"Drivers/STM32F4xx_HAL_Driver/Src/stm32f4xx_hal_rcc_ex.o" --specs=nano.specs -mfpu=fpv4-sp-d16 -mfloat-abi=hard -mthumb -o "Drivers/STM32F4xx_HAL_Driver/Src/stm32f4xx_hal_rcc_ex.o"
arm-none-eabi-gcc -mcpu=cortex-m4 -g3 -DDEBUG -c -x assembler-with-cpp -MMD -MP -MF"Core/Startup/startup_stm32f446retx.d" -MT"Core/Startup/startup_stm32f446retx.o" --specs=nano.specs -mfpu=fpv4-sp-d16 -mfloat-abi=hard -mthumb -o "Core/Startup/startup_stm32f446retx.o" "../Core/Startup/startup_stm32f446retx.s"
arm-none-eabi-gcc "../Core/Src/main.c" -mcpu=cortex-m4 -std=gnu11 -g3 -DDEBUG -DUSE_HAL_DRIVER -DSTM32F446xx -c -I../Core/Inc -I../Drivers/STM32F4xx_HAL_Driver/Inc -I../Drivers/STM32F4xx_HAL_Driver/Inc/Legacy -I../Drivers/CMSIS/Device/ST/STM32F4xx/Include -I../Drivers/CMSIS/Include -O0 -ffunction-sections -fdata-sections -Wall -fstack-usage -fcyclomatic-complexity -MMD -MP -MF"Core/Src/main.d" -MT"Core/Src/main.o" --specs=nano.specs -mfpu=fpv4-sp-d16 -mfloat-abi=hard -mthumb -o "Core/Src/main.o"
arm-none-eabi-gcc "../Core/Src/stm32f4xx_hal_msp.c" -mcpu=cortex-m4 -std=gnu11 -g3 -DDEBUG -DUSE_HAL_DRIVER -DSTM32F446xx -c -I../Core/Inc -I../Drivers/STM32F4xx_HAL_Driver/Inc -I../Drivers/STM32F4xx_HAL_Driver/Inc/Legacy -I../Drivers/CMSIS/Device/ST/STM32F4xx/Include -I../Drivers/CMSIS/Include -O0 -ffunction-sections -fdata-sections -Wall -fstack-usage -fcyclomatic-complexity -MMD -MP -MF"Core/Src/stm32f4xx_hal_msp.d" -MT"Core/Src/stm32f4xx_hal_msp.o" --specs=nano.specs -mfpu=fpv4-sp-d16 -mfloat-abi=hard -mthumb -o "Core/Src/stm32f4xx_hal_msp.o"
arm-none-eabi-gcc "../Core/Src/stm32f4xx_it.c" -mcpu=cortex-m4 -std=gnu11 -g3 -DDEBUG -DUSE_HAL_DRIVER -DSTM32F446xx -c -I../Core/Inc -I../Drivers/STM32F4xx_HAL_Driver/Inc -I../Drivers/STM32F4xx_HAL_Driver/Inc/Legacy -I../Drivers/CMSIS/Device/ST/STM32F4xx/Include -I../Drivers/CMSIS/Include -O0 -ffunction-sections -fdata-sections -Wall -fstack-usage -fcyclomatic-complexity -MMD -MP -MF"Core/Src/stm32f4xx_it.d" -MT"Core/Src/stm32f4xx_it.o" --specs=nano.specs -mfpu=fpv4-sp-d16 -mfloat-abi=hard -mthumb -o "Core/Src/stm32f4xx_it.o"
arm-none-eabi-gcc "../Core/Src/syscalls.c" -mcpu=cortex-m4 -std=gnu11 -g3 -DDEBUG -DUSE_HAL_DRIVER -DSTM32F446xx -c -I../Core/Inc -I../Drivers/STM32F4xx_HAL_Driver/Inc -I../Drivers/STM32F4xx_HAL_Driver/Inc/Legacy -I../Drivers/CMSIS/Device/ST/STM32F4xx/Include -I../Drivers/CMSIS/Include -O0 -ffunction-sections -fdata-sections -Wall -fstack-usage -fcyclomatic-complexity -MMD -MP -MF"Core/Src/syscalls.d" -MT"Core/Src/syscalls.o" --specs=nano.specs -mfpu=fpv4-sp-d16 -mfloat-abi=hard -mthumb -o "Core/Src/syscalls.o"
arm-none-eabi-gcc "../Core/Src/sysmem.c" -mcpu=cortex-m4 -std=gnu11 -g3 -DDEBUG -DUSE_HAL_DRIVER -DSTM32F446xx -c -I../Core/Inc -I../Drivers/STM32F4xx_HAL_Driver/Inc -I../Drivers/STM32F4xx_HAL_Driver/Inc/Legacy -I../Drivers/CMSIS/Device/ST/STM32F4xx/Include -I../Drivers/CMSIS/Include -O0 -ffunction-sections -fdata-sections -Wall -fstack-usage -fcyclomatic-complexity -MMD -MP -MF"Core/Src/sysmem.d" -MT"Core/Src/sysmem.o" --specs=nano.specs -mfpu=fpv4-sp-d16 -mfloat-abi=hard -mthumb -o "Core/Src/sysmem.o"
arm-none-eabi-gcc "../Core/Src/system_stm32f4xx.c" -mcpu=cortex-m4 -std=gnu11 -g3 -DDEBUG -DUSE_HAL_DRIVER -DSTM32F446xx -c -I../Core/Inc -I../Drivers/STM32F4xx_HAL_Driver/Inc -I../Drivers/STM32F4xx_HAL_Driver/Inc/Legacy -I../Drivers/CMSIS/Device/ST/STM32F4xx/Include -I../Drivers/CMSIS/Include -O0 -ffunction-sections -fdata-sections -Wall -fstack-usage -fcyclomatic-complexity -MMD -MP -MF"Core/Src/system_stm32f4xx.d" -MT"Core/Src/system_stm32f4xx.o" --specs=nano.specs -mfpu=fpv4-sp-d16 -mfloat-abi=hard -mthumb -o "Core/Src/system_stm32f4xx.o"
arm-none-eabi-gcc "../Core/Lib/Src/ds18b20.c" -mcpu=cortex-m4 -std=gnu11 -g3 -DDEBUG -DUSE_HAL_DRIVER -DSTM32F446xx -c -I../Core/Inc -I../Drivers/STM32F4xx_HAL_Driver/Inc -I../Drivers/STM32F4xx_HAL_Driver/Inc/Legacy -I../Drivers/CMSIS/Device/ST/STM32F4xx/Include -I../Drivers/CMSIS/Include -O0 -ffunction-sections -fdata-sections -Wall -fstack-usage -fcyclomatic-complexity -MMD -MP -MF"Core/Lib/Src/ds18b20.d" -MT"Core/Lib/Src/ds18b20.o" --specs=nano.specs -mfpu=fpv4-sp-d16 -mfloat-abi=hard -mthumb -o "Core/Lib/Src/ds18b20.o"
arm-none-eabi-gcc "../Core/Lib/Src/onewire.c" -mcpu=cortex-m4 -std=gnu11 -g3 -DDEBUG -DUSE_HAL_DRIVER -DSTM32F446xx -c -I../Core/Inc -I../Drivers/STM32F4xx_HAL_Driver/Inc -I../Drivers/STM32F4xx_HAL_Driver/Inc/Legacy -I../Drivers/CMSIS/Device/ST/STM32F4xx/Include -I../Drivers/CMSIS/Include -O0 -ffunction-sections -fdata-sections -Wall -fstack-usage -fcyclomatic-complexity -MMD -MP -MF"Core/Lib/Src/onewire.d" -MT"Core/Lib/Src/onewire.o" --specs=nano.specs -mfpu=fpv4-sp-d16 -mfloat-abi=hard -mthumb -o "Core/Lib/Src/onewire.o"
../Core/Lib/Src/ds18b20.c:3:10: fatal error: ds18b20.h: No such file or directory
    3 | #include "ds18b20.h"
      |          ^~~~~~~~~~~
compilation terminated.
../Core/Lib/Src/onewire.c:19:10: fatal error: onewire.h: No such file or directory
   19 | #include "onewire.h"
      |          ^~~~~~~~~~~
compilation terminated.
make: *** [Core/Lib/Src/subdir.mk:22: Core/Lib/Src/ds18b20.o] Error 1
make: *** Waiting for unfinished jobs....
make: *** [Core/Lib/Src/subdir.mk:22: Core/Lib/Src/onewire.o] Error 1
"make -j8 all" terminated with exit code 2. Build might be incomplete.
22:09:08 **** Build of configuration Debug for project first_ ****
make -j8 all 
arm-none-eabi-size  first_.elf 
   text	   data	    bss	    dec	    hex	filename
   8640	     12	   1644	  10296	   2838	first_.elf
Finished building: default.size.stdout
 
22:09:09 **** Build of configuration Debug for project switch_test ****
make -j8 all 
arm-none-eabi-size  switch_test.elf 
   text	   data	    bss	    dec	    hex	filename
   6380	     12	   1572	   7964	   1f1c	switch_test.elf
Finished building: default.size.stdout
 
22:09:10 **** Build of configuration Debug for project uart_printf ****
make -j8 all 
arm-none-eabi-size  uart_printf.elf 
   text	   data	    bss	    dec	    hex	filename
  23324	    468	   1988	  25780	   64b4	uart_printf.elf
Finished building: default.size.stdout
 
22:10:11 **** Incremental Build of configuration Debug for project FND_control ****
make -j8 all 
arm-none-eabi-size  FND_control.elf 
   text	   data	    bss	    dec	    hex	filename
   6984	     12	   1604	   8600	   2198	FND_control.elf
Finished building: default.size.stdout
 
22:10:12 **** Incremental Build of configuration Debug for project FND_control_SPI ****
make -j8 all 
arm-none-eabi-size  FND_control_SPI.elf 
   text	   data	    bss	    dec	    hex	filename
   8592	     12	   1692	  10296	   2838	FND_control_SPI.elf
Finished building: default.size.stdout
 
22:10:12 **** Incremental Build of configuration Debug for project FND_control_switch ****
make -j8 all 
arm-none-eabi-size  FND_control_switch.elf 
   text	   data	    bss	    dec	    hex	filename
   7308	     12	   1604	   8924	   22dc	FND_control_switch.elf
Finished building: default.size.stdout
 
22:10:13 **** Incremental Build of configuration Debug for project GPIO_HAL_X ****
make -j8 all 
arm-none-eabi-size  GPIO_HAL_X.elf 
   text	   data	    bss	    dec	    hex	filename
   6468	     12	   1572	   8052	   1f74	GPIO_HAL_X.elf
Finished building: default.size.stdout
 
22:10:14 **** Incremental Build of configuration Debug for project Hello_GPIO ****
make -j8 all 
arm-none-eabi-size  Hello_GPIO.elf 
   text	   data	    bss	    dec	    hex	filename
   6464	     12	   1572	   8048	   1f70	Hello_GPIO.elf
Finished building: default.size.stdout
 
22:10:14 **** Incremental Build of configuration Debug for project LED_control ****
make -j8 all 
arm-none-eabi-size  LED_control.elf 
   text	   data	    bss	    dec	    hex	filename
   6404	     12	   1572	   7988	   1f34	LED_control.elf
Finished building: default.size.stdout
 
22:10:15 **** Incremental Build of configuration Debug for project LED_control_switch ****
make -j8 all 
arm-none-eabi-size  LED_control_switch.elf 
   text	   data	    bss	    dec	    hex	filename
   6416	     12	   1572	   8000	   1f40	LED_control_switch.elf
Finished building: default.size.stdout
 
22:10:16 **** Incremental Build of configuration Debug for project TEMP_sensor ****
make -j8 all 
arm-none-eabi-gcc "../Drivers/STM32F4xx_HAL_Driver/Src/stm32f4xx_hal.c" -mcpu=cortex-m4 -std=gnu11 -g3 -DDEBUG -DUSE_HAL_DRIVER -DSTM32F446xx -c -I../Core/Inc -I../Drivers/STM32F4xx_HAL_Driver/Inc -I../Drivers/STM32F4xx_HAL_Driver/Inc/Legacy -I../Drivers/CMSIS/Device/ST/STM32F4xx/Include -I../Drivers/CMSIS/Include -I"C:/Study/STM32/OJ_tube/TEMP_sensor/Core/Lib/Inc" -O0 -ffunction-sections -fdata-sections -Wall -fstack-usage -fcyclomatic-complexity -MMD -MP -MF"Drivers/STM32F4xx_HAL_Driver/Src/stm32f4xx_hal.d" -MT"Drivers/STM32F4xx_HAL_Driver/Src/stm32f4xx_hal.o" --specs=nano.specs -mfpu=fpv4-sp-d16 -mfloat-abi=hard -mthumb -o "Drivers/STM32F4xx_HAL_Driver/Src/stm32f4xx_hal.o"
arm-none-eabi-gcc "../Drivers/STM32F4xx_HAL_Driver/Src/stm32f4xx_hal_cortex.c" -mcpu=cortex-m4 -std=gnu11 -g3 -DDEBUG -DUSE_HAL_DRIVER -DSTM32F446xx -c -I../Core/Inc -I../Drivers/STM32F4xx_HAL_Driver/Inc -I../Drivers/STM32F4xx_HAL_Driver/Inc/Legacy -I../Drivers/CMSIS/Device/ST/STM32F4xx/Include -I../Drivers/CMSIS/Include -I"C:/Study/STM32/OJ_tube/TEMP_sensor/Core/Lib/Inc" -O0 -ffunction-sections -fdata-sections -Wall -fstack-usage -fcyclomatic-complexity -MMD -MP -MF"Drivers/STM32F4xx_HAL_Driver/Src/stm32f4xx_hal_cortex.d" -MT"Drivers/STM32F4xx_HAL_Driver/Src/stm32f4xx_hal_cortex.o" --specs=nano.specs -mfpu=fpv4-sp-d16 -mfloat-abi=hard -mthumb -o "Drivers/STM32F4xx_HAL_Driver/Src/stm32f4xx_hal_cortex.o"
arm-none-eabi-gcc "../Drivers/STM32F4xx_HAL_Driver/Src/stm32f4xx_hal_dma.c" -mcpu=cortex-m4 -std=gnu11 -g3 -DDEBUG -DUSE_HAL_DRIVER -DSTM32F446xx -c -I../Core/Inc -I../Drivers/STM32F4xx_HAL_Driver/Inc -I../Drivers/STM32F4xx_HAL_Driver/Inc/Legacy -I../Drivers/CMSIS/Device/ST/STM32F4xx/Include -I../Drivers/CMSIS/Include -I"C:/Study/STM32/OJ_tube/TEMP_sensor/Core/Lib/Inc" -O0 -ffunction-sections -fdata-sections -Wall -fstack-usage -fcyclomatic-complexity -MMD -MP -MF"Drivers/STM32F4xx_HAL_Driver/Src/stm32f4xx_hal_dma.d" -MT"Drivers/STM32F4xx_HAL_Driver/Src/stm32f4xx_hal_dma.o" --specs=nano.specs -mfpu=fpv4-sp-d16 -mfloat-abi=hard -mthumb -o "Drivers/STM32F4xx_HAL_Driver/Src/stm32f4xx_hal_dma.o"
arm-none-eabi-gcc "../Drivers/STM32F4xx_HAL_Driver/Src/stm32f4xx_hal_dma_ex.c" -mcpu=cortex-m4 -std=gnu11 -g3 -DDEBUG -DUSE_HAL_DRIVER -DSTM32F446xx -c -I../Core/Inc -I../Drivers/STM32F4xx_HAL_Driver/Inc -I../Drivers/STM32F4xx_HAL_Driver/Inc/Legacy -I../Drivers/CMSIS/Device/ST/STM32F4xx/Include -I../Drivers/CMSIS/Include -I"C:/Study/STM32/OJ_tube/TEMP_sensor/Core/Lib/Inc" -O0 -ffunction-sections -fdata-sections -Wall -fstack-usage -fcyclomatic-complexity -MMD -MP -MF"Drivers/STM32F4xx_HAL_Driver/Src/stm32f4xx_hal_dma_ex.d" -MT"Drivers/STM32F4xx_HAL_Driver/Src/stm32f4xx_hal_dma_ex.o" --specs=nano.specs -mfpu=fpv4-sp-d16 -mfloat-abi=hard -mthumb -o "Drivers/STM32F4xx_HAL_Driver/Src/stm32f4xx_hal_dma_ex.o"
arm-none-eabi-gcc "../Drivers/STM32F4xx_HAL_Driver/Src/stm32f4xx_hal_exti.c" -mcpu=cortex-m4 -std=gnu11 -g3 -DDEBUG -DUSE_HAL_DRIVER -DSTM32F446xx -c -I../Core/Inc -I../Drivers/STM32F4xx_HAL_Driver/Inc -I../Drivers/STM32F4xx_HAL_Driver/Inc/Legacy -I../Drivers/CMSIS/Device/ST/STM32F4xx/Include -I../Drivers/CMSIS/Include -I"C:/Study/STM32/OJ_tube/TEMP_sensor/Core/Lib/Inc" -O0 -ffunction-sections -fdata-sections -Wall -fstack-usage -fcyclomatic-complexity -MMD -MP -MF"Drivers/STM32F4xx_HAL_Driver/Src/stm32f4xx_hal_exti.d" -MT"Drivers/STM32F4xx_HAL_Driver/Src/stm32f4xx_hal_exti.o" --specs=nano.specs -mfpu=fpv4-sp-d16 -mfloat-abi=hard -mthumb -o "Drivers/STM32F4xx_HAL_Driver/Src/stm32f4xx_hal_exti.o"
arm-none-eabi-gcc "../Drivers/STM32F4xx_HAL_Driver/Src/stm32f4xx_hal_flash.c" -mcpu=cortex-m4 -std=gnu11 -g3 -DDEBUG -DUSE_HAL_DRIVER -DSTM32F446xx -c -I../Core/Inc -I../Drivers/STM32F4xx_HAL_Driver/Inc -I../Drivers/STM32F4xx_HAL_Driver/Inc/Legacy -I../Drivers/CMSIS/Device/ST/STM32F4xx/Include -I../Drivers/CMSIS/Include -I"C:/Study/STM32/OJ_tube/TEMP_sensor/Core/Lib/Inc" -O0 -ffunction-sections -fdata-sections -Wall -fstack-usage -fcyclomatic-complexity -MMD -MP -MF"Drivers/STM32F4xx_HAL_Driver/Src/stm32f4xx_hal_flash.d" -MT"Drivers/STM32F4xx_HAL_Driver/Src/stm32f4xx_hal_flash.o" --specs=nano.specs -mfpu=fpv4-sp-d16 -mfloat-abi=hard -mthumb -o "Drivers/STM32F4xx_HAL_Driver/Src/stm32f4xx_hal_flash.o"
arm-none-eabi-gcc "../Drivers/STM32F4xx_HAL_Driver/Src/stm32f4xx_hal_flash_ex.c" -mcpu=cortex-m4 -std=gnu11 -g3 -DDEBUG -DUSE_HAL_DRIVER -DSTM32F446xx -c -I../Core/Inc -I../Drivers/STM32F4xx_HAL_Driver/Inc -I../Drivers/STM32F4xx_HAL_Driver/Inc/Legacy -I../Drivers/CMSIS/Device/ST/STM32F4xx/Include -I../Drivers/CMSIS/Include -I"C:/Study/STM32/OJ_tube/TEMP_sensor/Core/Lib/Inc" -O0 -ffunction-sections -fdata-sections -Wall -fstack-usage -fcyclomatic-complexity -MMD -MP -MF"Drivers/STM32F4xx_HAL_Driver/Src/stm32f4xx_hal_flash_ex.d" -MT"Drivers/STM32F4xx_HAL_Driver/Src/stm32f4xx_hal_flash_ex.o" --specs=nano.specs -mfpu=fpv4-sp-d16 -mfloat-abi=hard -mthumb -o "Drivers/STM32F4xx_HAL_Driver/Src/stm32f4xx_hal_flash_ex.o"
arm-none-eabi-gcc "../Drivers/STM32F4xx_HAL_Driver/Src/stm32f4xx_hal_flash_ramfunc.c" -mcpu=cortex-m4 -std=gnu11 -g3 -DDEBUG -DUSE_HAL_DRIVER -DSTM32F446xx -c -I../Core/Inc -I../Drivers/STM32F4xx_HAL_Driver/Inc -I../Drivers/STM32F4xx_HAL_Driver/Inc/Legacy -I../Drivers/CMSIS/Device/ST/STM32F4xx/Include -I../Drivers/CMSIS/Include -I"C:/Study/STM32/OJ_tube/TEMP_sensor/Core/Lib/Inc" -O0 -ffunction-sections -fdata-sections -Wall -fstack-usage -fcyclomatic-complexity -MMD -MP -MF"Drivers/STM32F4xx_HAL_Driver/Src/stm32f4xx_hal_flash_ramfunc.d" -MT"Drivers/STM32F4xx_HAL_Driver/Src/stm32f4xx_hal_flash_ramfunc.o" --specs=nano.specs -mfpu=fpv4-sp-d16 -mfloat-abi=hard -mthumb -o "Drivers/STM32F4xx_HAL_Driver/Src/stm32f4xx_hal_flash_ramfunc.o"
arm-none-eabi-gcc "../Drivers/STM32F4xx_HAL_Driver/Src/stm32f4xx_hal_gpio.c" -mcpu=cortex-m4 -std=gnu11 -g3 -DDEBUG -DUSE_HAL_DRIVER -DSTM32F446xx -c -I../Core/Inc -I../Drivers/STM32F4xx_HAL_Driver/Inc -I../Drivers/STM32F4xx_HAL_Driver/Inc/Legacy -I../Drivers/CMSIS/Device/ST/STM32F4xx/Include -I../Drivers/CMSIS/Include -I"C:/Study/STM32/OJ_tube/TEMP_sensor/Core/Lib/Inc" -O0 -ffunction-sections -fdata-sections -Wall -fstack-usage -fcyclomatic-complexity -MMD -MP -MF"Drivers/STM32F4xx_HAL_Driver/Src/stm32f4xx_hal_gpio.d" -MT"Drivers/STM32F4xx_HAL_Driver/Src/stm32f4xx_hal_gpio.o" --specs=nano.specs -mfpu=fpv4-sp-d16 -mfloat-abi=hard -mthumb -o "Drivers/STM32F4xx_HAL_Driver/Src/stm32f4xx_hal_gpio.o"
arm-none-eabi-gcc "../Drivers/STM32F4xx_HAL_Driver/Src/stm32f4xx_hal_pwr.c" -mcpu=cortex-m4 -std=gnu11 -g3 -DDEBUG -DUSE_HAL_DRIVER -DSTM32F446xx -c -I../Core/Inc -I../Drivers/STM32F4xx_HAL_Driver/Inc -I../Drivers/STM32F4xx_HAL_Driver/Inc/Legacy -I../Drivers/CMSIS/Device/ST/STM32F4xx/Include -I../Drivers/CMSIS/Include -I"C:/Study/STM32/OJ_tube/TEMP_sensor/Core/Lib/Inc" -O0 -ffunction-sections -fdata-sections -Wall -fstack-usage -fcyclomatic-complexity -MMD -MP -MF"Drivers/STM32F4xx_HAL_Driver/Src/stm32f4xx_hal_pwr.d" -MT"Drivers/STM32F4xx_HAL_Driver/Src/stm32f4xx_hal_pwr.o" --specs=nano.specs -mfpu=fpv4-sp-d16 -mfloat-abi=hard -mthumb -o "Drivers/STM32F4xx_HAL_Driver/Src/stm32f4xx_hal_pwr.o"
arm-none-eabi-gcc "../Drivers/STM32F4xx_HAL_Driver/Src/stm32f4xx_hal_pwr_ex.c" -mcpu=cortex-m4 -std=gnu11 -g3 -DDEBUG -DUSE_HAL_DRIVER -DSTM32F446xx -c -I../Core/Inc -I../Drivers/STM32F4xx_HAL_Driver/Inc -I../Drivers/STM32F4xx_HAL_Driver/Inc/Legacy -I../Drivers/CMSIS/Device/ST/STM32F4xx/Include -I../Drivers/CMSIS/Include -I"C:/Study/STM32/OJ_tube/TEMP_sensor/Core/Lib/Inc" -O0 -ffunction-sections -fdata-sections -Wall -fstack-usage -fcyclomatic-complexity -MMD -MP -MF"Drivers/STM32F4xx_HAL_Driver/Src/stm32f4xx_hal_pwr_ex.d" -MT"Drivers/STM32F4xx_HAL_Driver/Src/stm32f4xx_hal_pwr_ex.o" --specs=nano.specs -mfpu=fpv4-sp-d16 -mfloat-abi=hard -mthumb -o "Drivers/STM32F4xx_HAL_Driver/Src/stm32f4xx_hal_pwr_ex.o"
arm-none-eabi-gcc "../Drivers/STM32F4xx_HAL_Driver/Src/stm32f4xx_hal_rcc.c" -mcpu=cortex-m4 -std=gnu11 -g3 -DDEBUG -DUSE_HAL_DRIVER -DSTM32F446xx -c -I../Core/Inc -I../Drivers/STM32F4xx_HAL_Driver/Inc -I../Drivers/STM32F4xx_HAL_Driver/Inc/Legacy -I../Drivers/CMSIS/Device/ST/STM32F4xx/Include -I../Drivers/CMSIS/Include -I"C:/Study/STM32/OJ_tube/TEMP_sensor/Core/Lib/Inc" -O0 -ffunction-sections -fdata-sections -Wall -fstack-usage -fcyclomatic-complexity -MMD -MP -MF"Drivers/STM32F4xx_HAL_Driver/Src/stm32f4xx_hal_rcc.d" -MT"Drivers/STM32F4xx_HAL_Driver/Src/stm32f4xx_hal_rcc.o" --specs=nano.specs -mfpu=fpv4-sp-d16 -mfloat-abi=hard -mthumb -o "Drivers/STM32F4xx_HAL_Driver/Src/stm32f4xx_hal_rcc.o"
arm-none-eabi-gcc "../Drivers/STM32F4xx_HAL_Driver/Src/stm32f4xx_hal_rcc_ex.c" -mcpu=cortex-m4 -std=gnu11 -g3 -DDEBUG -DUSE_HAL_DRIVER -DSTM32F446xx -c -I../Core/Inc -I../Drivers/STM32F4xx_HAL_Driver/Inc -I../Drivers/STM32F4xx_HAL_Driver/Inc/Legacy -I../Drivers/CMSIS/Device/ST/STM32F4xx/Include -I../Drivers/CMSIS/Include -I"C:/Study/STM32/OJ_tube/TEMP_sensor/Core/Lib/Inc" -O0 -ffunction-sections -fdata-sections -Wall -fstack-usage -fcyclomatic-complexity -MMD -MP -MF"Drivers/STM32F4xx_HAL_Driver/Src/stm32f4xx_hal_rcc_ex.d" -MT"Drivers/STM32F4xx_HAL_Driver/Src/stm32f4xx_hal_rcc_ex.o" --specs=nano.specs -mfpu=fpv4-sp-d16 -mfloat-abi=hard -mthumb -o "Drivers/STM32F4xx_HAL_Driver/Src/stm32f4xx_hal_rcc_ex.o"
arm-none-eabi-gcc "../Core/Src/main.c" -mcpu=cortex-m4 -std=gnu11 -g3 -DDEBUG -DUSE_HAL_DRIVER -DSTM32F446xx -c -I../Core/Inc -I../Drivers/STM32F4xx_HAL_Driver/Inc -I../Drivers/STM32F4xx_HAL_Driver/Inc/Legacy -I../Drivers/CMSIS/Device/ST/STM32F4xx/Include -I../Drivers/CMSIS/Include -I"C:/Study/STM32/OJ_tube/TEMP_sensor/Core/Lib/Inc" -O0 -ffunction-sections -fdata-sections -Wall -fstack-usage -fcyclomatic-complexity -MMD -MP -MF"Core/Src/main.d" -MT"Core/Src/main.o" --specs=nano.specs -mfpu=fpv4-sp-d16 -mfloat-abi=hard -mthumb -o "Core/Src/main.o"
arm-none-eabi-gcc "../Core/Src/stm32f4xx_hal_msp.c" -mcpu=cortex-m4 -std=gnu11 -g3 -DDEBUG -DUSE_HAL_DRIVER -DSTM32F446xx -c -I../Core/Inc -I../Drivers/STM32F4xx_HAL_Driver/Inc -I../Drivers/STM32F4xx_HAL_Driver/Inc/Legacy -I../Drivers/CMSIS/Device/ST/STM32F4xx/Include -I../Drivers/CMSIS/Include -I"C:/Study/STM32/OJ_tube/TEMP_sensor/Core/Lib/Inc" -O0 -ffunction-sections -fdata-sections -Wall -fstack-usage -fcyclomatic-complexity -MMD -MP -MF"Core/Src/stm32f4xx_hal_msp.d" -MT"Core/Src/stm32f4xx_hal_msp.o" --specs=nano.specs -mfpu=fpv4-sp-d16 -mfloat-abi=hard -mthumb -o "Core/Src/stm32f4xx_hal_msp.o"
arm-none-eabi-gcc "../Core/Src/stm32f4xx_it.c" -mcpu=cortex-m4 -std=gnu11 -g3 -DDEBUG -DUSE_HAL_DRIVER -DSTM32F446xx -c -I../Core/Inc -I../Drivers/STM32F4xx_HAL_Driver/Inc -I../Drivers/STM32F4xx_HAL_Driver/Inc/Legacy -I../Drivers/CMSIS/Device/ST/STM32F4xx/Include -I../Drivers/CMSIS/Include -I"C:/Study/STM32/OJ_tube/TEMP_sensor/Core/Lib/Inc" -O0 -ffunction-sections -fdata-sections -Wall -fstack-usage -fcyclomatic-complexity -MMD -MP -MF"Core/Src/stm32f4xx_it.d" -MT"Core/Src/stm32f4xx_it.o" --specs=nano.specs -mfpu=fpv4-sp-d16 -mfloat-abi=hard -mthumb -o "Core/Src/stm32f4xx_it.o"
arm-none-eabi-gcc "../Core/Src/syscalls.c" -mcpu=cortex-m4 -std=gnu11 -g3 -DDEBUG -DUSE_HAL_DRIVER -DSTM32F446xx -c -I../Core/Inc -I../Drivers/STM32F4xx_HAL_Driver/Inc -I../Drivers/STM32F4xx_HAL_Driver/Inc/Legacy -I../Drivers/CMSIS/Device/ST/STM32F4xx/Include -I../Drivers/CMSIS/Include -I"C:/Study/STM32/OJ_tube/TEMP_sensor/Core/Lib/Inc" -O0 -ffunction-sections -fdata-sections -Wall -fstack-usage -fcyclomatic-complexity -MMD -MP -MF"Core/Src/syscalls.d" -MT"Core/Src/syscalls.o" --specs=nano.specs -mfpu=fpv4-sp-d16 -mfloat-abi=hard -mthumb -o "Core/Src/syscalls.o"
arm-none-eabi-gcc "../Core/Src/sysmem.c" -mcpu=cortex-m4 -std=gnu11 -g3 -DDEBUG -DUSE_HAL_DRIVER -DSTM32F446xx -c -I../Core/Inc -I../Drivers/STM32F4xx_HAL_Driver/Inc -I../Drivers/STM32F4xx_HAL_Driver/Inc/Legacy -I../Drivers/CMSIS/Device/ST/STM32F4xx/Include -I../Drivers/CMSIS/Include -I"C:/Study/STM32/OJ_tube/TEMP_sensor/Core/Lib/Inc" -O0 -ffunction-sections -fdata-sections -Wall -fstack-usage -fcyclomatic-complexity -MMD -MP -MF"Core/Src/sysmem.d" -MT"Core/Src/sysmem.o" --specs=nano.specs -mfpu=fpv4-sp-d16 -mfloat-abi=hard -mthumb -o "Core/Src/sysmem.o"
arm-none-eabi-gcc "../Core/Src/system_stm32f4xx.c" -mcpu=cortex-m4 -std=gnu11 -g3 -DDEBUG -DUSE_HAL_DRIVER -DSTM32F446xx -c -I../Core/Inc -I../Drivers/STM32F4xx_HAL_Driver/Inc -I../Drivers/STM32F4xx_HAL_Driver/Inc/Legacy -I../Drivers/CMSIS/Device/ST/STM32F4xx/Include -I../Drivers/CMSIS/Include -I"C:/Study/STM32/OJ_tube/TEMP_sensor/Core/Lib/Inc" -O0 -ffunction-sections -fdata-sections -Wall -fstack-usage -fcyclomatic-complexity -MMD -MP -MF"Core/Src/system_stm32f4xx.d" -MT"Core/Src/system_stm32f4xx.o" --specs=nano.specs -mfpu=fpv4-sp-d16 -mfloat-abi=hard -mthumb -o "Core/Src/system_stm32f4xx.o"
arm-none-eabi-gcc "../Core/Lib/Src/ds18b20.c" -mcpu=cortex-m4 -std=gnu11 -g3 -DDEBUG -DUSE_HAL_DRIVER -DSTM32F446xx -c -I../Core/Inc -I../Drivers/STM32F4xx_HAL_Driver/Inc -I../Drivers/STM32F4xx_HAL_Driver/Inc/Legacy -I../Drivers/CMSIS/Device/ST/STM32F4xx/Include -I../Drivers/CMSIS/Include -I"C:/Study/STM32/OJ_tube/TEMP_sensor/Core/Lib/Inc" -O0 -ffunction-sections -fdata-sections -Wall -fstack-usage -fcyclomatic-complexity -MMD -MP -MF"Core/Lib/Src/ds18b20.d" -MT"Core/Lib/Src/ds18b20.o" --specs=nano.specs -mfpu=fpv4-sp-d16 -mfloat-abi=hard -mthumb -o "Core/Lib/Src/ds18b20.o"
arm-none-eabi-gcc "../Core/Lib/Src/onewire.c" -mcpu=cortex-m4 -std=gnu11 -g3 -DDEBUG -DUSE_HAL_DRIVER -DSTM32F446xx -c -I../Core/Inc -I../Drivers/STM32F4xx_HAL_Driver/Inc -I../Drivers/STM32F4xx_HAL_Driver/Inc/Legacy -I../Drivers/CMSIS/Device/ST/STM32F4xx/Include -I../Drivers/CMSIS/Include -I"C:/Study/STM32/OJ_tube/TEMP_sensor/Core/Lib/Inc" -O0 -ffunction-sections -fdata-sections -Wall -fstack-usage -fcyclomatic-complexity -MMD -MP -MF"Core/Lib/Src/onewire.d" -MT"Core/Lib/Src/onewire.o" --specs=nano.specs -mfpu=fpv4-sp-d16 -mfloat-abi=hard -mthumb -o "Core/Lib/Src/onewire.o"
In file included from C:/Study/STM32/OJ_tube/TEMP_sensor/Core/Lib/Inc/ds18b20.h:7,
                 from ../Core/Lib/Src/ds18b20.c:3:
C:/Study/STM32/OJ_tube/TEMP_sensor/Core/Lib/Inc/onewire.h:10:10: fatal error: gpio.h: No such file or directory
   10 | #include "gpio.h"
      |          ^~~~~~~~
compilation terminated.
make: *** [Core/Lib/Src/subdir.mk:22: Core/Lib/Src/ds18b20.o] Error 1
make: *** Waiting for unfinished jobs....
In file included from ../Core/Lib/Src/onewire.c:19:
C:/Study/STM32/OJ_tube/TEMP_sensor/Core/Lib/Inc/onewire.h:10:10: fatal error: gpio.h: No such file or directory
   10 | #include "gpio.h"
      |          ^~~~~~~~
compilation terminated.
make: *** [Core/Lib/Src/subdir.mk:22: Core/Lib/Src/onewire.o] Error 1
"make -j8 all" terminated with exit code 2. Build might be incomplete.
22:10:19 **** Incremental Build of configuration Debug for project first_ ****
make -j8 all 
arm-none-eabi-size  first_.elf 
   text	   data	    bss	    dec	    hex	filename
   8640	     12	   1644	  10296	   2838	first_.elf
Finished building: default.size.stdout
 
22:10:19 **** Incremental Build of configuration Debug for project switch_test ****
make -j8 all 
arm-none-eabi-size  switch_test.elf 
   text	   data	    bss	    dec	    hex	filename
   6380	     12	   1572	   7964	   1f1c	switch_test.elf
Finished building: default.size.stdout
 
22:10:20 **** Incremental Build of configuration Debug for project uart_printf ****
make -j8 all 
arm-none-eabi-size  uart_printf.elf 
   text	   data	    bss	    dec	    hex	filename
  23324	    468	   1988	  25780	   64b4	uart_printf.elf
Finished building: default.size.stdout
 
22:10:58 **** Incremental Build of configuration Debug for project FND_control ****
make -j8 all 
arm-none-eabi-size  FND_control.elf 
   text	   data	    bss	    dec	    hex	filename
   6984	     12	   1604	   8600	   2198	FND_control.elf
Finished building: default.size.stdout
 
22:10:59 **** Incremental Build of configuration Debug for project FND_control_SPI ****
make -j8 all 
arm-none-eabi-size  FND_control_SPI.elf 
   text	   data	    bss	    dec	    hex	filename
   8592	     12	   1692	  10296	   2838	FND_control_SPI.elf
Finished building: default.size.stdout
 
22:10:59 **** Incremental Build of configuration Debug for project FND_control_switch ****
make -j8 all 
arm-none-eabi-size  FND_control_switch.elf 
   text	   data	    bss	    dec	    hex	filename
   7308	     12	   1604	   8924	   22dc	FND_control_switch.elf
Finished building: default.size.stdout
 
22:11:00 **** Incremental Build of configuration Debug for project GPIO_HAL_X ****
make -j8 all 
arm-none-eabi-size  GPIO_HAL_X.elf 
   text	   data	    bss	    dec	    hex	filename
   6468	     12	   1572	   8052	   1f74	GPIO_HAL_X.elf
Finished building: default.size.stdout
 
22:11:00 **** Incremental Build of configuration Debug for project Hello_GPIO ****
make -j8 all 
arm-none-eabi-size  Hello_GPIO.elf 
   text	   data	    bss	    dec	    hex	filename
   6464	     12	   1572	   8048	   1f70	Hello_GPIO.elf
Finished building: default.size.stdout
 
22:11:01 **** Incremental Build of configuration Debug for project LED_control ****
make -j8 all 
arm-none-eabi-size  LED_control.elf 
   text	   data	    bss	    dec	    hex	filename
   6404	     12	   1572	   7988	   1f34	LED_control.elf
Finished building: default.size.stdout
 
22:11:01 **** Incremental Build of configuration Debug for project LED_control_switch ****
make -j8 all 
arm-none-eabi-size  LED_control_switch.elf 
   text	   data	    bss	    dec	    hex	filename
   6416	     12	   1572	   8000	   1f40	LED_control_switch.elf
Finished building: default.size.stdout
 
22:11:02 **** Incremental Build of configuration Debug for project TEMP_sensor ****
make -j8 all 
arm-none-eabi-gcc "../Core/Lib/Src/ds18b20.c" -mcpu=cortex-m4 -std=gnu11 -g3 -DDEBUG -DUSE_HAL_DRIVER -DSTM32F446xx -c -I../Core/Inc -I../Drivers/STM32F4xx_HAL_Driver/Inc -I../Drivers/STM32F4xx_HAL_Driver/Inc/Legacy -I../Drivers/CMSIS/Device/ST/STM32F4xx/Include -I../Drivers/CMSIS/Include -I"C:/Study/STM32/OJ_tube/TEMP_sensor/Core/Lib/Inc" -O0 -ffunction-sections -fdata-sections -Wall -fstack-usage -fcyclomatic-complexity -MMD -MP -MF"Core/Lib/Src/ds18b20.d" -MT"Core/Lib/Src/ds18b20.o" --specs=nano.specs -mfpu=fpv4-sp-d16 -mfloat-abi=hard -mthumb -o "Core/Lib/Src/ds18b20.o"
arm-none-eabi-gcc "../Core/Lib/Src/onewire.c" -mcpu=cortex-m4 -std=gnu11 -g3 -DDEBUG -DUSE_HAL_DRIVER -DSTM32F446xx -c -I../Core/Inc -I../Drivers/STM32F4xx_HAL_Driver/Inc -I../Drivers/STM32F4xx_HAL_Driver/Inc/Legacy -I../Drivers/CMSIS/Device/ST/STM32F4xx/Include -I../Drivers/CMSIS/Include -I"C:/Study/STM32/OJ_tube/TEMP_sensor/Core/Lib/Inc" -O0 -ffunction-sections -fdata-sections -Wall -fstack-usage -fcyclomatic-complexity -MMD -MP -MF"Core/Lib/Src/onewire.d" -MT"Core/Lib/Src/onewire.o" --specs=nano.specs -mfpu=fpv4-sp-d16 -mfloat-abi=hard -mthumb -o "Core/Lib/Src/onewire.o"
../Core/Lib/Src/onewire.c:21:10: fatal error: tim.h: No such file or directory
   21 | #include "tim.h"
      |          ^~~~~~~
compilation terminated.
make: *** [Core/Lib/Src/subdir.mk:22: Core/Lib/Src/onewire.o] Error 1
make: *** Waiting for unfinished jobs....
In file included from ../Core/Lib/Src/ds18b20.c:3:
C:/Study/STM32/OJ_tube/TEMP_sensor/Core/Lib/Inc/ds18b20.h:12:10: fatal error: cmsis_os.h: No such file or directory
   12 | #include "cmsis_os.h"
      |          ^~~~~~~~~~~~
compilation terminated.
make: *** [Core/Lib/Src/subdir.mk:22: Core/Lib/Src/ds18b20.o] Error 1
"make -j8 all" terminated with exit code 2. Build might be incomplete.
22:11:03 **** Incremental Build of configuration Debug for project first_ ****
make -j8 all 
arm-none-eabi-size  first_.elf 
   text	   data	    bss	    dec	    hex	filename
   8640	     12	   1644	  10296	   2838	first_.elf
Finished building: default.size.stdout
 
22:11:03 **** Incremental Build of configuration Debug for project switch_test ****
make -j8 all 
arm-none-eabi-size  switch_test.elf 
   text	   data	    bss	    dec	    hex	filename
   6380	     12	   1572	   7964	   1f1c	switch_test.elf
Finished building: default.size.stdout
 
22:11:04 **** Incremental Build of configuration Debug for project uart_printf ****
make -j8 all 
arm-none-eabi-size  uart_printf.elf 
   text	   data	    bss	    dec	    hex	filename
  23324	    468	   1988	  25780	   64b4	uart_printf.elf
Finished building: default.size.stdout
 
22:11:31 **** Incremental Build of configuration Debug for project FND_control ****
make -j8 all 
arm-none-eabi-size  FND_control.elf 
   text	   data	    bss	    dec	    hex	filename
   6984	     12	   1604	   8600	   2198	FND_control.elf
Finished building: default.size.stdout
 
22:11:31 **** Incremental Build of configuration Debug for project FND_control_SPI ****
make -j8 all 
arm-none-eabi-size  FND_control_SPI.elf 
   text	   data	    bss	    dec	    hex	filename
   8592	     12	   1692	  10296	   2838	FND_control_SPI.elf
Finished building: default.size.stdout
 
22:11:32 **** Incremental Build of configuration Debug for project FND_control_switch ****
make -j8 all 
arm-none-eabi-size  FND_control_switch.elf 
   text	   data	    bss	    dec	    hex	filename
   7308	     12	   1604	   8924	   22dc	FND_control_switch.elf
Finished building: default.size.stdout
 
22:11:33 **** Incremental Build of configuration Debug for project GPIO_HAL_X ****
make -j8 all 
arm-none-eabi-size  GPIO_HAL_X.elf 
   text	   data	    bss	    dec	    hex	filename
   6468	     12	   1572	   8052	   1f74	GPIO_HAL_X.elf
Finished building: default.size.stdout
 
22:11:34 **** Incremental Build of configuration Debug for project Hello_GPIO ****
make -j8 all 
arm-none-eabi-size  Hello_GPIO.elf 
   text	   data	    bss	    dec	    hex	filename
   6464	     12	   1572	   8048	   1f70	Hello_GPIO.elf
Finished building: default.size.stdout
 
22:11:35 **** Incremental Build of configuration Debug for project LED_control ****
make -j8 all 
arm-none-eabi-size  LED_control.elf 
   text	   data	    bss	    dec	    hex	filename
   6404	     12	   1572	   7988	   1f34	LED_control.elf
Finished building: default.size.stdout
 
22:11:36 **** Incremental Build of configuration Debug for project LED_control_switch ****
make -j8 all 
arm-none-eabi-size  LED_control_switch.elf 
   text	   data	    bss	    dec	    hex	filename
   6416	     12	   1572	   8000	   1f40	LED_control_switch.elf
Finished building: default.size.stdout
 
22:11:37 **** Incremental Build of configuration Debug for project TEMP_sensor ****
make -j8 all 
arm-none-eabi-gcc "../Core/Lib/Src/ds18b20.c" -mcpu=cortex-m4 -std=gnu11 -g3 -DDEBUG -DUSE_HAL_DRIVER -DSTM32F446xx -c -I../Core/Inc -I../Drivers/STM32F4xx_HAL_Driver/Inc -I../Drivers/STM32F4xx_HAL_Driver/Inc/Legacy -I../Drivers/CMSIS/Device/ST/STM32F4xx/Include -I../Drivers/CMSIS/Include -I"C:/Study/STM32/OJ_tube/TEMP_sensor/Core/Lib/Inc" -O0 -ffunction-sections -fdata-sections -Wall -fstack-usage -fcyclomatic-complexity -MMD -MP -MF"Core/Lib/Src/ds18b20.d" -MT"Core/Lib/Src/ds18b20.o" --specs=nano.specs -mfpu=fpv4-sp-d16 -mfloat-abi=hard -mthumb -o "Core/Lib/Src/ds18b20.o"
arm-none-eabi-gcc "../Core/Lib/Src/onewire.c" -mcpu=cortex-m4 -std=gnu11 -g3 -DDEBUG -DUSE_HAL_DRIVER -DSTM32F446xx -c -I../Core/Inc -I../Drivers/STM32F4xx_HAL_Driver/Inc -I../Drivers/STM32F4xx_HAL_Driver/Inc/Legacy -I../Drivers/CMSIS/Device/ST/STM32F4xx/Include -I../Drivers/CMSIS/Include -I"C:/Study/STM32/OJ_tube/TEMP_sensor/Core/Lib/Inc" -O0 -ffunction-sections -fdata-sections -Wall -fstack-usage -fcyclomatic-complexity -MMD -MP -MF"Core/Lib/Src/onewire.d" -MT"Core/Lib/Src/onewire.o" --specs=nano.specs -mfpu=fpv4-sp-d16 -mfloat-abi=hard -mthumb -o "Core/Lib/Src/onewire.o"
../Core/Lib/Src/onewire.c:21:10: fatal error: tim.h: No such file or directory
   21 | #include "tim.h"
      |          ^~~~~~~
compilation terminated.
make: *** [Core/Lib/Src/subdir.mk:22: Core/Lib/Src/onewire.o] Error 1
make: *** Waiting for unfinished jobs....
In file included from C:/Study/STM32/OJ_tube/TEMP_sensor/Core/Lib/Inc/ds18b20.h:8,
                 from ../Core/Lib/Src/ds18b20.c:3:
../Core/Lib/Src/ds18b20.c: In function 'Ds18b20_Init':
C:/Study/STM32/OJ_tube/TEMP_sensor/Core/Lib/Inc/ds18b20Config.h:9:113: error: 'DS18B20_GPIO_Port' undeclared (first use in this function)
    9 | #define _DS18B20_GPIO                                                                                           DS18B20_GPIO_Port
      |                                                                                                                 ^~~~~~~~~~~~~~~~~
../Core/Lib/Src/ds18b20.c:32:39: note: in expansion of macro '_DS18B20_GPIO'
   32 |                 OneWire_Init(&OneWire,_DS18B20_GPIO ,_DS18B20_PIN);
      |                                       ^~~~~~~~~~~~~
C:/Study/STM32/OJ_tube/TEMP_sensor/Core/Lib/Inc/ds18b20Config.h:9:113: note: each undeclared identifier is reported only once for each function it appears in
    9 | #define _DS18B20_GPIO                                                                                           DS18B20_GPIO_Port
      |                                                                                                                 ^~~~~~~~~~~~~~~~~
../Core/Lib/Src/ds18b20.c:32:39: note: in expansion of macro '_DS18B20_GPIO'
   32 |                 OneWire_Init(&OneWire,_DS18B20_GPIO ,_DS18B20_PIN);
      |                                       ^~~~~~~~~~~~~
C:/Study/STM32/OJ_tube/TEMP_sensor/Core/Lib/Inc/ds18b20Config.h:10:113: error: 'DS18B20_Pin' undeclared (first use in this function); did you mean 'DS18B20_Is'?
   10 | #define _DS18B20_PIN                                                                                            DS18B20_Pin
      |                                                                                                                 ^~~~~~~~~~~
../Core/Lib/Src/ds18b20.c:32:54: note: in expansion of macro '_DS18B20_PIN'
   32 |                 OneWire_Init(&OneWire,_DS18B20_GPIO ,_DS18B20_PIN);
      |                                                      ^~~~~~~~~~~~
make: *** [Core/Lib/Src/subdir.mk:22: Core/Lib/Src/ds18b20.o] Error 1
"make -j8 all" terminated with exit code 2. Build might be incomplete.
22:11:39 **** Incremental Build of configuration Debug for project first_ ****
make -j8 all 
arm-none-eabi-size  first_.elf 
   text	   data	    bss	    dec	    hex	filename
   8640	     12	   1644	  10296	   2838	first_.elf
Finished building: default.size.stdout
 
22:11:40 **** Incremental Build of configuration Debug for project switch_test ****
make -j8 all 
arm-none-eabi-size  switch_test.elf 
   text	   data	    bss	    dec	    hex	filename
   6380	     12	   1572	   7964	   1f1c	switch_test.elf
Finished building: default.size.stdout
 
22:11:41 **** Incremental Build of configuration Debug for project uart_printf ****
make -j8 all 
arm-none-eabi-size  uart_printf.elf 
   text	   data	    bss	    dec	    hex	filename
  23324	    468	   1988	  25780	   64b4	uart_printf.elf
Finished building: default.size.stdout
 
22:13:34 **** Incremental Build of configuration Debug for project FND_control ****
make -j8 all 
arm-none-eabi-size  FND_control.elf 
   text	   data	    bss	    dec	    hex	filename
   6984	     12	   1604	   8600	   2198	FND_control.elf
Finished building: default.size.stdout
 
22:13:34 **** Incremental Build of configuration Debug for project FND_control_SPI ****
make -j8 all 
arm-none-eabi-size  FND_control_SPI.elf 
   text	   data	    bss	    dec	    hex	filename
   8592	     12	   1692	  10296	   2838	FND_control_SPI.elf
Finished building: default.size.stdout
 
22:13:35 **** Incremental Build of configuration Debug for project FND_control_switch ****
make -j8 all 
arm-none-eabi-size  FND_control_switch.elf 
   text	   data	    bss	    dec	    hex	filename
   7308	     12	   1604	   8924	   22dc	FND_control_switch.elf
Finished building: default.size.stdout
 
22:13:36 **** Incremental Build of configuration Debug for project GPIO_HAL_X ****
make -j8 all 
arm-none-eabi-size  GPIO_HAL_X.elf 
   text	   data	    bss	    dec	    hex	filename
   6468	     12	   1572	   8052	   1f74	GPIO_HAL_X.elf
Finished building: default.size.stdout
 
22:13:37 **** Incremental Build of configuration Debug for project Hello_GPIO ****
make -j8 all 
arm-none-eabi-size  Hello_GPIO.elf 
   text	   data	    bss	    dec	    hex	filename
   6464	     12	   1572	   8048	   1f70	Hello_GPIO.elf
Finished building: default.size.stdout
 
22:13:38 **** Incremental Build of configuration Debug for project LED_control ****
make -j8 all 
arm-none-eabi-size  LED_control.elf 
   text	   data	    bss	    dec	    hex	filename
   6404	     12	   1572	   7988	   1f34	LED_control.elf
Finished building: default.size.stdout
 
22:13:39 **** Incremental Build of configuration Debug for project LED_control_switch ****
make -j8 all 
arm-none-eabi-size  LED_control_switch.elf 
   text	   data	    bss	    dec	    hex	filename
   6416	     12	   1572	   8000	   1f40	LED_control_switch.elf
Finished building: default.size.stdout
 
22:13:41 **** Incremental Build of configuration Debug for project TEMP_sensor ****
make -j8 all 
arm-none-eabi-gcc "../Core/Src/main.c" -mcpu=cortex-m4 -std=gnu11 -g3 -DDEBUG -DUSE_HAL_DRIVER -DSTM32F446xx -c -I../Core/Inc -I../Drivers/STM32F4xx_HAL_Driver/Inc -I../Drivers/STM32F4xx_HAL_Driver/Inc/Legacy -I../Drivers/CMSIS/Device/ST/STM32F4xx/Include -I../Drivers/CMSIS/Include -I"C:/Study/STM32/OJ_tube/TEMP_sensor/Core/Lib/Inc" -O0 -ffunction-sections -fdata-sections -Wall -fstack-usage -fcyclomatic-complexity -MMD -MP -MF"Core/Src/main.d" -MT"Core/Src/main.o" --specs=nano.specs -mfpu=fpv4-sp-d16 -mfloat-abi=hard -mthumb -o "Core/Src/main.o"
arm-none-eabi-gcc "../Core/Src/stm32f4xx_hal_msp.c" -mcpu=cortex-m4 -std=gnu11 -g3 -DDEBUG -DUSE_HAL_DRIVER -DSTM32F446xx -c -I../Core/Inc -I../Drivers/STM32F4xx_HAL_Driver/Inc -I../Drivers/STM32F4xx_HAL_Driver/Inc/Legacy -I../Drivers/CMSIS/Device/ST/STM32F4xx/Include -I../Drivers/CMSIS/Include -I"C:/Study/STM32/OJ_tube/TEMP_sensor/Core/Lib/Inc" -O0 -ffunction-sections -fdata-sections -Wall -fstack-usage -fcyclomatic-complexity -MMD -MP -MF"Core/Src/stm32f4xx_hal_msp.d" -MT"Core/Src/stm32f4xx_hal_msp.o" --specs=nano.specs -mfpu=fpv4-sp-d16 -mfloat-abi=hard -mthumb -o "Core/Src/stm32f4xx_hal_msp.o"
arm-none-eabi-gcc "../Core/Src/stm32f4xx_it.c" -mcpu=cortex-m4 -std=gnu11 -g3 -DDEBUG -DUSE_HAL_DRIVER -DSTM32F446xx -c -I../Core/Inc -I../Drivers/STM32F4xx_HAL_Driver/Inc -I../Drivers/STM32F4xx_HAL_Driver/Inc/Legacy -I../Drivers/CMSIS/Device/ST/STM32F4xx/Include -I../Drivers/CMSIS/Include -I"C:/Study/STM32/OJ_tube/TEMP_sensor/Core/Lib/Inc" -O0 -ffunction-sections -fdata-sections -Wall -fstack-usage -fcyclomatic-complexity -MMD -MP -MF"Core/Src/stm32f4xx_it.d" -MT"Core/Src/stm32f4xx_it.o" --specs=nano.specs -mfpu=fpv4-sp-d16 -mfloat-abi=hard -mthumb -o "Core/Src/stm32f4xx_it.o"
arm-none-eabi-gcc "../Core/Lib/Src/ds18b20.c" -mcpu=cortex-m4 -std=gnu11 -g3 -DDEBUG -DUSE_HAL_DRIVER -DSTM32F446xx -c -I../Core/Inc -I../Drivers/STM32F4xx_HAL_Driver/Inc -I../Drivers/STM32F4xx_HAL_Driver/Inc/Legacy -I../Drivers/CMSIS/Device/ST/STM32F4xx/Include -I../Drivers/CMSIS/Include -I"C:/Study/STM32/OJ_tube/TEMP_sensor/Core/Lib/Inc" -O0 -ffunction-sections -fdata-sections -Wall -fstack-usage -fcyclomatic-complexity -MMD -MP -MF"Core/Lib/Src/ds18b20.d" -MT"Core/Lib/Src/ds18b20.o" --specs=nano.specs -mfpu=fpv4-sp-d16 -mfloat-abi=hard -mthumb -o "Core/Lib/Src/ds18b20.o"
arm-none-eabi-gcc "../Core/Lib/Src/onewire.c" -mcpu=cortex-m4 -std=gnu11 -g3 -DDEBUG -DUSE_HAL_DRIVER -DSTM32F446xx -c -I../Core/Inc -I../Drivers/STM32F4xx_HAL_Driver/Inc -I../Drivers/STM32F4xx_HAL_Driver/Inc/Legacy -I../Drivers/CMSIS/Device/ST/STM32F4xx/Include -I../Drivers/CMSIS/Include -I"C:/Study/STM32/OJ_tube/TEMP_sensor/Core/Lib/Inc" -O0 -ffunction-sections -fdata-sections -Wall -fstack-usage -fcyclomatic-complexity -MMD -MP -MF"Core/Lib/Src/onewire.d" -MT"Core/Lib/Src/onewire.o" --specs=nano.specs -mfpu=fpv4-sp-d16 -mfloat-abi=hard -mthumb -o "Core/Lib/Src/onewire.o"
In file included from ../Core/Lib/Src/onewire.c:20:
../Core/Lib/Src/onewire.c: In function 'ONEWIRE_DELAY':
C:/Study/STM32/OJ_tube/TEMP_sensor/Core/Lib/Inc/ds18b20Config.h:18:105: error: 'htim13' undeclared (first use in this function)
   18 | #define _DS18B20_TIMER                                                                                  htim13
      |                                                                                                         ^~~~~~
../Core/Lib/Src/onewire.c:25:9: note: in expansion of macro '_DS18B20_TIMER'
   25 |         _DS18B20_TIMER.Instance->CNT = 0;
      |         ^~~~~~~~~~~~~~
C:/Study/STM32/OJ_tube/TEMP_sensor/Core/Lib/Inc/ds18b20Config.h:18:105: note: each undeclared identifier is reported only once for each function it appears in
   18 | #define _DS18B20_TIMER                                                                                  htim13
      |                                                                                                         ^~~~~~
../Core/Lib/Src/onewire.c:25:9: note: in expansion of macro '_DS18B20_TIMER'
   25 |         _DS18B20_TIMER.Instance->CNT = 0;
      |         ^~~~~~~~~~~~~~
../Core/Lib/Src/onewire.c: In function 'OneWire_Init':
../Core/Lib/Src/onewire.c:57:9: warning: implicit declaration of function 'HAL_TIM_Base_Start'; did you mean 'HAL_DMA_Start'? [-Wimplicit-function-declaration]
   57 |         HAL_TIM_Base_Start(&_DS18B20_TIMER);
      |         ^~~~~~~~~~~~~~~~~~
      |         HAL_DMA_Start
C:/Study/STM32/OJ_tube/TEMP_sensor/Core/Lib/Inc/ds18b20Config.h:18:105: error: 'htim13' undeclared (first use in this function)
   18 | #define _DS18B20_TIMER                                                                                  htim13
      |                                                                                                         ^~~~~~
../Core/Lib/Src/onewire.c:57:29: note: in expansion of macro '_DS18B20_TIMER'
   57 |         HAL_TIM_Base_Start(&_DS18B20_TIMER);
      |                             ^~~~~~~~~~~~~~
make: *** [Core/Lib/Src/subdir.mk:22: Core/Lib/Src/onewire.o] Error 1
make: *** Waiting for unfinished jobs....
"make -j8 all" terminated with exit code 2. Build might be incomplete.
22:13:43 **** Incremental Build of configuration Debug for project first_ ****
make -j8 all 
arm-none-eabi-size  first_.elf 
   text	   data	    bss	    dec	    hex	filename
   8640	     12	   1644	  10296	   2838	first_.elf
Finished building: default.size.stdout
 
22:13:44 **** Incremental Build of configuration Debug for project switch_test ****
make -j8 all 
arm-none-eabi-size  switch_test.elf 
   text	   data	    bss	    dec	    hex	filename
   6380	     12	   1572	   7964	   1f1c	switch_test.elf
Finished building: default.size.stdout
 
22:13:44 **** Incremental Build of configuration Debug for project uart_printf ****
make -j8 all 
arm-none-eabi-size  uart_printf.elf 
   text	   data	    bss	    dec	    hex	filename
  23324	    468	   1988	  25780	   64b4	uart_printf.elf
Finished building: default.size.stdout
 
22:15:01 **** Incremental Build of configuration Debug for project FND_control ****
make -j8 all 
arm-none-eabi-size  FND_control.elf 
   text	   data	    bss	    dec	    hex	filename
   6984	     12	   1604	   8600	   2198	FND_control.elf
Finished building: default.size.stdout
 
22:15:01 **** Incremental Build of configuration Debug for project FND_control_SPI ****
make -j8 all 
arm-none-eabi-size  FND_control_SPI.elf 
   text	   data	    bss	    dec	    hex	filename
   8592	     12	   1692	  10296	   2838	FND_control_SPI.elf
Finished building: default.size.stdout
 
22:15:03 **** Incremental Build of configuration Debug for project FND_control_switch ****
make -j8 all 
arm-none-eabi-size  FND_control_switch.elf 
   text	   data	    bss	    dec	    hex	filename
   7308	     12	   1604	   8924	   22dc	FND_control_switch.elf
Finished building: default.size.stdout
 
22:15:04 **** Incremental Build of configuration Debug for project GPIO_HAL_X ****
make -j8 all 
arm-none-eabi-size  GPIO_HAL_X.elf 
   text	   data	    bss	    dec	    hex	filename
   6468	     12	   1572	   8052	   1f74	GPIO_HAL_X.elf
Finished building: default.size.stdout
 
22:15:05 **** Incremental Build of configuration Debug for project Hello_GPIO ****
make -j8 all 
arm-none-eabi-size  Hello_GPIO.elf 
   text	   data	    bss	    dec	    hex	filename
   6464	     12	   1572	   8048	   1f70	Hello_GPIO.elf
Finished building: default.size.stdout
 
22:15:06 **** Incremental Build of configuration Debug for project LED_control ****
make -j8 all 
arm-none-eabi-size  LED_control.elf 
   text	   data	    bss	    dec	    hex	filename
   6404	     12	   1572	   7988	   1f34	LED_control.elf
Finished building: default.size.stdout
 
22:15:06 **** Incremental Build of configuration Debug for project LED_control_switch ****
make -j8 all 
arm-none-eabi-size  LED_control_switch.elf 
   text	   data	    bss	    dec	    hex	filename
   6416	     12	   1572	   8000	   1f40	LED_control_switch.elf
Finished building: default.size.stdout
 
22:15:07 **** Incremental Build of configuration Debug for project TEMP_sensor ****
make -j8 all 
arm-none-eabi-gcc "../Drivers/STM32F4xx_HAL_Driver/Src/stm32f4xx_hal.c" -mcpu=cortex-m4 -std=gnu11 -g3 -DDEBUG -DUSE_HAL_DRIVER -DSTM32F446xx -c -I../Core/Inc -I../Drivers/STM32F4xx_HAL_Driver/Inc -I../Drivers/STM32F4xx_HAL_Driver/Inc/Legacy -I../Drivers/CMSIS/Device/ST/STM32F4xx/Include -I../Drivers/CMSIS/Include -I"C:/Study/STM32/OJ_tube/TEMP_sensor/Core/Lib/Inc" -O0 -ffunction-sections -fdata-sections -Wall -fstack-usage -fcyclomatic-complexity -MMD -MP -MF"Drivers/STM32F4xx_HAL_Driver/Src/stm32f4xx_hal.d" -MT"Drivers/STM32F4xx_HAL_Driver/Src/stm32f4xx_hal.o" --specs=nano.specs -mfpu=fpv4-sp-d16 -mfloat-abi=hard -mthumb -o "Drivers/STM32F4xx_HAL_Driver/Src/stm32f4xx_hal.o"
arm-none-eabi-gcc "../Drivers/STM32F4xx_HAL_Driver/Src/stm32f4xx_hal_cortex.c" -mcpu=cortex-m4 -std=gnu11 -g3 -DDEBUG -DUSE_HAL_DRIVER -DSTM32F446xx -c -I../Core/Inc -I../Drivers/STM32F4xx_HAL_Driver/Inc -I../Drivers/STM32F4xx_HAL_Driver/Inc/Legacy -I../Drivers/CMSIS/Device/ST/STM32F4xx/Include -I../Drivers/CMSIS/Include -I"C:/Study/STM32/OJ_tube/TEMP_sensor/Core/Lib/Inc" -O0 -ffunction-sections -fdata-sections -Wall -fstack-usage -fcyclomatic-complexity -MMD -MP -MF"Drivers/STM32F4xx_HAL_Driver/Src/stm32f4xx_hal_cortex.d" -MT"Drivers/STM32F4xx_HAL_Driver/Src/stm32f4xx_hal_cortex.o" --specs=nano.specs -mfpu=fpv4-sp-d16 -mfloat-abi=hard -mthumb -o "Drivers/STM32F4xx_HAL_Driver/Src/stm32f4xx_hal_cortex.o"
arm-none-eabi-gcc "../Drivers/STM32F4xx_HAL_Driver/Src/stm32f4xx_hal_dma.c" -mcpu=cortex-m4 -std=gnu11 -g3 -DDEBUG -DUSE_HAL_DRIVER -DSTM32F446xx -c -I../Core/Inc -I../Drivers/STM32F4xx_HAL_Driver/Inc -I../Drivers/STM32F4xx_HAL_Driver/Inc/Legacy -I../Drivers/CMSIS/Device/ST/STM32F4xx/Include -I../Drivers/CMSIS/Include -I"C:/Study/STM32/OJ_tube/TEMP_sensor/Core/Lib/Inc" -O0 -ffunction-sections -fdata-sections -Wall -fstack-usage -fcyclomatic-complexity -MMD -MP -MF"Drivers/STM32F4xx_HAL_Driver/Src/stm32f4xx_hal_dma.d" -MT"Drivers/STM32F4xx_HAL_Driver/Src/stm32f4xx_hal_dma.o" --specs=nano.specs -mfpu=fpv4-sp-d16 -mfloat-abi=hard -mthumb -o "Drivers/STM32F4xx_HAL_Driver/Src/stm32f4xx_hal_dma.o"
arm-none-eabi-gcc "../Drivers/STM32F4xx_HAL_Driver/Src/stm32f4xx_hal_dma_ex.c" -mcpu=cortex-m4 -std=gnu11 -g3 -DDEBUG -DUSE_HAL_DRIVER -DSTM32F446xx -c -I../Core/Inc -I../Drivers/STM32F4xx_HAL_Driver/Inc -I../Drivers/STM32F4xx_HAL_Driver/Inc/Legacy -I../Drivers/CMSIS/Device/ST/STM32F4xx/Include -I../Drivers/CMSIS/Include -I"C:/Study/STM32/OJ_tube/TEMP_sensor/Core/Lib/Inc" -O0 -ffunction-sections -fdata-sections -Wall -fstack-usage -fcyclomatic-complexity -MMD -MP -MF"Drivers/STM32F4xx_HAL_Driver/Src/stm32f4xx_hal_dma_ex.d" -MT"Drivers/STM32F4xx_HAL_Driver/Src/stm32f4xx_hal_dma_ex.o" --specs=nano.specs -mfpu=fpv4-sp-d16 -mfloat-abi=hard -mthumb -o "Drivers/STM32F4xx_HAL_Driver/Src/stm32f4xx_hal_dma_ex.o"
arm-none-eabi-gcc "../Drivers/STM32F4xx_HAL_Driver/Src/stm32f4xx_hal_exti.c" -mcpu=cortex-m4 -std=gnu11 -g3 -DDEBUG -DUSE_HAL_DRIVER -DSTM32F446xx -c -I../Core/Inc -I../Drivers/STM32F4xx_HAL_Driver/Inc -I../Drivers/STM32F4xx_HAL_Driver/Inc/Legacy -I../Drivers/CMSIS/Device/ST/STM32F4xx/Include -I../Drivers/CMSIS/Include -I"C:/Study/STM32/OJ_tube/TEMP_sensor/Core/Lib/Inc" -O0 -ffunction-sections -fdata-sections -Wall -fstack-usage -fcyclomatic-complexity -MMD -MP -MF"Drivers/STM32F4xx_HAL_Driver/Src/stm32f4xx_hal_exti.d" -MT"Drivers/STM32F4xx_HAL_Driver/Src/stm32f4xx_hal_exti.o" --specs=nano.specs -mfpu=fpv4-sp-d16 -mfloat-abi=hard -mthumb -o "Drivers/STM32F4xx_HAL_Driver/Src/stm32f4xx_hal_exti.o"
arm-none-eabi-gcc "../Drivers/STM32F4xx_HAL_Driver/Src/stm32f4xx_hal_flash.c" -mcpu=cortex-m4 -std=gnu11 -g3 -DDEBUG -DUSE_HAL_DRIVER -DSTM32F446xx -c -I../Core/Inc -I../Drivers/STM32F4xx_HAL_Driver/Inc -I../Drivers/STM32F4xx_HAL_Driver/Inc/Legacy -I../Drivers/CMSIS/Device/ST/STM32F4xx/Include -I../Drivers/CMSIS/Include -I"C:/Study/STM32/OJ_tube/TEMP_sensor/Core/Lib/Inc" -O0 -ffunction-sections -fdata-sections -Wall -fstack-usage -fcyclomatic-complexity -MMD -MP -MF"Drivers/STM32F4xx_HAL_Driver/Src/stm32f4xx_hal_flash.d" -MT"Drivers/STM32F4xx_HAL_Driver/Src/stm32f4xx_hal_flash.o" --specs=nano.specs -mfpu=fpv4-sp-d16 -mfloat-abi=hard -mthumb -o "Drivers/STM32F4xx_HAL_Driver/Src/stm32f4xx_hal_flash.o"
arm-none-eabi-gcc "../Drivers/STM32F4xx_HAL_Driver/Src/stm32f4xx_hal_flash_ex.c" -mcpu=cortex-m4 -std=gnu11 -g3 -DDEBUG -DUSE_HAL_DRIVER -DSTM32F446xx -c -I../Core/Inc -I../Drivers/STM32F4xx_HAL_Driver/Inc -I../Drivers/STM32F4xx_HAL_Driver/Inc/Legacy -I../Drivers/CMSIS/Device/ST/STM32F4xx/Include -I../Drivers/CMSIS/Include -I"C:/Study/STM32/OJ_tube/TEMP_sensor/Core/Lib/Inc" -O0 -ffunction-sections -fdata-sections -Wall -fstack-usage -fcyclomatic-complexity -MMD -MP -MF"Drivers/STM32F4xx_HAL_Driver/Src/stm32f4xx_hal_flash_ex.d" -MT"Drivers/STM32F4xx_HAL_Driver/Src/stm32f4xx_hal_flash_ex.o" --specs=nano.specs -mfpu=fpv4-sp-d16 -mfloat-abi=hard -mthumb -o "Drivers/STM32F4xx_HAL_Driver/Src/stm32f4xx_hal_flash_ex.o"
arm-none-eabi-gcc "../Drivers/STM32F4xx_HAL_Driver/Src/stm32f4xx_hal_flash_ramfunc.c" -mcpu=cortex-m4 -std=gnu11 -g3 -DDEBUG -DUSE_HAL_DRIVER -DSTM32F446xx -c -I../Core/Inc -I../Drivers/STM32F4xx_HAL_Driver/Inc -I../Drivers/STM32F4xx_HAL_Driver/Inc/Legacy -I../Drivers/CMSIS/Device/ST/STM32F4xx/Include -I../Drivers/CMSIS/Include -I"C:/Study/STM32/OJ_tube/TEMP_sensor/Core/Lib/Inc" -O0 -ffunction-sections -fdata-sections -Wall -fstack-usage -fcyclomatic-complexity -MMD -MP -MF"Drivers/STM32F4xx_HAL_Driver/Src/stm32f4xx_hal_flash_ramfunc.d" -MT"Drivers/STM32F4xx_HAL_Driver/Src/stm32f4xx_hal_flash_ramfunc.o" --specs=nano.specs -mfpu=fpv4-sp-d16 -mfloat-abi=hard -mthumb -o "Drivers/STM32F4xx_HAL_Driver/Src/stm32f4xx_hal_flash_ramfunc.o"
arm-none-eabi-gcc "../Drivers/STM32F4xx_HAL_Driver/Src/stm32f4xx_hal_gpio.c" -mcpu=cortex-m4 -std=gnu11 -g3 -DDEBUG -DUSE_HAL_DRIVER -DSTM32F446xx -c -I../Core/Inc -I../Drivers/STM32F4xx_HAL_Driver/Inc -I../Drivers/STM32F4xx_HAL_Driver/Inc/Legacy -I../Drivers/CMSIS/Device/ST/STM32F4xx/Include -I../Drivers/CMSIS/Include -I"C:/Study/STM32/OJ_tube/TEMP_sensor/Core/Lib/Inc" -O0 -ffunction-sections -fdata-sections -Wall -fstack-usage -fcyclomatic-complexity -MMD -MP -MF"Drivers/STM32F4xx_HAL_Driver/Src/stm32f4xx_hal_gpio.d" -MT"Drivers/STM32F4xx_HAL_Driver/Src/stm32f4xx_hal_gpio.o" --specs=nano.specs -mfpu=fpv4-sp-d16 -mfloat-abi=hard -mthumb -o "Drivers/STM32F4xx_HAL_Driver/Src/stm32f4xx_hal_gpio.o"
arm-none-eabi-gcc "../Drivers/STM32F4xx_HAL_Driver/Src/stm32f4xx_hal_pwr.c" -mcpu=cortex-m4 -std=gnu11 -g3 -DDEBUG -DUSE_HAL_DRIVER -DSTM32F446xx -c -I../Core/Inc -I../Drivers/STM32F4xx_HAL_Driver/Inc -I../Drivers/STM32F4xx_HAL_Driver/Inc/Legacy -I../Drivers/CMSIS/Device/ST/STM32F4xx/Include -I../Drivers/CMSIS/Include -I"C:/Study/STM32/OJ_tube/TEMP_sensor/Core/Lib/Inc" -O0 -ffunction-sections -fdata-sections -Wall -fstack-usage -fcyclomatic-complexity -MMD -MP -MF"Drivers/STM32F4xx_HAL_Driver/Src/stm32f4xx_hal_pwr.d" -MT"Drivers/STM32F4xx_HAL_Driver/Src/stm32f4xx_hal_pwr.o" --specs=nano.specs -mfpu=fpv4-sp-d16 -mfloat-abi=hard -mthumb -o "Drivers/STM32F4xx_HAL_Driver/Src/stm32f4xx_hal_pwr.o"
arm-none-eabi-gcc "../Drivers/STM32F4xx_HAL_Driver/Src/stm32f4xx_hal_pwr_ex.c" -mcpu=cortex-m4 -std=gnu11 -g3 -DDEBUG -DUSE_HAL_DRIVER -DSTM32F446xx -c -I../Core/Inc -I../Drivers/STM32F4xx_HAL_Driver/Inc -I../Drivers/STM32F4xx_HAL_Driver/Inc/Legacy -I../Drivers/CMSIS/Device/ST/STM32F4xx/Include -I../Drivers/CMSIS/Include -I"C:/Study/STM32/OJ_tube/TEMP_sensor/Core/Lib/Inc" -O0 -ffunction-sections -fdata-sections -Wall -fstack-usage -fcyclomatic-complexity -MMD -MP -MF"Drivers/STM32F4xx_HAL_Driver/Src/stm32f4xx_hal_pwr_ex.d" -MT"Drivers/STM32F4xx_HAL_Driver/Src/stm32f4xx_hal_pwr_ex.o" --specs=nano.specs -mfpu=fpv4-sp-d16 -mfloat-abi=hard -mthumb -o "Drivers/STM32F4xx_HAL_Driver/Src/stm32f4xx_hal_pwr_ex.o"
arm-none-eabi-gcc "../Drivers/STM32F4xx_HAL_Driver/Src/stm32f4xx_hal_rcc.c" -mcpu=cortex-m4 -std=gnu11 -g3 -DDEBUG -DUSE_HAL_DRIVER -DSTM32F446xx -c -I../Core/Inc -I../Drivers/STM32F4xx_HAL_Driver/Inc -I../Drivers/STM32F4xx_HAL_Driver/Inc/Legacy -I../Drivers/CMSIS/Device/ST/STM32F4xx/Include -I../Drivers/CMSIS/Include -I"C:/Study/STM32/OJ_tube/TEMP_sensor/Core/Lib/Inc" -O0 -ffunction-sections -fdata-sections -Wall -fstack-usage -fcyclomatic-complexity -MMD -MP -MF"Drivers/STM32F4xx_HAL_Driver/Src/stm32f4xx_hal_rcc.d" -MT"Drivers/STM32F4xx_HAL_Driver/Src/stm32f4xx_hal_rcc.o" --specs=nano.specs -mfpu=fpv4-sp-d16 -mfloat-abi=hard -mthumb -o "Drivers/STM32F4xx_HAL_Driver/Src/stm32f4xx_hal_rcc.o"
arm-none-eabi-gcc "../Drivers/STM32F4xx_HAL_Driver/Src/stm32f4xx_hal_rcc_ex.c" -mcpu=cortex-m4 -std=gnu11 -g3 -DDEBUG -DUSE_HAL_DRIVER -DSTM32F446xx -c -I../Core/Inc -I../Drivers/STM32F4xx_HAL_Driver/Inc -I../Drivers/STM32F4xx_HAL_Driver/Inc/Legacy -I../Drivers/CMSIS/Device/ST/STM32F4xx/Include -I../Drivers/CMSIS/Include -I"C:/Study/STM32/OJ_tube/TEMP_sensor/Core/Lib/Inc" -O0 -ffunction-sections -fdata-sections -Wall -fstack-usage -fcyclomatic-complexity -MMD -MP -MF"Drivers/STM32F4xx_HAL_Driver/Src/stm32f4xx_hal_rcc_ex.d" -MT"Drivers/STM32F4xx_HAL_Driver/Src/stm32f4xx_hal_rcc_ex.o" --specs=nano.specs -mfpu=fpv4-sp-d16 -mfloat-abi=hard -mthumb -o "Drivers/STM32F4xx_HAL_Driver/Src/stm32f4xx_hal_rcc_ex.o"
arm-none-eabi-gcc "../Drivers/STM32F4xx_HAL_Driver/Src/stm32f4xx_hal_tim.c" -mcpu=cortex-m4 -std=gnu11 -g3 -DDEBUG -DUSE_HAL_DRIVER -DSTM32F446xx -c -I../Core/Inc -I../Drivers/STM32F4xx_HAL_Driver/Inc -I../Drivers/STM32F4xx_HAL_Driver/Inc/Legacy -I../Drivers/CMSIS/Device/ST/STM32F4xx/Include -I../Drivers/CMSIS/Include -I"C:/Study/STM32/OJ_tube/TEMP_sensor/Core/Lib/Inc" -O0 -ffunction-sections -fdata-sections -Wall -fstack-usage -fcyclomatic-complexity -MMD -MP -MF"Drivers/STM32F4xx_HAL_Driver/Src/stm32f4xx_hal_tim.d" -MT"Drivers/STM32F4xx_HAL_Driver/Src/stm32f4xx_hal_tim.o" --specs=nano.specs -mfpu=fpv4-sp-d16 -mfloat-abi=hard -mthumb -o "Drivers/STM32F4xx_HAL_Driver/Src/stm32f4xx_hal_tim.o"
arm-none-eabi-gcc "../Drivers/STM32F4xx_HAL_Driver/Src/stm32f4xx_hal_tim_ex.c" -mcpu=cortex-m4 -std=gnu11 -g3 -DDEBUG -DUSE_HAL_DRIVER -DSTM32F446xx -c -I../Core/Inc -I../Drivers/STM32F4xx_HAL_Driver/Inc -I../Drivers/STM32F4xx_HAL_Driver/Inc/Legacy -I../Drivers/CMSIS/Device/ST/STM32F4xx/Include -I../Drivers/CMSIS/Include -I"C:/Study/STM32/OJ_tube/TEMP_sensor/Core/Lib/Inc" -O0 -ffunction-sections -fdata-sections -Wall -fstack-usage -fcyclomatic-complexity -MMD -MP -MF"Drivers/STM32F4xx_HAL_Driver/Src/stm32f4xx_hal_tim_ex.d" -MT"Drivers/STM32F4xx_HAL_Driver/Src/stm32f4xx_hal_tim_ex.o" --specs=nano.specs -mfpu=fpv4-sp-d16 -mfloat-abi=hard -mthumb -o "Drivers/STM32F4xx_HAL_Driver/Src/stm32f4xx_hal_tim_ex.o"
arm-none-eabi-gcc "../Core/Src/main.c" -mcpu=cortex-m4 -std=gnu11 -g3 -DDEBUG -DUSE_HAL_DRIVER -DSTM32F446xx -c -I../Core/Inc -I../Drivers/STM32F4xx_HAL_Driver/Inc -I../Drivers/STM32F4xx_HAL_Driver/Inc/Legacy -I../Drivers/CMSIS/Device/ST/STM32F4xx/Include -I../Drivers/CMSIS/Include -I"C:/Study/STM32/OJ_tube/TEMP_sensor/Core/Lib/Inc" -O0 -ffunction-sections -fdata-sections -Wall -fstack-usage -fcyclomatic-complexity -MMD -MP -MF"Core/Src/main.d" -MT"Core/Src/main.o" --specs=nano.specs -mfpu=fpv4-sp-d16 -mfloat-abi=hard -mthumb -o "Core/Src/main.o"
arm-none-eabi-gcc "../Core/Src/stm32f4xx_hal_msp.c" -mcpu=cortex-m4 -std=gnu11 -g3 -DDEBUG -DUSE_HAL_DRIVER -DSTM32F446xx -c -I../Core/Inc -I../Drivers/STM32F4xx_HAL_Driver/Inc -I../Drivers/STM32F4xx_HAL_Driver/Inc/Legacy -I../Drivers/CMSIS/Device/ST/STM32F4xx/Include -I../Drivers/CMSIS/Include -I"C:/Study/STM32/OJ_tube/TEMP_sensor/Core/Lib/Inc" -O0 -ffunction-sections -fdata-sections -Wall -fstack-usage -fcyclomatic-complexity -MMD -MP -MF"Core/Src/stm32f4xx_hal_msp.d" -MT"Core/Src/stm32f4xx_hal_msp.o" --specs=nano.specs -mfpu=fpv4-sp-d16 -mfloat-abi=hard -mthumb -o "Core/Src/stm32f4xx_hal_msp.o"
arm-none-eabi-gcc "../Core/Src/stm32f4xx_it.c" -mcpu=cortex-m4 -std=gnu11 -g3 -DDEBUG -DUSE_HAL_DRIVER -DSTM32F446xx -c -I../Core/Inc -I../Drivers/STM32F4xx_HAL_Driver/Inc -I../Drivers/STM32F4xx_HAL_Driver/Inc/Legacy -I../Drivers/CMSIS/Device/ST/STM32F4xx/Include -I../Drivers/CMSIS/Include -I"C:/Study/STM32/OJ_tube/TEMP_sensor/Core/Lib/Inc" -O0 -ffunction-sections -fdata-sections -Wall -fstack-usage -fcyclomatic-complexity -MMD -MP -MF"Core/Src/stm32f4xx_it.d" -MT"Core/Src/stm32f4xx_it.o" --specs=nano.specs -mfpu=fpv4-sp-d16 -mfloat-abi=hard -mthumb -o "Core/Src/stm32f4xx_it.o"
arm-none-eabi-gcc "../Core/Src/system_stm32f4xx.c" -mcpu=cortex-m4 -std=gnu11 -g3 -DDEBUG -DUSE_HAL_DRIVER -DSTM32F446xx -c -I../Core/Inc -I../Drivers/STM32F4xx_HAL_Driver/Inc -I../Drivers/STM32F4xx_HAL_Driver/Inc/Legacy -I../Drivers/CMSIS/Device/ST/STM32F4xx/Include -I../Drivers/CMSIS/Include -I"C:/Study/STM32/OJ_tube/TEMP_sensor/Core/Lib/Inc" -O0 -ffunction-sections -fdata-sections -Wall -fstack-usage -fcyclomatic-complexity -MMD -MP -MF"Core/Src/system_stm32f4xx.d" -MT"Core/Src/system_stm32f4xx.o" --specs=nano.specs -mfpu=fpv4-sp-d16 -mfloat-abi=hard -mthumb -o "Core/Src/system_stm32f4xx.o"
arm-none-eabi-gcc "../Core/Lib/Src/ds18b20.c" -mcpu=cortex-m4 -std=gnu11 -g3 -DDEBUG -DUSE_HAL_DRIVER -DSTM32F446xx -c -I../Core/Inc -I../Drivers/STM32F4xx_HAL_Driver/Inc -I../Drivers/STM32F4xx_HAL_Driver/Inc/Legacy -I../Drivers/CMSIS/Device/ST/STM32F4xx/Include -I../Drivers/CMSIS/Include -I"C:/Study/STM32/OJ_tube/TEMP_sensor/Core/Lib/Inc" -O0 -ffunction-sections -fdata-sections -Wall -fstack-usage -fcyclomatic-complexity -MMD -MP -MF"Core/Lib/Src/ds18b20.d" -MT"Core/Lib/Src/ds18b20.o" --specs=nano.specs -mfpu=fpv4-sp-d16 -mfloat-abi=hard -mthumb -o "Core/Lib/Src/ds18b20.o"
arm-none-eabi-gcc "../Core/Lib/Src/onewire.c" -mcpu=cortex-m4 -std=gnu11 -g3 -DDEBUG -DUSE_HAL_DRIVER -DSTM32F446xx -c -I../Core/Inc -I../Drivers/STM32F4xx_HAL_Driver/Inc -I../Drivers/STM32F4xx_HAL_Driver/Inc/Legacy -I../Drivers/CMSIS/Device/ST/STM32F4xx/Include -I../Drivers/CMSIS/Include -I"C:/Study/STM32/OJ_tube/TEMP_sensor/Core/Lib/Inc" -O0 -ffunction-sections -fdata-sections -Wall -fstack-usage -fcyclomatic-complexity -MMD -MP -MF"Core/Lib/Src/onewire.d" -MT"Core/Lib/Src/onewire.o" --specs=nano.specs -mfpu=fpv4-sp-d16 -mfloat-abi=hard -mthumb -o "Core/Lib/Src/onewire.o"
arm-none-eabi-gcc -o "TEMP_sensor.elf" @"objects.list"   -mcpu=cortex-m4 -T"C:\Study\STM32\OJ_tube\TEMP_sensor\STM32F446RETX_FLASH.ld" --specs=nosys.specs -Wl,-Map="TEMP_sensor.map" -Wl,--gc-sections -static --specs=nano.specs -mfpu=fpv4-sp-d16 -mfloat-abi=hard -mthumb -Wl,--start-group -lc -lm -Wl,--end-group
Finished building target: TEMP_sensor.elf
 
arm-none-eabi-size  TEMP_sensor.elf 
arm-none-eabi-objdump -h -S TEMP_sensor.elf  > "TEMP_sensor.list"
   text	   data	    bss	    dec	    hex	filename
   8696	     12	   1644	  10352	   2870	TEMP_sensor.elf
Finished building: default.size.stdout
 
Finished building: TEMP_sensor.list
 
22:15:13 **** Incremental Build of configuration Debug for project first_ ****
make -j8 all 
arm-none-eabi-size  first_.elf 
   text	   data	    bss	    dec	    hex	filename
   8640	     12	   1644	  10296	   2838	first_.elf
Finished building: default.size.stdout
 
22:15:14 **** Incremental Build of configuration Debug for project switch_test ****
make -j8 all 
arm-none-eabi-size  switch_test.elf 
   text	   data	    bss	    dec	    hex	filename
   6380	     12	   1572	   7964	   1f1c	switch_test.elf
Finished building: default.size.stdout
 
22:15:14 **** Incremental Build of configuration Debug for project uart_printf ****
make -j8 all 
arm-none-eabi-size  uart_printf.elf 
   text	   data	    bss	    dec	    hex	filename
  23324	    468	   1988	  25780	   64b4	uart_printf.elf
Finished building: default.size.stdout
 
22:26:24 **** Incremental Build of configuration Debug for project FND_control ****
make -j8 all 
arm-none-eabi-size  FND_control.elf 
   text	   data	    bss	    dec	    hex	filename
   6984	     12	   1604	   8600	   2198	FND_control.elf
Finished building: default.size.stdout
 
22:26:24 **** Incremental Build of configuration Debug for project FND_control_SPI ****
make -j8 all 
arm-none-eabi-size  FND_control_SPI.elf 
   text	   data	    bss	    dec	    hex	filename
   8592	     12	   1692	  10296	   2838	FND_control_SPI.elf
Finished building: default.size.stdout
 
22:26:25 **** Incremental Build of configuration Debug for project FND_control_switch ****
make -j8 all 
arm-none-eabi-size  FND_control_switch.elf 
   text	   data	    bss	    dec	    hex	filename
   7308	     12	   1604	   8924	   22dc	FND_control_switch.elf
Finished building: default.size.stdout
 
22:26:26 **** Incremental Build of configuration Debug for project GPIO_HAL_X ****
make -j8 all 
arm-none-eabi-size  GPIO_HAL_X.elf 
   text	   data	    bss	    dec	    hex	filename
   6468	     12	   1572	   8052	   1f74	GPIO_HAL_X.elf
Finished building: default.size.stdout
 
22:26:26 **** Incremental Build of configuration Debug for project Hello_GPIO ****
make -j8 all 
arm-none-eabi-size  Hello_GPIO.elf 
   text	   data	    bss	    dec	    hex	filename
   6464	     12	   1572	   8048	   1f70	Hello_GPIO.elf
Finished building: default.size.stdout
 
22:26:27 **** Incremental Build of configuration Debug for project LED_control ****
make -j8 all 
arm-none-eabi-size  LED_control.elf 
   text	   data	    bss	    dec	    hex	filename
   6404	     12	   1572	   7988	   1f34	LED_control.elf
Finished building: default.size.stdout
 
22:26:27 **** Incremental Build of configuration Debug for project LED_control_switch ****
make -j8 all 
arm-none-eabi-size  LED_control_switch.elf 
   text	   data	    bss	    dec	    hex	filename
   6416	     12	   1572	   8000	   1f40	LED_control_switch.elf
Finished building: default.size.stdout
 
22:26:28 **** Incremental Build of configuration Debug for project TEMP_sensor ****
make -j8 all 
arm-none-eabi-gcc "../Core/Src/main.c" -mcpu=cortex-m4 -std=gnu11 -g3 -DDEBUG -DUSE_HAL_DRIVER -DSTM32F446xx -c -I../Core/Inc -I../Drivers/STM32F4xx_HAL_Driver/Inc -I../Drivers/STM32F4xx_HAL_Driver/Inc/Legacy -I../Drivers/CMSIS/Device/ST/STM32F4xx/Include -I../Drivers/CMSIS/Include -I"C:/Study/STM32/OJ_tube/TEMP_sensor/Core/Lib/Inc" -O0 -ffunction-sections -fdata-sections -Wall -fstack-usage -fcyclomatic-complexity -MMD -MP -MF"Core/Src/main.d" -MT"Core/Src/main.o" --specs=nano.specs -mfpu=fpv4-sp-d16 -mfloat-abi=hard -mthumb -o "Core/Src/main.o"
arm-none-eabi-gcc -o "TEMP_sensor.elf" @"objects.list"   -mcpu=cortex-m4 -T"C:\Study\STM32\OJ_tube\TEMP_sensor\STM32F446RETX_FLASH.ld" --specs=nosys.specs -Wl,-Map="TEMP_sensor.map" -Wl,--gc-sections -static --specs=nano.specs -mfpu=fpv4-sp-d16 -mfloat-abi=hard -mthumb -Wl,--start-group -lc -lm -Wl,--end-group
Finished building target: TEMP_sensor.elf
 
arm-none-eabi-size  TEMP_sensor.elf 
arm-none-eabi-objdump -h -S TEMP_sensor.elf  > "TEMP_sensor.list"
   text	   data	    bss	    dec	    hex	filename
  12036	     12	   1684	  13732	   35a4	TEMP_sensor.elf
Finished building: default.size.stdout
 
Finished building: TEMP_sensor.list
 
22:26:31 **** Incremental Build of configuration Debug for project first_ ****
make -j8 all 
arm-none-eabi-size  first_.elf 
   text	   data	    bss	    dec	    hex	filename
   8640	     12	   1644	  10296	   2838	first_.elf
Finished building: default.size.stdout
 
22:26:31 **** Incremental Build of configuration Debug for project switch_test ****
make -j8 all 
arm-none-eabi-size  switch_test.elf 
   text	   data	    bss	    dec	    hex	filename
   6380	     12	   1572	   7964	   1f1c	switch_test.elf
Finished building: default.size.stdout
 
22:26:32 **** Incremental Build of configuration Debug for project uart_printf ****
make -j8 all 
arm-none-eabi-size  uart_printf.elf 
   text	   data	    bss	    dec	    hex	filename
  23324	    468	   1988	  25780	   64b4	uart_printf.elf
Finished building: default.size.stdout
 
22:26:47 **** Incremental Build of configuration Debug for project TEMP_sensor ****
make -j8 all 
arm-none-eabi-size  TEMP_sensor.elf 
   text	   data	    bss	    dec	    hex	filename
  12036	     12	   1684	  13732	   35a4	TEMP_sensor.elf
Finished building: default.size.stdout
 
22:38:14 **** Incremental Build of configuration Debug for project TEMP_sensor ****
make -j8 all 
arm-none-eabi-gcc "../Core/Src/FND_controller.c" -mcpu=cortex-m4 -std=gnu11 -g3 -DDEBUG -DUSE_HAL_DRIVER -DSTM32F446xx -c -I../Core/Inc -I../Drivers/STM32F4xx_HAL_Driver/Inc -I../Drivers/STM32F4xx_HAL_Driver/Inc/Legacy -I../Drivers/CMSIS/Device/ST/STM32F4xx/Include -I../Drivers/CMSIS/Include -I"C:/Study/STM32/OJ_tube/TEMP_sensor/Core/Lib/Inc" -O0 -ffunction-sections -fdata-sections -Wall -fstack-usage -fcyclomatic-complexity -MMD -MP -MF"Core/Src/FND_controller.d" -MT"Core/Src/FND_controller.o" --specs=nano.specs -mfpu=fpv4-sp-d16 -mfloat-abi=hard -mthumb -o "Core/Src/FND_controller.o"
arm-none-eabi-gcc "../Core/Src/main.c" -mcpu=cortex-m4 -std=gnu11 -g3 -DDEBUG -DUSE_HAL_DRIVER -DSTM32F446xx -c -I../Core/Inc -I../Drivers/STM32F4xx_HAL_Driver/Inc -I../Drivers/STM32F4xx_HAL_Driver/Inc/Legacy -I../Drivers/CMSIS/Device/ST/STM32F4xx/Include -I../Drivers/CMSIS/Include -I"C:/Study/STM32/OJ_tube/TEMP_sensor/Core/Lib/Inc" -O0 -ffunction-sections -fdata-sections -Wall -fstack-usage -fcyclomatic-complexity -MMD -MP -MF"Core/Src/main.d" -MT"Core/Src/main.o" --specs=nano.specs -mfpu=fpv4-sp-d16 -mfloat-abi=hard -mthumb -o "Core/Src/main.o"
arm-none-eabi-gcc "../Core/Src/stm32f4xx_hal_msp.c" -mcpu=cortex-m4 -std=gnu11 -g3 -DDEBUG -DUSE_HAL_DRIVER -DSTM32F446xx -c -I../Core/Inc -I../Drivers/STM32F4xx_HAL_Driver/Inc -I../Drivers/STM32F4xx_HAL_Driver/Inc/Legacy -I../Drivers/CMSIS/Device/ST/STM32F4xx/Include -I../Drivers/CMSIS/Include -I"C:/Study/STM32/OJ_tube/TEMP_sensor/Core/Lib/Inc" -O0 -ffunction-sections -fdata-sections -Wall -fstack-usage -fcyclomatic-complexity -MMD -MP -MF"Core/Src/stm32f4xx_hal_msp.d" -MT"Core/Src/stm32f4xx_hal_msp.o" --specs=nano.specs -mfpu=fpv4-sp-d16 -mfloat-abi=hard -mthumb -o "Core/Src/stm32f4xx_hal_msp.o"
arm-none-eabi-gcc "../Core/Src/stm32f4xx_it.c" -mcpu=cortex-m4 -std=gnu11 -g3 -DDEBUG -DUSE_HAL_DRIVER -DSTM32F446xx -c -I../Core/Inc -I../Drivers/STM32F4xx_HAL_Driver/Inc -I../Drivers/STM32F4xx_HAL_Driver/Inc/Legacy -I../Drivers/CMSIS/Device/ST/STM32F4xx/Include -I../Drivers/CMSIS/Include -I"C:/Study/STM32/OJ_tube/TEMP_sensor/Core/Lib/Inc" -O0 -ffunction-sections -fdata-sections -Wall -fstack-usage -fcyclomatic-complexity -MMD -MP -MF"Core/Src/stm32f4xx_it.d" -MT"Core/Src/stm32f4xx_it.o" --specs=nano.specs -mfpu=fpv4-sp-d16 -mfloat-abi=hard -mthumb -o "Core/Src/stm32f4xx_it.o"
arm-none-eabi-gcc "../Core/Src/syscalls.c" -mcpu=cortex-m4 -std=gnu11 -g3 -DDEBUG -DUSE_HAL_DRIVER -DSTM32F446xx -c -I../Core/Inc -I../Drivers/STM32F4xx_HAL_Driver/Inc -I../Drivers/STM32F4xx_HAL_Driver/Inc/Legacy -I../Drivers/CMSIS/Device/ST/STM32F4xx/Include -I../Drivers/CMSIS/Include -I"C:/Study/STM32/OJ_tube/TEMP_sensor/Core/Lib/Inc" -O0 -ffunction-sections -fdata-sections -Wall -fstack-usage -fcyclomatic-complexity -MMD -MP -MF"Core/Src/syscalls.d" -MT"Core/Src/syscalls.o" --specs=nano.specs -mfpu=fpv4-sp-d16 -mfloat-abi=hard -mthumb -o "Core/Src/syscalls.o"
arm-none-eabi-gcc "../Core/Src/sysmem.c" -mcpu=cortex-m4 -std=gnu11 -g3 -DDEBUG -DUSE_HAL_DRIVER -DSTM32F446xx -c -I../Core/Inc -I../Drivers/STM32F4xx_HAL_Driver/Inc -I../Drivers/STM32F4xx_HAL_Driver/Inc/Legacy -I../Drivers/CMSIS/Device/ST/STM32F4xx/Include -I../Drivers/CMSIS/Include -I"C:/Study/STM32/OJ_tube/TEMP_sensor/Core/Lib/Inc" -O0 -ffunction-sections -fdata-sections -Wall -fstack-usage -fcyclomatic-complexity -MMD -MP -MF"Core/Src/sysmem.d" -MT"Core/Src/sysmem.o" --specs=nano.specs -mfpu=fpv4-sp-d16 -mfloat-abi=hard -mthumb -o "Core/Src/sysmem.o"
arm-none-eabi-gcc "../Core/Src/system_stm32f4xx.c" -mcpu=cortex-m4 -std=gnu11 -g3 -DDEBUG -DUSE_HAL_DRIVER -DSTM32F446xx -c -I../Core/Inc -I../Drivers/STM32F4xx_HAL_Driver/Inc -I../Drivers/STM32F4xx_HAL_Driver/Inc/Legacy -I../Drivers/CMSIS/Device/ST/STM32F4xx/Include -I../Drivers/CMSIS/Include -I"C:/Study/STM32/OJ_tube/TEMP_sensor/Core/Lib/Inc" -O0 -ffunction-sections -fdata-sections -Wall -fstack-usage -fcyclomatic-complexity -MMD -MP -MF"Core/Src/system_stm32f4xx.d" -MT"Core/Src/system_stm32f4xx.o" --specs=nano.specs -mfpu=fpv4-sp-d16 -mfloat-abi=hard -mthumb -o "Core/Src/system_stm32f4xx.o"
arm-none-eabi-gcc "../Core/Lib/Src/ds18b20.c" -mcpu=cortex-m4 -std=gnu11 -g3 -DDEBUG -DUSE_HAL_DRIVER -DSTM32F446xx -c -I../Core/Inc -I../Drivers/STM32F4xx_HAL_Driver/Inc -I../Drivers/STM32F4xx_HAL_Driver/Inc/Legacy -I../Drivers/CMSIS/Device/ST/STM32F4xx/Include -I../Drivers/CMSIS/Include -I"C:/Study/STM32/OJ_tube/TEMP_sensor/Core/Lib/Inc" -O0 -ffunction-sections -fdata-sections -Wall -fstack-usage -fcyclomatic-complexity -MMD -MP -MF"Core/Lib/Src/ds18b20.d" -MT"Core/Lib/Src/ds18b20.o" --specs=nano.specs -mfpu=fpv4-sp-d16 -mfloat-abi=hard -mthumb -o "Core/Lib/Src/ds18b20.o"
arm-none-eabi-gcc "../Core/Lib/Src/onewire.c" -mcpu=cortex-m4 -std=gnu11 -g3 -DDEBUG -DUSE_HAL_DRIVER -DSTM32F446xx -c -I../Core/Inc -I../Drivers/STM32F4xx_HAL_Driver/Inc -I../Drivers/STM32F4xx_HAL_Driver/Inc/Legacy -I../Drivers/CMSIS/Device/ST/STM32F4xx/Include -I../Drivers/CMSIS/Include -I"C:/Study/STM32/OJ_tube/TEMP_sensor/Core/Lib/Inc" -O0 -ffunction-sections -fdata-sections -Wall -fstack-usage -fcyclomatic-complexity -MMD -MP -MF"Core/Lib/Src/onewire.d" -MT"Core/Lib/Src/onewire.o" --specs=nano.specs -mfpu=fpv4-sp-d16 -mfloat-abi=hard -mthumb -o "Core/Lib/Src/onewire.o"
arm-none-eabi-gcc -o "TEMP_sensor.elf" @"objects.list"   -mcpu=cortex-m4 -T"C:\Study\STM32\OJ_tube\TEMP_sensor\STM32F446RETX_FLASH.ld" --specs=nosys.specs -Wl,-Map="TEMP_sensor.map" -Wl,--gc-sections -static --specs=nano.specs -mfpu=fpv4-sp-d16 -mfloat-abi=hard -mthumb -Wl,--start-group -lc -lm -Wl,--end-group
Finished building target: TEMP_sensor.elf
 
arm-none-eabi-size  TEMP_sensor.elf 
arm-none-eabi-objdump -h -S TEMP_sensor.elf  > "TEMP_sensor.list"
   text	   data	    bss	    dec	    hex	filename
  12616	     12	   1716	  14344	   3808	TEMP_sensor.elf
Finished building: default.size.stdout
 
Finished building: TEMP_sensor.list
 
22:39:32 **** Incremental Build of configuration Debug for project TEMP_sensor ****
make -j8 all 
arm-none-eabi-size  TEMP_sensor.elf 
   text	   data	    bss	    dec	    hex	filename
  12616	     12	   1716	  14344	   3808	TEMP_sensor.elf
Finished building: default.size.stdout
 
22:41:56 **** Incremental Build of configuration Debug for project TEMP_sensor ****
make -j8 all 
arm-none-eabi-gcc "../Core/Src/main.c" -mcpu=cortex-m4 -std=gnu11 -g3 -DDEBUG -DUSE_HAL_DRIVER -DSTM32F446xx -c -I../Core/Inc -I../Drivers/STM32F4xx_HAL_Driver/Inc -I../Drivers/STM32F4xx_HAL_Driver/Inc/Legacy -I../Drivers/CMSIS/Device/ST/STM32F4xx/Include -I../Drivers/CMSIS/Include -I"C:/Study/STM32/OJ_tube/TEMP_sensor/Core/Lib/Inc" -O0 -ffunction-sections -fdata-sections -Wall -fstack-usage -fcyclomatic-complexity -MMD -MP -MF"Core/Src/main.d" -MT"Core/Src/main.o" --specs=nano.specs -mfpu=fpv4-sp-d16 -mfloat-abi=hard -mthumb -o "Core/Src/main.o"
arm-none-eabi-gcc -o "TEMP_sensor.elf" @"objects.list"   -mcpu=cortex-m4 -T"C:\Study\STM32\OJ_tube\TEMP_sensor\STM32F446RETX_FLASH.ld" --specs=nosys.specs -Wl,-Map="TEMP_sensor.map" -Wl,--gc-sections -static --specs=nano.specs -mfpu=fpv4-sp-d16 -mfloat-abi=hard -mthumb -Wl,--start-group -lc -lm -Wl,--end-group
Finished building target: TEMP_sensor.elf
 
arm-none-eabi-size  TEMP_sensor.elf 
arm-none-eabi-objdump -h -S TEMP_sensor.elf  > "TEMP_sensor.list"
   text	   data	    bss	    dec	    hex	filename
  12624	     12	   1716	  14352	   3810	TEMP_sensor.elf
Finished building: default.size.stdout
 
Finished building: TEMP_sensor.list
 
22:44:25 **** Incremental Build of configuration Debug for project TEMP_sensor ****
make -j8 all 
arm-none-eabi-gcc "../Core/Src/main.c" -mcpu=cortex-m4 -std=gnu11 -g3 -DDEBUG -DUSE_HAL_DRIVER -DSTM32F446xx -c -I../Core/Inc -I../Drivers/STM32F4xx_HAL_Driver/Inc -I../Drivers/STM32F4xx_HAL_Driver/Inc/Legacy -I../Drivers/CMSIS/Device/ST/STM32F4xx/Include -I../Drivers/CMSIS/Include -I"C:/Study/STM32/OJ_tube/TEMP_sensor/Core/Lib/Inc" -O0 -ffunction-sections -fdata-sections -Wall -fstack-usage -fcyclomatic-complexity -MMD -MP -MF"Core/Src/main.d" -MT"Core/Src/main.o" --specs=nano.specs -mfpu=fpv4-sp-d16 -mfloat-abi=hard -mthumb -o "Core/Src/main.o"
arm-none-eabi-gcc -o "TEMP_sensor.elf" @"objects.list"   -mcpu=cortex-m4 -T"C:\Study\STM32\OJ_tube\TEMP_sensor\STM32F446RETX_FLASH.ld" --specs=nosys.specs -Wl,-Map="TEMP_sensor.map" -Wl,--gc-sections -static --specs=nano.specs -mfpu=fpv4-sp-d16 -mfloat-abi=hard -mthumb -Wl,--start-group -lc -lm -Wl,--end-group
Finished building target: TEMP_sensor.elf
 
arm-none-eabi-size  TEMP_sensor.elf 
arm-none-eabi-objdump -h -S TEMP_sensor.elf  > "TEMP_sensor.list"
   text	   data	    bss	    dec	    hex	filename
  12616	     12	   1716	  14344	   3808	TEMP_sensor.elf
Finished building: default.size.stdout
 
Finished building: TEMP_sensor.list
 
22:45:31 **** Incremental Build of configuration Debug for project TEMP_sensor ****
make -j8 all 
arm-none-eabi-gcc "../Core/Src/main.c" -mcpu=cortex-m4 -std=gnu11 -g3 -DDEBUG -DUSE_HAL_DRIVER -DSTM32F446xx -c -I../Core/Inc -I../Drivers/STM32F4xx_HAL_Driver/Inc -I../Drivers/STM32F4xx_HAL_Driver/Inc/Legacy -I../Drivers/CMSIS/Device/ST/STM32F4xx/Include -I../Drivers/CMSIS/Include -I"C:/Study/STM32/OJ_tube/TEMP_sensor/Core/Lib/Inc" -O0 -ffunction-sections -fdata-sections -Wall -fstack-usage -fcyclomatic-complexity -MMD -MP -MF"Core/Src/main.d" -MT"Core/Src/main.o" --specs=nano.specs -mfpu=fpv4-sp-d16 -mfloat-abi=hard -mthumb -o "Core/Src/main.o"
arm-none-eabi-gcc -o "TEMP_sensor.elf" @"objects.list"   -mcpu=cortex-m4 -T"C:\Study\STM32\OJ_tube\TEMP_sensor\STM32F446RETX_FLASH.ld" --specs=nosys.specs -Wl,-Map="TEMP_sensor.map" -Wl,--gc-sections -static --specs=nano.specs -mfpu=fpv4-sp-d16 -mfloat-abi=hard -mthumb -Wl,--start-group -lc -lm -Wl,--end-group
Finished building target: TEMP_sensor.elf
 
arm-none-eabi-size  TEMP_sensor.elf 
arm-none-eabi-objdump -h -S TEMP_sensor.elf  > "TEMP_sensor.list"
   text	   data	    bss	    dec	    hex	filename
  12612	     12	   1716	  14340	   3804	TEMP_sensor.elf
Finished building: default.size.stdout
 
Finished building: TEMP_sensor.list
 
22:59:30 **** Incremental Build of configuration Debug for project TEMP_sensor ****
make -j8 all 
arm-none-eabi-gcc "../Core/Src/main.c" -mcpu=cortex-m4 -std=gnu11 -g3 -DDEBUG -DUSE_HAL_DRIVER -DSTM32F446xx -c -I../Core/Inc -I../Drivers/STM32F4xx_HAL_Driver/Inc -I../Drivers/STM32F4xx_HAL_Driver/Inc/Legacy -I../Drivers/CMSIS/Device/ST/STM32F4xx/Include -I../Drivers/CMSIS/Include -I"C:/Study/STM32/OJ_tube/TEMP_sensor/Core/Lib/Inc" -O0 -ffunction-sections -fdata-sections -Wall -fstack-usage -fcyclomatic-complexity -MMD -MP -MF"Core/Src/main.d" -MT"Core/Src/main.o" --specs=nano.specs -mfpu=fpv4-sp-d16 -mfloat-abi=hard -mthumb -o "Core/Src/main.o"
arm-none-eabi-gcc -o "TEMP_sensor.elf" @"objects.list"   -mcpu=cortex-m4 -T"C:\Study\STM32\OJ_tube\TEMP_sensor\STM32F446RETX_FLASH.ld" --specs=nosys.specs -Wl,-Map="TEMP_sensor.map" -Wl,--gc-sections -static --specs=nano.specs -mfpu=fpv4-sp-d16 -mfloat-abi=hard -mthumb -Wl,--start-group -lc -lm -Wl,--end-group
Finished building target: TEMP_sensor.elf
 
arm-none-eabi-size  TEMP_sensor.elf 
arm-none-eabi-objdump -h -S TEMP_sensor.elf  > "TEMP_sensor.list"
   text	   data	    bss	    dec	    hex	filename
  11404	     12	   1684	  13100	   332c	TEMP_sensor.elf
Finished building: default.size.stdout
 
Finished building: TEMP_sensor.list
 
23:00:13 **** Incremental Build of configuration Debug for project TEMP_sensor ****
make -j8 all 
arm-none-eabi-gcc "../Core/Src/main.c" -mcpu=cortex-m4 -std=gnu11 -g3 -DDEBUG -DUSE_HAL_DRIVER -DSTM32F446xx -c -I../Core/Inc -I../Drivers/STM32F4xx_HAL_Driver/Inc -I../Drivers/STM32F4xx_HAL_Driver/Inc/Legacy -I../Drivers/CMSIS/Device/ST/STM32F4xx/Include -I../Drivers/CMSIS/Include -I"C:/Study/STM32/OJ_tube/TEMP_sensor/Core/Lib/Inc" -O0 -ffunction-sections -fdata-sections -Wall -fstack-usage -fcyclomatic-complexity -MMD -MP -MF"Core/Src/main.d" -MT"Core/Src/main.o" --specs=nano.specs -mfpu=fpv4-sp-d16 -mfloat-abi=hard -mthumb -o "Core/Src/main.o"
arm-none-eabi-gcc -o "TEMP_sensor.elf" @"objects.list"   -mcpu=cortex-m4 -T"C:\Study\STM32\OJ_tube\TEMP_sensor\STM32F446RETX_FLASH.ld" --specs=nosys.specs -Wl,-Map="TEMP_sensor.map" -Wl,--gc-sections -static --specs=nano.specs -mfpu=fpv4-sp-d16 -mfloat-abi=hard -mthumb -Wl,--start-group -lc -lm -Wl,--end-group
Finished building target: TEMP_sensor.elf
 
arm-none-eabi-size  TEMP_sensor.elf 
arm-none-eabi-objdump -h -S TEMP_sensor.elf  > "TEMP_sensor.list"
   text	   data	    bss	    dec	    hex	filename
  11688	     12	   1716	  13416	   3468	TEMP_sensor.elf
Finished building: default.size.stdout
 
Finished building: TEMP_sensor.list
 
23:00:28 **** Incremental Build of configuration Debug for project TEMP_sensor ****
make -j8 all 
arm-none-eabi-gcc "../Core/Src/main.c" -mcpu=cortex-m4 -std=gnu11 -g3 -DDEBUG -DUSE_HAL_DRIVER -DSTM32F446xx -c -I../Core/Inc -I../Drivers/STM32F4xx_HAL_Driver/Inc -I../Drivers/STM32F4xx_HAL_Driver/Inc/Legacy -I../Drivers/CMSIS/Device/ST/STM32F4xx/Include -I../Drivers/CMSIS/Include -I"C:/Study/STM32/OJ_tube/TEMP_sensor/Core/Lib/Inc" -O0 -ffunction-sections -fdata-sections -Wall -fstack-usage -fcyclomatic-complexity -MMD -MP -MF"Core/Src/main.d" -MT"Core/Src/main.o" --specs=nano.specs -mfpu=fpv4-sp-d16 -mfloat-abi=hard -mthumb -o "Core/Src/main.o"
arm-none-eabi-gcc -o "TEMP_sensor.elf" @"objects.list"   -mcpu=cortex-m4 -T"C:\Study\STM32\OJ_tube\TEMP_sensor\STM32F446RETX_FLASH.ld" --specs=nosys.specs -Wl,-Map="TEMP_sensor.map" -Wl,--gc-sections -static --specs=nano.specs -mfpu=fpv4-sp-d16 -mfloat-abi=hard -mthumb -Wl,--start-group -lc -lm -Wl,--end-group
Finished building target: TEMP_sensor.elf
 
arm-none-eabi-size  TEMP_sensor.elf 
arm-none-eabi-objdump -h -S TEMP_sensor.elf  > "TEMP_sensor.list"
   text	   data	    bss	    dec	    hex	filename
  11688	     12	   1716	  13416	   3468	TEMP_sensor.elf
Finished building: default.size.stdout
 
Finished building: TEMP_sensor.list
 
23:02:06 **** Incremental Build of configuration Debug for project TEMP_sensor ****
make -j8 all 
arm-none-eabi-gcc "../Core/Src/main.c" -mcpu=cortex-m4 -std=gnu11 -g3 -DDEBUG -DUSE_HAL_DRIVER -DSTM32F446xx -c -I../Core/Inc -I../Drivers/STM32F4xx_HAL_Driver/Inc -I../Drivers/STM32F4xx_HAL_Driver/Inc/Legacy -I../Drivers/CMSIS/Device/ST/STM32F4xx/Include -I../Drivers/CMSIS/Include -I"C:/Study/STM32/OJ_tube/TEMP_sensor/Core/Lib/Inc" -O0 -ffunction-sections -fdata-sections -Wall -fstack-usage -fcyclomatic-complexity -MMD -MP -MF"Core/Src/main.d" -MT"Core/Src/main.o" --specs=nano.specs -mfpu=fpv4-sp-d16 -mfloat-abi=hard -mthumb -o "Core/Src/main.o"
arm-none-eabi-gcc -o "TEMP_sensor.elf" @"objects.list"   -mcpu=cortex-m4 -T"C:\Study\STM32\OJ_tube\TEMP_sensor\STM32F446RETX_FLASH.ld" --specs=nosys.specs -Wl,-Map="TEMP_sensor.map" -Wl,--gc-sections -static --specs=nano.specs -mfpu=fpv4-sp-d16 -mfloat-abi=hard -mthumb -Wl,--start-group -lc -lm -Wl,--end-group
Finished building target: TEMP_sensor.elf
 
arm-none-eabi-size  TEMP_sensor.elf 
arm-none-eabi-objdump -h -S TEMP_sensor.elf  > "TEMP_sensor.list"
   text	   data	    bss	    dec	    hex	filename
  11736	     12	   1716	  13464	   3498	TEMP_sensor.elf
Finished building: default.size.stdout
 
Finished building: TEMP_sensor.list
 
23:09:05 **** Incremental Build of configuration Debug for project TEMP_sensor ****
make -j8 all 
arm-none-eabi-size  TEMP_sensor.elf 
   text	   data	    bss	    dec	    hex	filename
  11736	     12	   1716	  13464	   3498	TEMP_sensor.elf
Finished building: default.size.stdout
 
23:13:33 **** Incremental Build of configuration Debug for project TEMP_sensor ****
make -j8 all 
arm-none-eabi-gcc "../Core/Src/main.c" -mcpu=cortex-m4 -std=gnu11 -g3 -DDEBUG -DUSE_HAL_DRIVER -DSTM32F446xx -c -I../Core/Inc -I../Drivers/STM32F4xx_HAL_Driver/Inc -I../Drivers/STM32F4xx_HAL_Driver/Inc/Legacy -I../Drivers/CMSIS/Device/ST/STM32F4xx/Include -I../Drivers/CMSIS/Include -I"C:/Study/STM32/OJ_tube/TEMP_sensor/Core/Lib/Inc" -O0 -ffunction-sections -fdata-sections -Wall -fstack-usage -fcyclomatic-complexity -MMD -MP -MF"Core/Src/main.d" -MT"Core/Src/main.o" --specs=nano.specs -mfpu=fpv4-sp-d16 -mfloat-abi=hard -mthumb -o "Core/Src/main.o"
arm-none-eabi-gcc -o "TEMP_sensor.elf" @"objects.list"   -mcpu=cortex-m4 -T"C:\Study\STM32\OJ_tube\TEMP_sensor\STM32F446RETX_FLASH.ld" --specs=nosys.specs -Wl,-Map="TEMP_sensor.map" -Wl,--gc-sections -static --specs=nano.specs -mfpu=fpv4-sp-d16 -mfloat-abi=hard -mthumb -Wl,--start-group -lc -lm -Wl,--end-group
Finished building target: TEMP_sensor.elf
 
arm-none-eabi-size  TEMP_sensor.elf 
arm-none-eabi-objdump -h -S TEMP_sensor.elf  > "TEMP_sensor.list"
   text	   data	    bss	    dec	    hex	filename
  11736	     12	   1716	  13464	   3498	TEMP_sensor.elf
Finished building: default.size.stdout
 
Finished building: TEMP_sensor.list
 
23:14:32 **** Incremental Build of configuration Debug for project TEMP_sensor ****
make -j8 all 
arm-none-eabi-gcc "../Core/Src/main.c" -mcpu=cortex-m4 -std=gnu11 -g3 -DDEBUG -DUSE_HAL_DRIVER -DSTM32F446xx -c -I../Core/Inc -I../Drivers/STM32F4xx_HAL_Driver/Inc -I../Drivers/STM32F4xx_HAL_Driver/Inc/Legacy -I../Drivers/CMSIS/Device/ST/STM32F4xx/Include -I../Drivers/CMSIS/Include -I"C:/Study/STM32/OJ_tube/TEMP_sensor/Core/Lib/Inc" -O0 -ffunction-sections -fdata-sections -Wall -fstack-usage -fcyclomatic-complexity -MMD -MP -MF"Core/Src/main.d" -MT"Core/Src/main.o" --specs=nano.specs -mfpu=fpv4-sp-d16 -mfloat-abi=hard -mthumb -o "Core/Src/main.o"
arm-none-eabi-gcc -o "TEMP_sensor.elf" @"objects.list"   -mcpu=cortex-m4 -T"C:\Study\STM32\OJ_tube\TEMP_sensor\STM32F446RETX_FLASH.ld" --specs=nosys.specs -Wl,-Map="TEMP_sensor.map" -Wl,--gc-sections -static --specs=nano.specs -mfpu=fpv4-sp-d16 -mfloat-abi=hard -mthumb -Wl,--start-group -lc -lm -Wl,--end-group
Finished building target: TEMP_sensor.elf
 
arm-none-eabi-size  TEMP_sensor.elf 
arm-none-eabi-objdump -h -S TEMP_sensor.elf  > "TEMP_sensor.list"
   text	   data	    bss	    dec	    hex	filename
  11736	     12	   1716	  13464	   3498	TEMP_sensor.elf
Finished building: default.size.stdout
 
Finished building: TEMP_sensor.list
 
23:16:37 **** Incremental Build of configuration Debug for project TEMP_sensor ****
make -j8 all 
arm-none-eabi-gcc "../Core/Src/main.c" -mcpu=cortex-m4 -std=gnu11 -g3 -DDEBUG -DUSE_HAL_DRIVER -DSTM32F446xx -c -I../Core/Inc -I../Drivers/STM32F4xx_HAL_Driver/Inc -I../Drivers/STM32F4xx_HAL_Driver/Inc/Legacy -I../Drivers/CMSIS/Device/ST/STM32F4xx/Include -I../Drivers/CMSIS/Include -I"C:/Study/STM32/OJ_tube/TEMP_sensor/Core/Lib/Inc" -O0 -ffunction-sections -fdata-sections -Wall -fstack-usage -fcyclomatic-complexity -MMD -MP -MF"Core/Src/main.d" -MT"Core/Src/main.o" --specs=nano.specs -mfpu=fpv4-sp-d16 -mfloat-abi=hard -mthumb -o "Core/Src/main.o"
arm-none-eabi-gcc -o "TEMP_sensor.elf" @"objects.list"   -mcpu=cortex-m4 -T"C:\Study\STM32\OJ_tube\TEMP_sensor\STM32F446RETX_FLASH.ld" --specs=nosys.specs -Wl,-Map="TEMP_sensor.map" -Wl,--gc-sections -static --specs=nano.specs -mfpu=fpv4-sp-d16 -mfloat-abi=hard -mthumb -Wl,--start-group -lc -lm -Wl,--end-group
Finished building target: TEMP_sensor.elf
 
arm-none-eabi-size  TEMP_sensor.elf 
arm-none-eabi-objdump -h -S TEMP_sensor.elf  > "TEMP_sensor.list"
   text	   data	    bss	    dec	    hex	filename
  11380	     12	   1684	  13076	   3314	TEMP_sensor.elf
Finished building: default.size.stdout
 
Finished building: TEMP_sensor.list
 
23:17:40 **** Incremental Build of configuration Debug for project TEMP_sensor ****
make -j8 all 
arm-none-eabi-gcc "../Core/Src/main.c" -mcpu=cortex-m4 -std=gnu11 -g3 -DDEBUG -DUSE_HAL_DRIVER -DSTM32F446xx -c -I../Core/Inc -I../Drivers/STM32F4xx_HAL_Driver/Inc -I../Drivers/STM32F4xx_HAL_Driver/Inc/Legacy -I../Drivers/CMSIS/Device/ST/STM32F4xx/Include -I../Drivers/CMSIS/Include -I"C:/Study/STM32/OJ_tube/TEMP_sensor/Core/Lib/Inc" -O0 -ffunction-sections -fdata-sections -Wall -fstack-usage -fcyclomatic-complexity -MMD -MP -MF"Core/Src/main.d" -MT"Core/Src/main.o" --specs=nano.specs -mfpu=fpv4-sp-d16 -mfloat-abi=hard -mthumb -o "Core/Src/main.o"
arm-none-eabi-gcc -o "TEMP_sensor.elf" @"objects.list"   -mcpu=cortex-m4 -T"C:\Study\STM32\OJ_tube\TEMP_sensor\STM32F446RETX_FLASH.ld" --specs=nosys.specs -Wl,-Map="TEMP_sensor.map" -Wl,--gc-sections -static --specs=nano.specs -mfpu=fpv4-sp-d16 -mfloat-abi=hard -mthumb -Wl,--start-group -lc -lm -Wl,--end-group
Finished building target: TEMP_sensor.elf
 
arm-none-eabi-size  TEMP_sensor.elf 
arm-none-eabi-objdump -h -S TEMP_sensor.elf  > "TEMP_sensor.list"
   text	   data	    bss	    dec	    hex	filename
  11404	     12	   1684	  13100	   332c	TEMP_sensor.elf
Finished building: default.size.stdout
 
Finished building: TEMP_sensor.list
 
23:18:15 **** Incremental Build of configuration Debug for project TEMP_sensor ****
make -j8 all 
arm-none-eabi-gcc "../Core/Src/main.c" -mcpu=cortex-m4 -std=gnu11 -g3 -DDEBUG -DUSE_HAL_DRIVER -DSTM32F446xx -c -I../Core/Inc -I../Drivers/STM32F4xx_HAL_Driver/Inc -I../Drivers/STM32F4xx_HAL_Driver/Inc/Legacy -I../Drivers/CMSIS/Device/ST/STM32F4xx/Include -I../Drivers/CMSIS/Include -I"C:/Study/STM32/OJ_tube/TEMP_sensor/Core/Lib/Inc" -O0 -ffunction-sections -fdata-sections -Wall -fstack-usage -fcyclomatic-complexity -MMD -MP -MF"Core/Src/main.d" -MT"Core/Src/main.o" --specs=nano.specs -mfpu=fpv4-sp-d16 -mfloat-abi=hard -mthumb -o "Core/Src/main.o"
arm-none-eabi-gcc -o "TEMP_sensor.elf" @"objects.list"   -mcpu=cortex-m4 -T"C:\Study\STM32\OJ_tube\TEMP_sensor\STM32F446RETX_FLASH.ld" --specs=nosys.specs -Wl,-Map="TEMP_sensor.map" -Wl,--gc-sections -static --specs=nano.specs -mfpu=fpv4-sp-d16 -mfloat-abi=hard -mthumb -Wl,--start-group -lc -lm -Wl,--end-group
Finished building target: TEMP_sensor.elf
 
arm-none-eabi-size  TEMP_sensor.elf 
arm-none-eabi-objdump -h -S TEMP_sensor.elf  > "TEMP_sensor.list"
   text	   data	    bss	    dec	    hex	filename
  11712	     12	   1716	  13440	   3480	TEMP_sensor.elf
Finished building: default.size.stdout
 
Finished building: TEMP_sensor.list
 
23:19:03 **** Incremental Build of configuration Debug for project TEMP_sensor ****
make -j8 all 
arm-none-eabi-gcc "../Core/Src/main.c" -mcpu=cortex-m4 -std=gnu11 -g3 -DDEBUG -DUSE_HAL_DRIVER -DSTM32F446xx -c -I../Core/Inc -I../Drivers/STM32F4xx_HAL_Driver/Inc -I../Drivers/STM32F4xx_HAL_Driver/Inc/Legacy -I../Drivers/CMSIS/Device/ST/STM32F4xx/Include -I../Drivers/CMSIS/Include -I"C:/Study/STM32/OJ_tube/TEMP_sensor/Core/Lib/Inc" -O0 -ffunction-sections -fdata-sections -Wall -fstack-usage -fcyclomatic-complexity -MMD -MP -MF"Core/Src/main.d" -MT"Core/Src/main.o" --specs=nano.specs -mfpu=fpv4-sp-d16 -mfloat-abi=hard -mthumb -o "Core/Src/main.o"
arm-none-eabi-gcc -o "TEMP_sensor.elf" @"objects.list"   -mcpu=cortex-m4 -T"C:\Study\STM32\OJ_tube\TEMP_sensor\STM32F446RETX_FLASH.ld" --specs=nosys.specs -Wl,-Map="TEMP_sensor.map" -Wl,--gc-sections -static --specs=nano.specs -mfpu=fpv4-sp-d16 -mfloat-abi=hard -mthumb -Wl,--start-group -lc -lm -Wl,--end-group
Finished building target: TEMP_sensor.elf
 
arm-none-eabi-size  TEMP_sensor.elf 
arm-none-eabi-objdump -h -S TEMP_sensor.elf  > "TEMP_sensor.list"
   text	   data	    bss	    dec	    hex	filename
  11908	     12	   1716	  13636	   3544	TEMP_sensor.elf
Finished building: default.size.stdout
 
Finished building: TEMP_sensor.list
 
23:19:39 **** Incremental Build of configuration Debug for project TEMP_sensor ****
make -j8 all 
arm-none-eabi-gcc "../Core/Src/main.c" -mcpu=cortex-m4 -std=gnu11 -g3 -DDEBUG -DUSE_HAL_DRIVER -DSTM32F446xx -c -I../Core/Inc -I../Drivers/STM32F4xx_HAL_Driver/Inc -I../Drivers/STM32F4xx_HAL_Driver/Inc/Legacy -I../Drivers/CMSIS/Device/ST/STM32F4xx/Include -I../Drivers/CMSIS/Include -I"C:/Study/STM32/OJ_tube/TEMP_sensor/Core/Lib/Inc" -O0 -ffunction-sections -fdata-sections -Wall -fstack-usage -fcyclomatic-complexity -MMD -MP -MF"Core/Src/main.d" -MT"Core/Src/main.o" --specs=nano.specs -mfpu=fpv4-sp-d16 -mfloat-abi=hard -mthumb -o "Core/Src/main.o"
arm-none-eabi-gcc -o "TEMP_sensor.elf" @"objects.list"   -mcpu=cortex-m4 -T"C:\Study\STM32\OJ_tube\TEMP_sensor\STM32F446RETX_FLASH.ld" --specs=nosys.specs -Wl,-Map="TEMP_sensor.map" -Wl,--gc-sections -static --specs=nano.specs -mfpu=fpv4-sp-d16 -mfloat-abi=hard -mthumb -Wl,--start-group -lc -lm -Wl,--end-group
Finished building target: TEMP_sensor.elf
 
arm-none-eabi-size  TEMP_sensor.elf 
arm-none-eabi-objdump -h -S TEMP_sensor.elf  > "TEMP_sensor.list"
   text	   data	    bss	    dec	    hex	filename
  12812	     12	   1716	  14540	   38cc	TEMP_sensor.elf
Finished building: default.size.stdout
 
Finished building: TEMP_sensor.list
 
23:20:11 **** Incremental Build of configuration Debug for project TEMP_sensor ****
make -j8 all 
arm-none-eabi-gcc "../Core/Src/main.c" -mcpu=cortex-m4 -std=gnu11 -g3 -DDEBUG -DUSE_HAL_DRIVER -DSTM32F446xx -c -I../Core/Inc -I../Drivers/STM32F4xx_HAL_Driver/Inc -I../Drivers/STM32F4xx_HAL_Driver/Inc/Legacy -I../Drivers/CMSIS/Device/ST/STM32F4xx/Include -I../Drivers/CMSIS/Include -I"C:/Study/STM32/OJ_tube/TEMP_sensor/Core/Lib/Inc" -O0 -ffunction-sections -fdata-sections -Wall -fstack-usage -fcyclomatic-complexity -MMD -MP -MF"Core/Src/main.d" -MT"Core/Src/main.o" --specs=nano.specs -mfpu=fpv4-sp-d16 -mfloat-abi=hard -mthumb -o "Core/Src/main.o"
arm-none-eabi-gcc -o "TEMP_sensor.elf" @"objects.list"   -mcpu=cortex-m4 -T"C:\Study\STM32\OJ_tube\TEMP_sensor\STM32F446RETX_FLASH.ld" --specs=nosys.specs -Wl,-Map="TEMP_sensor.map" -Wl,--gc-sections -static --specs=nano.specs -mfpu=fpv4-sp-d16 -mfloat-abi=hard -mthumb -Wl,--start-group -lc -lm -Wl,--end-group
Finished building target: TEMP_sensor.elf
 
arm-none-eabi-size  TEMP_sensor.elf 
arm-none-eabi-objdump -h -S TEMP_sensor.elf  > "TEMP_sensor.list"
   text	   data	    bss	    dec	    hex	filename
  12812	     12	   1716	  14540	   38cc	TEMP_sensor.elf
Finished building: default.size.stdout
 
Finished building: TEMP_sensor.list
 
23:21:00 **** Incremental Build of configuration Debug for project TEMP_sensor ****
make -j8 all 
arm-none-eabi-gcc "../Core/Src/main.c" -mcpu=cortex-m4 -std=gnu11 -g3 -DDEBUG -DUSE_HAL_DRIVER -DSTM32F446xx -c -I../Core/Inc -I../Drivers/STM32F4xx_HAL_Driver/Inc -I../Drivers/STM32F4xx_HAL_Driver/Inc/Legacy -I../Drivers/CMSIS/Device/ST/STM32F4xx/Include -I../Drivers/CMSIS/Include -I"C:/Study/STM32/OJ_tube/TEMP_sensor/Core/Lib/Inc" -O0 -ffunction-sections -fdata-sections -Wall -fstack-usage -fcyclomatic-complexity -MMD -MP -MF"Core/Src/main.d" -MT"Core/Src/main.o" --specs=nano.specs -mfpu=fpv4-sp-d16 -mfloat-abi=hard -mthumb -o "Core/Src/main.o"
arm-none-eabi-gcc -o "TEMP_sensor.elf" @"objects.list"   -mcpu=cortex-m4 -T"C:\Study\STM32\OJ_tube\TEMP_sensor\STM32F446RETX_FLASH.ld" --specs=nosys.specs -Wl,-Map="TEMP_sensor.map" -Wl,--gc-sections -static --specs=nano.specs -mfpu=fpv4-sp-d16 -mfloat-abi=hard -mthumb -Wl,--start-group -lc -lm -Wl,--end-group
Finished building target: TEMP_sensor.elf
 
arm-none-eabi-size  TEMP_sensor.elf 
arm-none-eabi-objdump -h -S TEMP_sensor.elf  > "TEMP_sensor.list"
   text	   data	    bss	    dec	    hex	filename
  12812	     12	   1716	  14540	   38cc	TEMP_sensor.elf
Finished building: default.size.stdout
 
Finished building: TEMP_sensor.list
 
23:24:55 **** Incremental Build of configuration Debug for project TEMP_sensor ****
make -j8 all 
arm-none-eabi-gcc "../Core/Src/main.c" -mcpu=cortex-m4 -std=gnu11 -g3 -DDEBUG -DUSE_HAL_DRIVER -DSTM32F446xx -c -I../Core/Inc -I../Drivers/STM32F4xx_HAL_Driver/Inc -I../Drivers/STM32F4xx_HAL_Driver/Inc/Legacy -I../Drivers/CMSIS/Device/ST/STM32F4xx/Include -I../Drivers/CMSIS/Include -I"C:/Study/STM32/OJ_tube/TEMP_sensor/Core/Lib/Inc" -O0 -ffunction-sections -fdata-sections -Wall -fstack-usage -fcyclomatic-complexity -MMD -MP -MF"Core/Src/main.d" -MT"Core/Src/main.o" --specs=nano.specs -mfpu=fpv4-sp-d16 -mfloat-abi=hard -mthumb -o "Core/Src/main.o"
arm-none-eabi-gcc -o "TEMP_sensor.elf" @"objects.list"   -mcpu=cortex-m4 -T"C:\Study\STM32\OJ_tube\TEMP_sensor\STM32F446RETX_FLASH.ld" --specs=nosys.specs -Wl,-Map="TEMP_sensor.map" -Wl,--gc-sections -static --specs=nano.specs -mfpu=fpv4-sp-d16 -mfloat-abi=hard -mthumb -Wl,--start-group -lc -lm -Wl,--end-group
Finished building target: TEMP_sensor.elf
 
arm-none-eabi-size  TEMP_sensor.elf 
arm-none-eabi-objdump -h -S TEMP_sensor.elf  > "TEMP_sensor.list"
   text	   data	    bss	    dec	    hex	filename
  11860	     12	   1716	  13588	   3514	TEMP_sensor.elf
Finished building: default.size.stdout
 
Finished building: TEMP_sensor.list
 
23:26:28 **** Incremental Build of configuration Debug for project TEMP_sensor ****
make -j8 all 
arm-none-eabi-gcc "../Core/Src/main.c" -mcpu=cortex-m4 -std=gnu11 -g3 -DDEBUG -DUSE_HAL_DRIVER -DSTM32F446xx -c -I../Core/Inc -I../Drivers/STM32F4xx_HAL_Driver/Inc -I../Drivers/STM32F4xx_HAL_Driver/Inc/Legacy -I../Drivers/CMSIS/Device/ST/STM32F4xx/Include -I../Drivers/CMSIS/Include -I"C:/Study/STM32/OJ_tube/TEMP_sensor/Core/Lib/Inc" -O0 -ffunction-sections -fdata-sections -Wall -fstack-usage -fcyclomatic-complexity -MMD -MP -MF"Core/Src/main.d" -MT"Core/Src/main.o" --specs=nano.specs -mfpu=fpv4-sp-d16 -mfloat-abi=hard -mthumb -o "Core/Src/main.o"
arm-none-eabi-gcc -o "TEMP_sensor.elf" @"objects.list"   -mcpu=cortex-m4 -T"C:\Study\STM32\OJ_tube\TEMP_sensor\STM32F446RETX_FLASH.ld" --specs=nosys.specs -Wl,-Map="TEMP_sensor.map" -Wl,--gc-sections -static --specs=nano.specs -mfpu=fpv4-sp-d16 -mfloat-abi=hard -mthumb -Wl,--start-group -lc -lm -Wl,--end-group
Finished building target: TEMP_sensor.elf
 
arm-none-eabi-size  TEMP_sensor.elf 
arm-none-eabi-objdump -h -S TEMP_sensor.elf  > "TEMP_sensor.list"
   text	   data	    bss	    dec	    hex	filename
  12836	     12	   1716	  14564	   38e4	TEMP_sensor.elf
Finished building: default.size.stdout
 
Finished building: TEMP_sensor.list
 
14:00:18 **** Incremental Build of configuration Debug for project FND_control ****
make -j8 all 
arm-none-eabi-size  FND_control.elf 
   text	   data	    bss	    dec	    hex	filename
   6984	     12	   1604	   8600	   2198	FND_control.elf
Finished building: default.size.stdout
 
14:00:21 **** Incremental Build of configuration Debug for project FND_control_SPI ****
make -j8 all 
arm-none-eabi-size  FND_control_SPI.elf 
   text	   data	    bss	    dec	    hex	filename
   8592	     12	   1692	  10296	   2838	FND_control_SPI.elf
Finished building: default.size.stdout
 
14:00:22 **** Incremental Build of configuration Debug for project FND_control_switch ****
make -j8 all 
arm-none-eabi-size  FND_control_switch.elf 
   text	   data	    bss	    dec	    hex	filename
   7308	     12	   1604	   8924	   22dc	FND_control_switch.elf
Finished building: default.size.stdout
 
14:00:23 **** Incremental Build of configuration Debug for project GPIO_HAL_X ****
make -j8 all 
arm-none-eabi-size  GPIO_HAL_X.elf 
   text	   data	    bss	    dec	    hex	filename
   6468	     12	   1572	   8052	   1f74	GPIO_HAL_X.elf
Finished building: default.size.stdout
 
14:00:24 **** Incremental Build of configuration Debug for project Hello_GPIO ****
make -j8 all 
arm-none-eabi-size  Hello_GPIO.elf 
   text	   data	    bss	    dec	    hex	filename
   6464	     12	   1572	   8048	   1f70	Hello_GPIO.elf
Finished building: default.size.stdout
 
14:00:24 **** Incremental Build of configuration Debug for project LED_control ****
make -j8 all 
arm-none-eabi-size  LED_control.elf 
   text	   data	    bss	    dec	    hex	filename
   6404	     12	   1572	   7988	   1f34	LED_control.elf
Finished building: default.size.stdout
 
14:00:25 **** Incremental Build of configuration Debug for project LED_control_switch ****
make -j8 all 
arm-none-eabi-size  LED_control_switch.elf 
   text	   data	    bss	    dec	    hex	filename
   6416	     12	   1572	   8000	   1f40	LED_control_switch.elf
Finished building: default.size.stdout
 
14:00:25 **** Incremental Build of configuration Debug for project TEMP_sensor ****
make -j8 all 
arm-none-eabi-gcc "../Core/Src/main.c" -mcpu=cortex-m4 -std=gnu11 -g3 -DDEBUG -DUSE_HAL_DRIVER -DSTM32F446xx -c -I../Core/Inc -I../Drivers/STM32F4xx_HAL_Driver/Inc -I../Drivers/STM32F4xx_HAL_Driver/Inc/Legacy -I../Drivers/CMSIS/Device/ST/STM32F4xx/Include -I../Drivers/CMSIS/Include -I"C:/Study/STM32/OJ_tube/TEMP_sensor/Core/Lib/Inc" -O0 -ffunction-sections -fdata-sections -Wall -fstack-usage -fcyclomatic-complexity -MMD -MP -MF"Core/Src/main.d" -MT"Core/Src/main.o" --specs=nano.specs -mfpu=fpv4-sp-d16 -mfloat-abi=hard -mthumb -o "Core/Src/main.o"
arm-none-eabi-gcc "../Core/Src/stm32f4xx_hal_msp.c" -mcpu=cortex-m4 -std=gnu11 -g3 -DDEBUG -DUSE_HAL_DRIVER -DSTM32F446xx -c -I../Core/Inc -I../Drivers/STM32F4xx_HAL_Driver/Inc -I../Drivers/STM32F4xx_HAL_Driver/Inc/Legacy -I../Drivers/CMSIS/Device/ST/STM32F4xx/Include -I../Drivers/CMSIS/Include -I"C:/Study/STM32/OJ_tube/TEMP_sensor/Core/Lib/Inc" -O0 -ffunction-sections -fdata-sections -Wall -fstack-usage -fcyclomatic-complexity -MMD -MP -MF"Core/Src/stm32f4xx_hal_msp.d" -MT"Core/Src/stm32f4xx_hal_msp.o" --specs=nano.specs -mfpu=fpv4-sp-d16 -mfloat-abi=hard -mthumb -o "Core/Src/stm32f4xx_hal_msp.o"
arm-none-eabi-gcc -o "TEMP_sensor.elf" @"objects.list"   -mcpu=cortex-m4 -T"C:\Study\STM32\OJ_tube\TEMP_sensor\STM32F446RETX_FLASH.ld" --specs=nosys.specs -Wl,-Map="TEMP_sensor.map" -Wl,--gc-sections -static --specs=nano.specs -mfpu=fpv4-sp-d16 -mfloat-abi=hard -mthumb -Wl,--start-group -lc -lm -Wl,--end-group
Finished building target: TEMP_sensor.elf
 
arm-none-eabi-size  TEMP_sensor.elf 
arm-none-eabi-objdump -h -S TEMP_sensor.elf  > "TEMP_sensor.list"
   text	   data	    bss	    dec	    hex	filename
  13308	     12	   1788	  15108	   3b04	TEMP_sensor.elf
Finished building: default.size.stdout
 
Finished building: TEMP_sensor.list
 
14:00:34 **** Incremental Build of configuration Debug for project first_ ****
make -j8 all 
arm-none-eabi-size  first_.elf 
   text	   data	    bss	    dec	    hex	filename
   8640	     12	   1644	  10296	   2838	first_.elf
Finished building: default.size.stdout
 
14:00:36 **** Incremental Build of configuration Debug for project switch_test ****
make -j8 all 
arm-none-eabi-size  switch_test.elf 
   text	   data	    bss	    dec	    hex	filename
   6380	     12	   1572	   7964	   1f1c	switch_test.elf
Finished building: default.size.stdout
 
14:00:36 **** Incremental Build of configuration Debug for project uart_printf ****
make -j8 all 
arm-none-eabi-size  uart_printf.elf 
   text	   data	    bss	    dec	    hex	filename
  23324	    468	   1988	  25780	   64b4	uart_printf.elf
Finished building: default.size.stdout
 
14:00:41 **** Incremental Build of configuration Debug for project TEMP_sensor ****
make -j8 all 
arm-none-eabi-size  TEMP_sensor.elf 
   text	   data	    bss	    dec	    hex	filename
  13308	     12	   1788	  15108	   3b04	TEMP_sensor.elf
Finished building: default.size.stdout
 
14:03:33 **** Incremental Build of configuration Debug for project TEMP_sensor ****
make -j8 all 
arm-none-eabi-gcc "../Core/Src/stm32f4xx_hal_msp.c" -mcpu=cortex-m4 -std=gnu11 -g3 -DDEBUG -DUSE_HAL_DRIVER -DSTM32F446xx -c -I../Core/Inc -I../Drivers/STM32F4xx_HAL_Driver/Inc -I../Drivers/STM32F4xx_HAL_Driver/Inc/Legacy -I../Drivers/CMSIS/Device/ST/STM32F4xx/Include -I../Drivers/CMSIS/Include -I"C:/Study/STM32/OJ_tube/TEMP_sensor/Core/Lib/Inc" -O0 -ffunction-sections -fdata-sections -Wall -fstack-usage -fcyclomatic-complexity -MMD -MP -MF"Core/Src/stm32f4xx_hal_msp.d" -MT"Core/Src/stm32f4xx_hal_msp.o" --specs=nano.specs -mfpu=fpv4-sp-d16 -mfloat-abi=hard -mthumb -o "Core/Src/stm32f4xx_hal_msp.o"
arm-none-eabi-gcc "../Core/Src/stm32f4xx_it.c" -mcpu=cortex-m4 -std=gnu11 -g3 -DDEBUG -DUSE_HAL_DRIVER -DSTM32F446xx -c -I../Core/Inc -I../Drivers/STM32F4xx_HAL_Driver/Inc -I../Drivers/STM32F4xx_HAL_Driver/Inc/Legacy -I../Drivers/CMSIS/Device/ST/STM32F4xx/Include -I../Drivers/CMSIS/Include -I"C:/Study/STM32/OJ_tube/TEMP_sensor/Core/Lib/Inc" -O0 -ffunction-sections -fdata-sections -Wall -fstack-usage -fcyclomatic-complexity -MMD -MP -MF"Core/Src/stm32f4xx_it.d" -MT"Core/Src/stm32f4xx_it.o" --specs=nano.specs -mfpu=fpv4-sp-d16 -mfloat-abi=hard -mthumb -o "Core/Src/stm32f4xx_it.o"
arm-none-eabi-gcc -o "TEMP_sensor.elf" @"objects.list"   -mcpu=cortex-m4 -T"C:\Study\STM32\OJ_tube\TEMP_sensor\STM32F446RETX_FLASH.ld" --specs=nosys.specs -Wl,-Map="TEMP_sensor.map" -Wl,--gc-sections -static --specs=nano.specs -mfpu=fpv4-sp-d16 -mfloat-abi=hard -mthumb -Wl,--start-group -lc -lm -Wl,--end-group
Finished building target: TEMP_sensor.elf
 
arm-none-eabi-size  TEMP_sensor.elf 
arm-none-eabi-objdump -h -S TEMP_sensor.elf  > "TEMP_sensor.list"
   text	   data	    bss	    dec	    hex	filename
  13344	     12	   1788	  15144	   3b28	TEMP_sensor.elf
Finished building: default.size.stdout
 
Finished building: TEMP_sensor.list
 
14:05:29 **** Incremental Build of configuration Debug for project TEMP_sensor ****
make -j8 all 
arm-none-eabi-size  TEMP_sensor.elf 
   text	   data	    bss	    dec	    hex	filename
  13344	     12	   1788	  15144	   3b28	TEMP_sensor.elf
Finished building: default.size.stdout
 
14:07:21 **** Incremental Build of configuration Debug for project TEMP_sensor ****
make -j8 all 
arm-none-eabi-gcc "../Core/Src/main.c" -mcpu=cortex-m4 -std=gnu11 -g3 -DDEBUG -DUSE_HAL_DRIVER -DSTM32F446xx -c -I../Core/Inc -I../Drivers/STM32F4xx_HAL_Driver/Inc -I../Drivers/STM32F4xx_HAL_Driver/Inc/Legacy -I../Drivers/CMSIS/Device/ST/STM32F4xx/Include -I../Drivers/CMSIS/Include -I"C:/Study/STM32/OJ_tube/TEMP_sensor/Core/Lib/Inc" -O0 -ffunction-sections -fdata-sections -Wall -fstack-usage -fcyclomatic-complexity -MMD -MP -MF"Core/Src/main.d" -MT"Core/Src/main.o" --specs=nano.specs -mfpu=fpv4-sp-d16 -mfloat-abi=hard -mthumb -o "Core/Src/main.o"
arm-none-eabi-gcc -o "TEMP_sensor.elf" @"objects.list"   -mcpu=cortex-m4 -T"C:\Study\STM32\OJ_tube\TEMP_sensor\STM32F446RETX_FLASH.ld" --specs=nosys.specs -Wl,-Map="TEMP_sensor.map" -Wl,--gc-sections -static --specs=nano.specs -mfpu=fpv4-sp-d16 -mfloat-abi=hard -mthumb -Wl,--start-group -lc -lm -Wl,--end-group
Finished building target: TEMP_sensor.elf
 
arm-none-eabi-size  TEMP_sensor.elf 
arm-none-eabi-objdump -h -S TEMP_sensor.elf  > "TEMP_sensor.list"
   text	   data	    bss	    dec	    hex	filename
  13344	     12	   1788	  15144	   3b28	TEMP_sensor.elf
Finished building: default.size.stdout
 
Finished building: TEMP_sensor.list
 
14:10:16 **** Incremental Build of configuration Debug for project TEMP_sensor ****
make -j8 all 
arm-none-eabi-gcc "../Core/Src/main.c" -mcpu=cortex-m4 -std=gnu11 -g3 -DDEBUG -DUSE_HAL_DRIVER -DSTM32F446xx -c -I../Core/Inc -I../Drivers/STM32F4xx_HAL_Driver/Inc -I../Drivers/STM32F4xx_HAL_Driver/Inc/Legacy -I../Drivers/CMSIS/Device/ST/STM32F4xx/Include -I../Drivers/CMSIS/Include -I"C:/Study/STM32/OJ_tube/TEMP_sensor/Core/Lib/Inc" -O0 -ffunction-sections -fdata-sections -Wall -fstack-usage -fcyclomatic-complexity -MMD -MP -MF"Core/Src/main.d" -MT"Core/Src/main.o" --specs=nano.specs -mfpu=fpv4-sp-d16 -mfloat-abi=hard -mthumb -o "Core/Src/main.o"
../Core/Src/main.c: In function 'main':
../Core/Src/main.c:109:12: warning: unused variable 'last_temp_update' [-Wunused-variable]
  109 |   uint32_t last_temp_update = 0;
      |            ^~~~~~~~~~~~~~~~
arm-none-eabi-gcc -o "TEMP_sensor.elf" @"objects.list"   -mcpu=cortex-m4 -T"C:\Study\STM32\OJ_tube\TEMP_sensor\STM32F446RETX_FLASH.ld" --specs=nosys.specs -Wl,-Map="TEMP_sensor.map" -Wl,--gc-sections -static --specs=nano.specs -mfpu=fpv4-sp-d16 -mfloat-abi=hard -mthumb -Wl,--start-group -lc -lm -Wl,--end-group
Finished building target: TEMP_sensor.elf
 
arm-none-eabi-size  TEMP_sensor.elf 
arm-none-eabi-objdump -h -S TEMP_sensor.elf  > "TEMP_sensor.list"
   text	   data	    bss	    dec	    hex	filename
  13328	     12	   1788	  15128	   3b18	TEMP_sensor.elf
Finished building: default.size.stdout
 
Finished building: TEMP_sensor.list
 
14:13:27 **** Incremental Build of configuration Debug for project TEMP_sensor ****
make -j8 all 
arm-none-eabi-gcc "../Core/Src/main.c" -mcpu=cortex-m4 -std=gnu11 -g3 -DDEBUG -DUSE_HAL_DRIVER -DSTM32F446xx -c -I../Core/Inc -I../Drivers/STM32F4xx_HAL_Driver/Inc -I../Drivers/STM32F4xx_HAL_Driver/Inc/Legacy -I../Drivers/CMSIS/Device/ST/STM32F4xx/Include -I../Drivers/CMSIS/Include -I"C:/Study/STM32/OJ_tube/TEMP_sensor/Core/Lib/Inc" -O0 -ffunction-sections -fdata-sections -Wall -fstack-usage -fcyclomatic-complexity -MMD -MP -MF"Core/Src/main.d" -MT"Core/Src/main.o" --specs=nano.specs -mfpu=fpv4-sp-d16 -mfloat-abi=hard -mthumb -o "Core/Src/main.o"
../Core/Src/main.c: In function 'main':
../Core/Src/main.c:107:3: error: expected expression before '/' token
  107 |   /HAL_TIM_Base_Start_IT(&htim3);
      |   ^
../Core/Src/main.c:109:12: warning: unused variable 'last_temp_update' [-Wunused-variable]
  109 |   uint32_t last_temp_update = 0;
      |            ^~~~~~~~~~~~~~~~
make: *** [Core/Src/subdir.mk:37: Core/Src/main.o] Error 1
"make -j8 all" terminated with exit code 2. Build might be incomplete.
14:13:33 **** Incremental Build of configuration Debug for project TEMP_sensor ****
make -j8 all 
arm-none-eabi-gcc "../Core/Src/main.c" -mcpu=cortex-m4 -std=gnu11 -g3 -DDEBUG -DUSE_HAL_DRIVER -DSTM32F446xx -c -I../Core/Inc -I../Drivers/STM32F4xx_HAL_Driver/Inc -I../Drivers/STM32F4xx_HAL_Driver/Inc/Legacy -I../Drivers/CMSIS/Device/ST/STM32F4xx/Include -I../Drivers/CMSIS/Include -I"C:/Study/STM32/OJ_tube/TEMP_sensor/Core/Lib/Inc" -O0 -ffunction-sections -fdata-sections -Wall -fstack-usage -fcyclomatic-complexity -MMD -MP -MF"Core/Src/main.d" -MT"Core/Src/main.o" --specs=nano.specs -mfpu=fpv4-sp-d16 -mfloat-abi=hard -mthumb -o "Core/Src/main.o"
../Core/Src/main.c: In function 'main':
../Core/Src/main.c:109:12: warning: unused variable 'last_temp_update' [-Wunused-variable]
  109 |   uint32_t last_temp_update = 0;
      |            ^~~~~~~~~~~~~~~~
arm-none-eabi-gcc -o "TEMP_sensor.elf" @"objects.list"   -mcpu=cortex-m4 -T"C:\Study\STM32\OJ_tube\TEMP_sensor\STM32F446RETX_FLASH.ld" --specs=nosys.specs -Wl,-Map="TEMP_sensor.map" -Wl,--gc-sections -static --specs=nano.specs -mfpu=fpv4-sp-d16 -mfloat-abi=hard -mthumb -Wl,--start-group -lc -lm -Wl,--end-group
Finished building target: TEMP_sensor.elf
 
arm-none-eabi-size  TEMP_sensor.elf 
arm-none-eabi-objdump -h -S TEMP_sensor.elf  > "TEMP_sensor.list"
   text	   data	    bss	    dec	    hex	filename
  13092	     12	   1788	  14892	   3a2c	TEMP_sensor.elf
Finished building: default.size.stdout
 
Finished building: TEMP_sensor.list
 
14:22:53 **** Incremental Build of configuration Debug for project TEMP_sensor ****
make -j8 all 
arm-none-eabi-gcc "../Core/Src/main.c" -mcpu=cortex-m4 -std=gnu11 -g3 -DDEBUG -DUSE_HAL_DRIVER -DSTM32F446xx -c -I../Core/Inc -I../Drivers/STM32F4xx_HAL_Driver/Inc -I../Drivers/STM32F4xx_HAL_Driver/Inc/Legacy -I../Drivers/CMSIS/Device/ST/STM32F4xx/Include -I../Drivers/CMSIS/Include -I"C:/Study/STM32/OJ_tube/TEMP_sensor/Core/Lib/Inc" -O0 -ffunction-sections -fdata-sections -Wall -fstack-usage -fcyclomatic-complexity -MMD -MP -MF"Core/Src/main.d" -MT"Core/Src/main.o" --specs=nano.specs -mfpu=fpv4-sp-d16 -mfloat-abi=hard -mthumb -o "Core/Src/main.o"
arm-none-eabi-gcc "../Core/Src/stm32f4xx_hal_msp.c" -mcpu=cortex-m4 -std=gnu11 -g3 -DDEBUG -DUSE_HAL_DRIVER -DSTM32F446xx -c -I../Core/Inc -I../Drivers/STM32F4xx_HAL_Driver/Inc -I../Drivers/STM32F4xx_HAL_Driver/Inc/Legacy -I../Drivers/CMSIS/Device/ST/STM32F4xx/Include -I../Drivers/CMSIS/Include -I"C:/Study/STM32/OJ_tube/TEMP_sensor/Core/Lib/Inc" -O0 -ffunction-sections -fdata-sections -Wall -fstack-usage -fcyclomatic-complexity -MMD -MP -MF"Core/Src/stm32f4xx_hal_msp.d" -MT"Core/Src/stm32f4xx_hal_msp.o" --specs=nano.specs -mfpu=fpv4-sp-d16 -mfloat-abi=hard -mthumb -o "Core/Src/stm32f4xx_hal_msp.o"
arm-none-eabi-gcc "../Core/Src/stm32f4xx_it.c" -mcpu=cortex-m4 -std=gnu11 -g3 -DDEBUG -DUSE_HAL_DRIVER -DSTM32F446xx -c -I../Core/Inc -I../Drivers/STM32F4xx_HAL_Driver/Inc -I../Drivers/STM32F4xx_HAL_Driver/Inc/Legacy -I../Drivers/CMSIS/Device/ST/STM32F4xx/Include -I../Drivers/CMSIS/Include -I"C:/Study/STM32/OJ_tube/TEMP_sensor/Core/Lib/Inc" -O0 -ffunction-sections -fdata-sections -Wall -fstack-usage -fcyclomatic-complexity -MMD -MP -MF"Core/Src/stm32f4xx_it.d" -MT"Core/Src/stm32f4xx_it.o" --specs=nano.specs -mfpu=fpv4-sp-d16 -mfloat-abi=hard -mthumb -o "Core/Src/stm32f4xx_it.o"
arm-none-eabi-gcc -o "TEMP_sensor.elf" @"objects.list"   -mcpu=cortex-m4 -T"C:\Study\STM32\OJ_tube\TEMP_sensor\STM32F446RETX_FLASH.ld" --specs=nosys.specs -Wl,-Map="TEMP_sensor.map" -Wl,--gc-sections -static --specs=nano.specs -mfpu=fpv4-sp-d16 -mfloat-abi=hard -mthumb -Wl,--start-group -lc -lm -Wl,--end-group
Finished building target: TEMP_sensor.elf
 
arm-none-eabi-size  TEMP_sensor.elf 
arm-none-eabi-objdump -h -S TEMP_sensor.elf  > "TEMP_sensor.list"
   text	   data	    bss	    dec	    hex	filename
  12808	     12	   1716	  14536	   38c8	TEMP_sensor.elf
Finished building: default.size.stdout
 
Finished building: TEMP_sensor.list
 
14:23:36 **** Incremental Build of configuration Debug for project TEMP_sensor ****
make -j8 all 
arm-none-eabi-gcc "../Core/Src/main.c" -mcpu=cortex-m4 -std=gnu11 -g3 -DDEBUG -DUSE_HAL_DRIVER -DSTM32F446xx -c -I../Core/Inc -I../Drivers/STM32F4xx_HAL_Driver/Inc -I../Drivers/STM32F4xx_HAL_Driver/Inc/Legacy -I../Drivers/CMSIS/Device/ST/STM32F4xx/Include -I../Drivers/CMSIS/Include -I"C:/Study/STM32/OJ_tube/TEMP_sensor/Core/Lib/Inc" -O0 -ffunction-sections -fdata-sections -Wall -fstack-usage -fcyclomatic-complexity -MMD -MP -MF"Core/Src/main.d" -MT"Core/Src/main.o" --specs=nano.specs -mfpu=fpv4-sp-d16 -mfloat-abi=hard -mthumb -o "Core/Src/main.o"
arm-none-eabi-gcc -o "TEMP_sensor.elf" @"objects.list"   -mcpu=cortex-m4 -T"C:\Study\STM32\OJ_tube\TEMP_sensor\STM32F446RETX_FLASH.ld" --specs=nosys.specs -Wl,-Map="TEMP_sensor.map" -Wl,--gc-sections -static --specs=nano.specs -mfpu=fpv4-sp-d16 -mfloat-abi=hard -mthumb -Wl,--start-group -lc -lm -Wl,--end-group
Finished building target: TEMP_sensor.elf
 
arm-none-eabi-size  TEMP_sensor.elf 
arm-none-eabi-objdump -h -S TEMP_sensor.elf  > "TEMP_sensor.list"
   text	   data	    bss	    dec	    hex	filename
  12816	     12	   1716	  14544	   38d0	TEMP_sensor.elf
Finished building: default.size.stdout
 
Finished building: TEMP_sensor.list
 
16:35:25 **** Incremental Build of configuration Debug for project TEMP_sensor ****
make -j8 all 
arm-none-eabi-gcc "../Core/Src/main.c" -mcpu=cortex-m4 -std=gnu11 -g3 -DDEBUG -DUSE_HAL_DRIVER -DSTM32F446xx -c -I../Core/Inc -I../Drivers/STM32F4xx_HAL_Driver/Inc -I../Drivers/STM32F4xx_HAL_Driver/Inc/Legacy -I../Drivers/CMSIS/Device/ST/STM32F4xx/Include -I../Drivers/CMSIS/Include -I"C:/Study/STM32/OJ_tube/TEMP_sensor/Core/Lib/Inc" -O0 -ffunction-sections -fdata-sections -Wall -fstack-usage -fcyclomatic-complexity -MMD -MP -MF"Core/Src/main.d" -MT"Core/Src/main.o" --specs=nano.specs -mfpu=fpv4-sp-d16 -mfloat-abi=hard -mthumb -o "Core/Src/main.o"
arm-none-eabi-gcc "../Core/Lib/Src/ds18b20.c" -mcpu=cortex-m4 -std=gnu11 -g3 -DDEBUG -DUSE_HAL_DRIVER -DSTM32F446xx -c -I../Core/Inc -I../Drivers/STM32F4xx_HAL_Driver/Inc -I../Drivers/STM32F4xx_HAL_Driver/Inc/Legacy -I../Drivers/CMSIS/Device/ST/STM32F4xx/Include -I../Drivers/CMSIS/Include -I"C:/Study/STM32/OJ_tube/TEMP_sensor/Core/Lib/Inc" -O0 -ffunction-sections -fdata-sections -Wall -fstack-usage -fcyclomatic-complexity -MMD -MP -MF"Core/Lib/Src/ds18b20.d" -MT"Core/Lib/Src/ds18b20.o" --specs=nano.specs -mfpu=fpv4-sp-d16 -mfloat-abi=hard -mthumb -o "Core/Lib/Src/ds18b20.o"
arm-none-eabi-gcc "../Core/Lib/Src/onewire.c" -mcpu=cortex-m4 -std=gnu11 -g3 -DDEBUG -DUSE_HAL_DRIVER -DSTM32F446xx -c -I../Core/Inc -I../Drivers/STM32F4xx_HAL_Driver/Inc -I../Drivers/STM32F4xx_HAL_Driver/Inc/Legacy -I../Drivers/CMSIS/Device/ST/STM32F4xx/Include -I../Drivers/CMSIS/Include -I"C:/Study/STM32/OJ_tube/TEMP_sensor/Core/Lib/Inc" -O0 -ffunction-sections -fdata-sections -Wall -fstack-usage -fcyclomatic-complexity -MMD -MP -MF"Core/Lib/Src/onewire.d" -MT"Core/Lib/Src/onewire.o" --specs=nano.specs -mfpu=fpv4-sp-d16 -mfloat-abi=hard -mthumb -o "Core/Lib/Src/onewire.o"
arm-none-eabi-gcc -o "TEMP_sensor.elf" @"objects.list"   -mcpu=cortex-m4 -T"C:\Study\STM32\OJ_tube\TEMP_sensor\STM32F446RETX_FLASH.ld" --specs=nosys.specs -Wl,-Map="TEMP_sensor.map" -Wl,--gc-sections -static --specs=nano.specs -mfpu=fpv4-sp-d16 -mfloat-abi=hard -mthumb -Wl,--start-group -lc -lm -Wl,--end-group
Finished building target: TEMP_sensor.elf
 
arm-none-eabi-size  TEMP_sensor.elf 
arm-none-eabi-objdump -h -S TEMP_sensor.elf  > "TEMP_sensor.list"
   text	   data	    bss	    dec	    hex	filename
  12816	     12	   1716	  14544	   38d0	TEMP_sensor.elf
Finished building: default.size.stdout
 
Finished building: TEMP_sensor.list
 
16:42:43 **** Incremental Build of configuration Debug for project TEMP_sensor ****
make -j8 all 
arm-none-eabi-size  TEMP_sensor.elf 
   text	   data	    bss	    dec	    hex	filename
  12816	     12	   1716	  14544	   38d0	TEMP_sensor.elf
Finished building: default.size.stdout
 
